RecordID,MeterID,Timestamp,Consumption
1,201,2023-10-01 00:00:00,7.34
2,201,2023-10-01 08:00:00,4.96
3,201,2023-10-01 16:00:00,6.34
4,201,2023-10-02 00:00:00,7.61
5,201,2023-10-02 08:00:00,9.29
6,201,2023-10-02 16:00:00,6.74
7,201,2023-10-03 00:00:00,8.66
8,201,2023-10-03 08:00:00,3.68
9,201,2023-10-03 16:00:00,5.19
10,201,2023-10-04 00:00:00,3.18
11,201,2023-10-04 08:00:00,6.28
12,201,2023-10-04 16:00:00,9.53
13,201,2023-10-05 00:00:00,7.92
14,201,2023-10-05 08:00:00,8.62
15,201,2023-10-05 16:00:00,6.5
16,201,2023-10-06 00:00:00,6.78
17,201,2023-10-06 08:00:00,4.25
18,201,2023-10-06 16:00:00,7.35
19,201,2023-10-07 00:00:00,9.14
20,201,2023-10-07 08:00:00,7.86
21,201,2023-10-07 16:00:00,1.2
22,201,2023-10-08 00:00:00,5.72
23,201,2023-10-08 08:00:00,9.37
24,201,2023-10-08 16:00:00,6.24
25,201,2023-10-09 00:00:00,6.38
26,201,2023-10-09 08:00:00,1.42
27,201,2023-10-09 16:00:00,8.22
28,201,2023-10-10 00:00:00,1.85
29,201,2023-10-10 08:00:00,1.08
30,201,2023-10-10 16:00:00,5.63
31,201,2023-10-11 00:00:00,7.08
32,201,2023-10-11 08:00:00,4.9
33,201,2023-10-11 16:00:00,6.66
34,201,2023-10-12 00:00:00,5.2
35,201,2023-10-12 08:00:00,2.69
36,201,2023-10-12 16:00:00,6.57
37,201,2023-10-13 00:00:00,8.22
38,201,2023-10-13 08:00:00,7.6
39,201,2023-10-13 16:00:00,5.32
40,201,2023-10-14 00:00:00,9.95
41,201,2023-10-14 08:00:00,9.81
42,201,2023-10-14 16:00:00,0.76
43,201,2023-10-15 00:00:00,9.72
44,201,2023-10-15 08:00:00,6.45
45,201,2023-10-15 16:00:00,4.33
46,201,2023-10-16 00:00:00,4.91
47,201,2023-10-16 08:00:00,4.14
48,201,2023-10-16 16:00:00,0.75
49,201,2023-10-17 00:00:00,9.81
50,201,2023-10-17 08:00:00,1.46
51,201,2023-10-17 16:00:00,7.26
52,201,2023-10-18 00:00:00,8.61
53,201,2023-10-18 08:00:00,8.8
54,201,2023-10-18 16:00:00,6.28
55,201,2023-10-19 00:00:00,2.18
56,201,2023-10-19 08:00:00,5.82
57,201,2023-10-19 16:00:00,6.36
58,201,2023-10-20 00:00:00,0.57
59,201,2023-10-20 08:00:00,7.82
60,201,2023-10-20 16:00:00,8.22
61,201,2023-10-21 00:00:00,5.31
62,201,2023-10-21 08:00:00,5.69
63,201,2023-10-21 16:00:00,5.06
64,201,2023-10-22 00:00:00,7.55
65,201,2023-10-22 08:00:00,3.87
66,201,2023-10-22 16:00:00,2.16
67,201,2023-10-23 00:00:00,0.74
68,201,2023-10-23 08:00:00,6.66
69,201,2023-10-23 16:00:00,6.81
70,201,2023-10-24 00:00:00,8.14
71,201,2023-10-24 08:00:00,2.67
72,201,2023-10-24 16:00:00,6.1
73,201,2023-10-25 00:00:00,5.86
74,201,2023-10-25 08:00:00,2.64
75,201,2023-10-25 16:00:00,8.72
76,201,2023-10-26 00:00:00,5.27
77,201,2023-10-26 08:00:00,8.81
78,201,2023-10-26 16:00:00,8.4
79,201,2023-10-27 00:00:00,9.56
80,201,2023-10-27 08:00:00,4.8
81,201,2023-10-27 16:00:00,9.78
82,201,2023-10-28 00:00:00,2.34
83,201,2023-10-28 08:00:00,4.83
84,201,2023-10-28 16:00:00,4.5
85,201,2023-10-29 00:00:00,5.73
86,201,2023-10-29 08:00:00,9.61
87,201,2023-10-29 16:00:00,3.2
88,201,2023-10-30 00:00:00,3.39
89,201,2023-10-30 08:00:00,0.57
90,201,2023-10-30 16:00:00,8.52
91,201,2023-10-31 00:00:00,5.0
92,201,2023-10-31 08:00:00,4.34
93,201,2023-10-31 16:00:00,2.78
94,201,2023-11-01 00:00:00,3.06
95,201,2023-11-01 08:00:00,6.72
96,201,2023-11-01 16:00:00,3.04
97,201,2023-11-02 00:00:00,8.45
98,201,2023-11-02 08:00:00,9.7
99,201,2023-11-02 16:00:00,7.33
100,201,2023-11-03 00:00:00,4.47
101,201,2023-11-03 08:00:00,0.65
102,201,2023-11-03 16:00:00,1.69
103,201,2023-11-04 00:00:00,6.68
104,201,2023-11-04 08:00:00,4.99
105,201,2023-11-04 16:00:00,0.9
106,201,2023-11-05 00:00:00,4.74
107,201,2023-11-05 08:00:00,6.46
108,201,2023-11-05 16:00:00,5.2
109,201,2023-11-06 00:00:00,1.96
110,201,2023-11-06 08:00:00,5.1
111,201,2023-11-06 16:00:00,2.46
112,201,2023-11-07 00:00:00,2.35
113,201,2023-11-07 08:00:00,3.1
114,201,2023-11-07 16:00:00,1.83
115,201,2023-11-08 00:00:00,6.65
116,201,2023-11-08 08:00:00,6.2
117,201,2023-11-08 16:00:00,9.49
118,201,2023-11-09 00:00:00,2.63
119,201,2023-11-09 08:00:00,3.15
120,201,2023-11-09 16:00:00,9.93
121,201,2023-11-10 00:00:00,2.71
122,201,2023-11-10 08:00:00,7.02
123,201,2023-11-10 16:00:00,4.8
124,201,2023-11-11 00:00:00,4.64
125,201,2023-11-11 08:00:00,3.14
126,201,2023-11-11 16:00:00,8.46
127,201,2023-11-12 00:00:00,5.68
128,201,2023-11-12 08:00:00,4.83
129,201,2023-11-12 16:00:00,6.94
130,201,2023-11-13 00:00:00,3.82
131,201,2023-11-13 08:00:00,5.05
132,201,2023-11-13 16:00:00,8.18
133,201,2023-11-14 00:00:00,7.06
134,201,2023-11-14 08:00:00,9.68
135,201,2023-11-14 16:00:00,9.29
136,201,2023-11-15 00:00:00,4.2
137,201,2023-11-15 08:00:00,0.71
138,201,2023-11-15 16:00:00,9.97
139,201,2023-11-16 00:00:00,8.67
140,201,2023-11-16 08:00:00,9.47
141,201,2023-11-16 16:00:00,1.1
142,201,2023-11-17 00:00:00,3.61
143,201,2023-11-17 08:00:00,2.52
144,201,2023-11-17 16:00:00,6.21
145,201,2023-11-18 00:00:00,8.35
146,201,2023-11-18 08:00:00,5.2
147,201,2023-11-18 16:00:00,6.89
148,201,2023-11-19 00:00:00,1.93
149,201,2023-11-19 08:00:00,4.87
150,201,2023-11-19 16:00:00,2.88
151,201,2023-11-20 00:00:00,7.05
152,201,2023-11-20 08:00:00,5.31
153,201,2023-11-20 16:00:00,6.73
154,201,2023-11-21 00:00:00,4.89
155,201,2023-11-21 08:00:00,5.67
156,201,2023-11-21 16:00:00,1.07
157,201,2023-11-22 00:00:00,7.24
158,201,2023-11-22 08:00:00,0.94
159,201,2023-11-22 16:00:00,9.91
160,201,2023-11-23 00:00:00,2.52
161,201,2023-11-23 08:00:00,1.5
162,201,2023-11-23 16:00:00,2.24
163,201,2023-11-24 00:00:00,7.63
164,201,2023-11-24 08:00:00,4.59
165,201,2023-11-24 16:00:00,9.85
166,201,2023-11-25 00:00:00,8.04
167,201,2023-11-25 08:00:00,3.93
168,201,2023-11-25 16:00:00,3.45
169,201,2023-11-26 00:00:00,3.21
170,201,2023-11-26 08:00:00,5.76
171,201,2023-11-26 16:00:00,9.51
172,201,2023-11-27 00:00:00,0.54
173,201,2023-11-27 08:00:00,7.91
174,201,2023-11-27 16:00:00,5.99
175,201,2023-11-28 00:00:00,7.36
176,201,2023-11-28 08:00:00,9.28
177,201,2023-11-28 16:00:00,8.99
178,201,2023-11-29 00:00:00,6.56
179,201,2023-11-29 08:00:00,1.38
180,201,2023-11-29 16:00:00,1.81
181,201,2023-11-30 00:00:00,8.75
182,201,2023-11-30 08:00:00,0.6
183,201,2023-11-30 16:00:00,4.96
184,202,2023-10-01 00:00:00,3.84
185,202,2023-10-01 08:00:00,8.83
186,202,2023-10-01 16:00:00,2.6
187,202,2023-10-02 00:00:00,1.79
188,202,2023-10-02 08:00:00,6.14
189,202,2023-10-02 16:00:00,7.97
190,202,2023-10-03 00:00:00,9.68
191,202,2023-10-03 08:00:00,8.6
192,202,2023-10-03 16:00:00,3.58
193,202,2023-10-04 00:00:00,2.07
194,202,2023-10-04 08:00:00,2.89
195,202,2023-10-04 16:00:00,8.34
196,202,2023-10-05 00:00:00,7.27
197,202,2023-10-05 08:00:00,4.92
198,202,2023-10-05 16:00:00,8.73
199,202,2023-10-06 00:00:00,9.83
200,202,2023-10-06 08:00:00,5.57
201,202,2023-10-06 16:00:00,2.46
202,202,2023-10-07 00:00:00,9.38
203,202,2023-10-07 08:00:00,5.73
204,202,2023-10-07 16:00:00,1.88
205,202,2023-10-08 00:00:00,8.4
206,202,2023-10-08 08:00:00,2.49
207,202,2023-10-08 16:00:00,8.11
208,202,2023-10-09 00:00:00,8.45
209,202,2023-10-09 08:00:00,8.32
210,202,2023-10-09 16:00:00,0.98
211,202,2023-10-10 00:00:00,2.54
212,202,2023-10-10 08:00:00,4.24
213,202,2023-10-10 16:00:00,2.96
214,202,2023-10-11 00:00:00,5.53
215,202,2023-10-11 08:00:00,6.39
216,202,2023-10-11 16:00:00,2.86
217,202,2023-10-12 00:00:00,8.11
218,202,2023-10-12 08:00:00,8.88
219,202,2023-10-12 16:00:00,7.5
220,202,2023-10-13 00:00:00,2.03
221,202,2023-10-13 08:00:00,3.26
222,202,2023-10-13 16:00:00,5.42
223,202,2023-10-14 00:00:00,7.54
224,202,2023-10-14 08:00:00,0.75
225,202,2023-10-14 16:00:00,1.99
226,202,2023-10-15 00:00:00,6.75
227,202,2023-10-15 08:00:00,4.89
228,202,2023-10-15 16:00:00,4.85
229,202,2023-10-16 00:00:00,2.11
230,202,2023-10-16 08:00:00,7.79
231,202,2023-10-16 16:00:00,6.81
232,202,2023-10-17 00:00:00,7.29
233,202,2023-10-17 08:00:00,9.65
234,202,2023-10-17 16:00:00,1.36
235,202,2023-10-18 00:00:00,5.3
236,202,2023-10-18 08:00:00,1.82
237,202,2023-10-18 16:00:00,0.85
238,202,2023-10-19 00:00:00,1.95
239,202,2023-10-19 08:00:00,4.65
240,202,2023-10-19 16:00:00,9.25
241,202,2023-10-20 00:00:00,8.51
242,202,2023-10-20 08:00:00,5.32
243,202,2023-10-20 16:00:00,4.64
244,202,2023-10-21 00:00:00,6.05
245,202,2023-10-21 08:00:00,8.69
246,202,2023-10-21 16:00:00,4.05
247,202,2023-10-22 00:00:00,3.59
248,202,2023-10-22 08:00:00,7.54
249,202,2023-10-22 16:00:00,4.08
250,202,2023-10-23 00:00:00,1.24
251,202,2023-10-23 08:00:00,6.47
252,202,2023-10-23 16:00:00,9.12
253,202,2023-10-24 00:00:00,1.9
254,202,2023-10-24 08:00:00,9.1
255,202,2023-10-24 16:00:00,1.46
256,202,2023-10-25 00:00:00,4.38
257,202,2023-10-25 08:00:00,7.48
258,202,2023-10-25 16:00:00,6.3
259,202,2023-10-26 00:00:00,1.24
260,202,2023-10-26 08:00:00,2.84
261,202,2023-10-26 16:00:00,2.58
262,202,2023-10-27 00:00:00,7.73
263,202,2023-10-27 08:00:00,3.97
264,202,2023-10-27 16:00:00,6.6
265,202,2023-10-28 00:00:00,8.53
266,202,2023-10-28 08:00:00,8.21
267,202,2023-10-28 16:00:00,6.01
268,202,2023-10-29 00:00:00,6.33
269,202,2023-10-29 08:00:00,7.61
270,202,2023-10-29 16:00:00,9.08
271,202,2023-10-30 00:00:00,4.39
272,202,2023-10-30 08:00:00,1.69
273,202,2023-10-30 16:00:00,7.25
274,202,2023-10-31 00:00:00,8.96
275,202,2023-10-31 08:00:00,5.73
276,202,2023-10-31 16:00:00,6.53
277,202,2023-11-01 00:00:00,7.29
278,202,2023-11-01 08:00:00,4.46
279,202,2023-11-01 16:00:00,3.18
280,202,2023-11-02 00:00:00,7.53
281,202,2023-11-02 08:00:00,8.5
282,202,2023-11-02 16:00:00,6.98
283,202,2023-11-03 00:00:00,3.12
284,202,2023-11-03 08:00:00,6.47
285,202,2023-11-03 16:00:00,1.69
286,202,2023-11-04 00:00:00,3.11
287,202,2023-11-04 08:00:00,7.83
288,202,2023-11-04 16:00:00,9.1
289,202,2023-11-05 00:00:00,3.41
290,202,2023-11-05 08:00:00,1.73
291,202,2023-11-05 16:00:00,8.77
292,202,2023-11-06 00:00:00,1.68
293,202,2023-11-06 08:00:00,3.35
294,202,2023-11-06 16:00:00,5.29
295,202,2023-11-07 00:00:00,8.99
296,202,2023-11-07 08:00:00,6.81
297,202,2023-11-07 16:00:00,6.58
298,202,2023-11-08 00:00:00,5.09
299,202,2023-11-08 08:00:00,7.07
300,202,2023-11-08 16:00:00,6.99
301,202,2023-11-09 00:00:00,8.43
302,202,2023-11-09 08:00:00,4.87
303,202,2023-11-09 16:00:00,5.91
304,202,2023-11-10 00:00:00,4.94
305,202,2023-11-10 08:00:00,8.6
306,202,2023-11-10 16:00:00,3.46
307,202,2023-11-11 00:00:00,9.32
308,202,2023-11-11 08:00:00,1.26
309,202,2023-11-11 16:00:00,9.15
310,202,2023-11-12 00:00:00,2.61
311,202,2023-11-12 08:00:00,9.06
312,202,2023-11-12 16:00:00,7.16
313,202,2023-11-13 00:00:00,4.73
314,202,2023-11-13 08:00:00,9.47
315,202,2023-11-13 16:00:00,7.89
316,202,2023-11-14 00:00:00,5.19
317,202,2023-11-14 08:00:00,2.75
318,202,2023-11-14 16:00:00,8.99
319,202,2023-11-15 00:00:00,9.05
320,202,2023-11-15 08:00:00,3.93
321,202,2023-11-15 16:00:00,8.78
322,202,2023-11-16 00:00:00,3.44
323,202,2023-11-16 08:00:00,3.66
324,202,2023-11-16 16:00:00,0.71
325,202,2023-11-17 00:00:00,2.27
326,202,2023-11-17 08:00:00,7.57
327,202,2023-11-17 16:00:00,4.81
328,202,2023-11-18 00:00:00,8.32
329,202,2023-11-18 08:00:00,5.76
330,202,2023-11-18 16:00:00,7.23
331,202,2023-11-19 00:00:00,4.88
332,202,2023-11-19 08:00:00,8.7
333,202,2023-11-19 16:00:00,4.7
334,202,2023-11-20 00:00:00,7.31
335,202,2023-11-20 08:00:00,0.8
336,202,2023-11-20 16:00:00,7.58
337,202,2023-11-21 00:00:00,7.77
338,202,2023-11-21 08:00:00,7.04
339,202,2023-11-21 16:00:00,5.3
340,202,2023-11-22 00:00:00,2.89
341,202,2023-11-22 08:00:00,3.57
342,202,2023-11-22 16:00:00,8.08
343,202,2023-11-23 00:00:00,3.29
344,202,2023-11-23 08:00:00,7.13
345,202,2023-11-23 16:00:00,6.82
346,202,2023-11-24 00:00:00,5.75
347,202,2023-11-24 08:00:00,5.52
348,202,2023-11-24 16:00:00,5.77
349,202,2023-11-25 00:00:00,8.42
350,202,2023-11-25 08:00:00,1.34
351,202,2023-11-25 16:00:00,1.64
352,202,2023-11-26 00:00:00,2.55
353,202,2023-11-26 08:00:00,7.7
354,202,2023-11-26 16:00:00,0.99
355,202,2023-11-27 00:00:00,4.88
356,202,2023-11-27 08:00:00,0.85
357,202,2023-11-27 16:00:00,5.67
358,202,2023-11-28 00:00:00,9.46
359,202,2023-11-28 08:00:00,3.47
360,202,2023-11-28 16:00:00,1.82
361,202,2023-11-29 00:00:00,7.63
362,202,2023-11-29 08:00:00,4.91
363,202,2023-11-29 16:00:00,4.75
364,202,2023-11-30 00:00:00,4.65
365,202,2023-11-30 08:00:00,8.98
366,202,2023-11-30 16:00:00,1.39
367,203,2023-10-01 00:00:00,6.07
368,203,2023-10-01 08:00:00,2.75
369,203,2023-10-01 16:00:00,9.6
370,203,2023-10-02 00:00:00,2.34
371,203,2023-10-02 08:00:00,6.92
372,203,2023-10-02 16:00:00,1.73
373,203,2023-10-03 00:00:00,6.67
374,203,2023-10-03 08:00:00,7.47
375,203,2023-10-03 16:00:00,6.09
376,203,2023-10-04 00:00:00,0.52
377,203,2023-10-04 08:00:00,2.51
378,203,2023-10-04 16:00:00,4.23
379,203,2023-10-05 00:00:00,3.81
380,203,2023-10-05 08:00:00,6.78
381,203,2023-10-05 16:00:00,7.46
382,203,2023-10-06 00:00:00,4.02
383,203,2023-10-06 08:00:00,5.18
384,203,2023-10-06 16:00:00,2.64
385,203,2023-10-07 00:00:00,4.88
386,203,2023-10-07 08:00:00,2.55
387,203,2023-10-07 16:00:00,2.11
388,203,2023-10-08 00:00:00,9.49
389,203,2023-10-08 08:00:00,4.98
390,203,2023-10-08 16:00:00,9.77
391,203,2023-10-09 00:00:00,3.2
392,203,2023-10-09 08:00:00,1.83
393,203,2023-10-09 16:00:00,0.69
394,203,2023-10-10 00:00:00,6.38
395,203,2023-10-10 08:00:00,5.25
396,203,2023-10-10 16:00:00,9.25
397,203,2023-10-11 00:00:00,8.19
398,203,2023-10-11 08:00:00,5.13
399,203,2023-10-11 16:00:00,2.68
400,203,2023-10-12 00:00:00,5.51
401,203,2023-10-12 08:00:00,7.52
402,203,2023-10-12 16:00:00,4.22
403,203,2023-10-13 00:00:00,1.57
404,203,2023-10-13 08:00:00,6.11
405,203,2023-10-13 16:00:00,5.8
406,203,2023-10-14 00:00:00,5.66
407,203,2023-10-14 08:00:00,3.71
408,203,2023-10-14 16:00:00,2.45
409,203,2023-10-15 00:00:00,5.75
410,203,2023-10-15 08:00:00,9.97
411,203,2023-10-15 16:00:00,1.79
412,203,2023-10-16 00:00:00,7.32
413,203,2023-10-16 08:00:00,4.66
414,203,2023-10-16 16:00:00,8.09
415,203,2023-10-17 00:00:00,9.05
416,203,2023-10-17 08:00:00,1.83
417,203,2023-10-17 16:00:00,3.69
418,203,2023-10-18 00:00:00,6.91
419,203,2023-10-18 08:00:00,4.7
420,203,2023-10-18 16:00:00,0.81
421,203,2023-10-19 00:00:00,7.74
422,203,2023-10-19 08:00:00,2.78
423,203,2023-10-19 16:00:00,6.28
424,203,2023-10-20 00:00:00,2.79
425,203,2023-10-20 08:00:00,7.08
426,203,2023-10-20 16:00:00,6.84
427,203,2023-10-21 00:00:00,9.47
428,203,2023-10-21 08:00:00,7.52
429,203,2023-10-21 16:00:00,5.77
430,203,2023-10-22 00:00:00,6.56
431,203,2023-10-22 08:00:00,1.54
432,203,2023-10-22 16:00:00,3.89
433,203,2023-10-23 00:00:00,0.74
434,203,2023-10-23 08:00:00,8.34
435,203,2023-10-23 16:00:00,2.98
436,203,2023-10-24 00:00:00,4.58
437,203,2023-10-24 08:00:00,6.19
438,203,2023-10-24 16:00:00,8.62
439,203,2023-10-25 00:00:00,5.36
440,203,2023-10-25 08:00:00,0.76
441,203,2023-10-25 16:00:00,3.43
442,203,2023-10-26 00:00:00,1.05
443,203,2023-10-26 08:00:00,0.81
444,203,2023-10-26 16:00:00,9.93
445,203,2023-10-27 00:00:00,7.57
446,203,2023-10-27 08:00:00,6.27
447,203,2023-10-27 16:00:00,2.36
448,203,2023-10-28 00:00:00,0.9
449,203,2023-10-28 08:00:00,6.52
450,203,2023-10-28 16:00:00,2.75
451,203,2023-10-29 00:00:00,0.91
452,203,2023-10-29 08:00:00,5.95
453,203,2023-10-29 16:00:00,7.32
454,203,2023-10-30 00:00:00,5.28
455,203,2023-10-30 08:00:00,7.03
456,203,2023-10-30 16:00:00,1.9
457,203,2023-10-31 00:00:00,5.18
458,203,2023-10-31 08:00:00,8.7
459,203,2023-10-31 16:00:00,8.74
460,203,2023-11-01 00:00:00,0.86
461,203,2023-11-01 08:00:00,5.75
462,203,2023-11-01 16:00:00,3.31
463,203,2023-11-02 00:00:00,7.97
464,203,2023-11-02 08:00:00,0.55
465,203,2023-11-02 16:00:00,8.99
466,203,2023-11-03 00:00:00,4.59
467,203,2023-11-03 08:00:00,9.04
468,203,2023-11-03 16:00:00,5.8
469,203,2023-11-04 00:00:00,1.43
470,203,2023-11-04 08:00:00,8.82
471,203,2023-11-04 16:00:00,2.28
472,203,2023-11-05 00:00:00,4.71
473,203,2023-11-05 08:00:00,7.28
474,203,2023-11-05 16:00:00,2.67
475,203,2023-11-06 00:00:00,2.09
476,203,2023-11-06 08:00:00,1.58
477,203,2023-11-06 16:00:00,3.36
478,203,2023-11-07 00:00:00,7.28
479,203,2023-11-07 08:00:00,1.36
480,203,2023-11-07 16:00:00,2.4
481,203,2023-11-08 00:00:00,3.19
482,203,2023-11-08 08:00:00,2.29
483,203,2023-11-08 16:00:00,6.62
484,203,2023-11-09 00:00:00,1.33
485,203,2023-11-09 08:00:00,4.2
486,203,2023-11-09 16:00:00,1.53
487,203,2023-11-10 00:00:00,6.9
488,203,2023-11-10 08:00:00,7.52
489,203,2023-11-10 16:00:00,5.46
490,203,2023-11-11 00:00:00,7.01
491,203,2023-11-11 08:00:00,4.92
492,203,2023-11-11 16:00:00,3.66
493,203,2023-11-12 00:00:00,8.85
494,203,2023-11-12 08:00:00,4.33
495,203,2023-11-12 16:00:00,4.37
496,203,2023-11-13 00:00:00,6.36
497,203,2023-11-13 08:00:00,6.23
498,203,2023-11-13 16:00:00,2.53
499,203,2023-11-14 00:00:00,6.33
500,203,2023-11-14 08:00:00,6.04
501,203,2023-11-14 16:00:00,4.36
502,203,2023-11-15 00:00:00,0.67
503,203,2023-11-15 08:00:00,7.66
504,203,2023-11-15 16:00:00,8.57
505,203,2023-11-16 00:00:00,3.85
506,203,2023-11-16 08:00:00,4.63
507,203,2023-11-16 16:00:00,8.05
508,203,2023-11-17 00:00:00,4.71
509,203,2023-11-17 08:00:00,7.51
510,203,2023-11-17 16:00:00,7.68
511,203,2023-11-18 00:00:00,7.79
512,203,2023-11-18 08:00:00,7.92
513,203,2023-11-18 16:00:00,6.41
514,203,2023-11-19 00:00:00,9.27
515,203,2023-11-19 08:00:00,6.98
516,203,2023-11-19 16:00:00,0.72
517,203,2023-11-20 00:00:00,1.5
518,203,2023-11-20 08:00:00,6.02
519,203,2023-11-20 16:00:00,4.51
520,203,2023-11-21 00:00:00,1.06
521,203,2023-11-21 08:00:00,0.79
522,203,2023-11-21 16:00:00,8.91
523,203,2023-11-22 00:00:00,2.72
524,203,2023-11-22 08:00:00,3.39
525,203,2023-11-22 16:00:00,7.31
526,203,2023-11-23 00:00:00,5.4
527,203,2023-11-23 08:00:00,7.39
528,203,2023-11-23 16:00:00,1.17
529,203,2023-11-24 00:00:00,8.39
530,203,2023-11-24 08:00:00,1.34
531,203,2023-11-24 16:00:00,5.46
532,203,2023-11-25 00:00:00,1.41
533,203,2023-11-25 08:00:00,4.27
534,203,2023-11-25 16:00:00,2.28
535,203,2023-11-26 00:00:00,4.08
536,203,2023-11-26 08:00:00,2.81
537,203,2023-11-26 16:00:00,3.57
538,203,2023-11-27 00:00:00,3.04
539,203,2023-11-27 08:00:00,8.66
540,203,2023-11-27 16:00:00,6.36
541,203,2023-11-28 00:00:00,1.74
542,203,2023-11-28 08:00:00,9.02
543,203,2023-11-28 16:00:00,1.35
544,203,2023-11-29 00:00:00,7.25
545,203,2023-11-29 08:00:00,8.94
546,203,2023-11-29 16:00:00,1.89
547,203,2023-11-30 00:00:00,8.53
548,203,2023-11-30 08:00:00,0.97
549,203,2023-11-30 16:00:00,6.79
550,204,2023-10-01 00:00:00,1.37
551,204,2023-10-01 08:00:00,4.24
552,204,2023-10-01 16:00:00,6.98
553,204,2023-10-02 00:00:00,5.52
554,204,2023-10-02 08:00:00,4.04
555,204,2023-10-02 16:00:00,5.07
556,204,2023-10-03 00:00:00,8.95
557,204,2023-10-03 08:00:00,0.84
558,204,2023-10-03 16:00:00,3.5
559,204,2023-10-04 00:00:00,3.47
560,204,2023-10-04 08:00:00,1.91
561,204,2023-10-04 16:00:00,4.44
562,204,2023-10-05 00:00:00,9.2
563,204,2023-10-05 08:00:00,3.93
564,204,2023-10-05 16:00:00,2.0
565,204,2023-10-06 00:00:00,3.56
566,204,2023-10-06 08:00:00,4.84
567,204,2023-10-06 16:00:00,6.09
568,204,2023-10-07 00:00:00,7.92
569,204,2023-10-07 08:00:00,8.18
570,204,2023-10-07 16:00:00,4.38
571,204,2023-10-08 00:00:00,5.64
572,204,2023-10-08 08:00:00,4.64
573,204,2023-10-08 16:00:00,5.51
574,204,2023-10-09 00:00:00,2.18
575,204,2023-10-09 08:00:00,9.01
576,204,2023-10-09 16:00:00,9.27
577,204,2023-10-10 00:00:00,8.13
578,204,2023-10-10 08:00:00,9.6
579,204,2023-10-10 16:00:00,8.99
580,204,2023-10-11 00:00:00,2.2
581,204,2023-10-11 08:00:00,8.22
582,204,2023-10-11 16:00:00,0.98
583,204,2023-10-12 00:00:00,1.49
584,204,2023-10-12 08:00:00,7.32
585,204,2023-10-12 16:00:00,2.69
586,204,2023-10-13 00:00:00,5.68
587,204,2023-10-13 08:00:00,3.6
588,204,2023-10-13 16:00:00,3.54
589,204,2023-10-14 00:00:00,5.88
590,204,2023-10-14 08:00:00,1.35
591,204,2023-10-14 16:00:00,6.78
592,204,2023-10-15 00:00:00,0.93
593,204,2023-10-15 08:00:00,9.46
594,204,2023-10-15 16:00:00,6.18
595,204,2023-10-16 00:00:00,5.65
596,204,2023-10-16 08:00:00,6.84
597,204,2023-10-16 16:00:00,7.28
598,204,2023-10-17 00:00:00,4.79
599,204,2023-10-17 08:00:00,2.9
600,204,2023-10-17 16:00:00,2.67
601,204,2023-10-18 00:00:00,3.92
602,204,2023-10-18 08:00:00,8.83
603,204,2023-10-18 16:00:00,4.69
604,204,2023-10-19 00:00:00,2.29
605,204,2023-10-19 08:00:00,8.71
606,204,2023-10-19 16:00:00,8.92
607,204,2023-10-20 00:00:00,5.07
608,204,2023-10-20 08:00:00,8.83
609,204,2023-10-20 16:00:00,3.9
610,204,2023-10-21 00:00:00,3.96
611,204,2023-10-21 08:00:00,3.95
612,204,2023-10-21 16:00:00,4.11
613,204,2023-10-22 00:00:00,9.93
614,204,2023-10-22 08:00:00,3.64
615,204,2023-10-22 16:00:00,0.64
616,204,2023-10-23 00:00:00,7.34
617,204,2023-10-23 08:00:00,1.49
618,204,2023-10-23 16:00:00,9.84
619,204,2023-10-24 00:00:00,0.97
620,204,2023-10-24 08:00:00,7.03
621,204,2023-10-24 16:00:00,0.57
622,204,2023-10-25 00:00:00,8.85
623,204,2023-10-25 08:00:00,9.13
624,204,2023-10-25 16:00:00,9.83
625,204,2023-10-26 00:00:00,4.95
626,204,2023-10-26 08:00:00,2.93
627,204,2023-10-26 16:00:00,3.19
628,204,2023-10-27 00:00:00,8.04
629,204,2023-10-27 08:00:00,6.59
630,204,2023-10-27 16:00:00,4.53
631,204,2023-10-28 00:00:00,3.36
632,204,2023-10-28 08:00:00,9.96
633,204,2023-10-28 16:00:00,8.69
634,204,2023-10-29 00:00:00,6.84
635,204,2023-10-29 08:00:00,4.33
636,204,2023-10-29 16:00:00,6.44
637,204,2023-10-30 00:00:00,4.22
638,204,2023-10-30 08:00:00,6.09
639,204,2023-10-30 16:00:00,9.92
640,204,2023-10-31 00:00:00,9.56
641,204,2023-10-31 08:00:00,6.21
642,204,2023-10-31 16:00:00,3.08
643,204,2023-11-01 00:00:00,6.83
644,204,2023-11-01 08:00:00,4.6
645,204,2023-11-01 16:00:00,7.1
646,204,2023-11-02 00:00:00,1.62
647,204,2023-11-02 08:00:00,2.93
648,204,2023-11-02 16:00:00,1.27
649,204,2023-11-03 00:00:00,9.38
650,204,2023-11-03 08:00:00,2.47
651,204,2023-11-03 16:00:00,6.66
652,204,2023-11-04 00:00:00,9.99
653,204,2023-11-04 08:00:00,1.46
654,204,2023-11-04 16:00:00,3.3
655,204,2023-11-05 00:00:00,3.82
656,204,2023-11-05 08:00:00,7.17
657,204,2023-11-05 16:00:00,6.92
658,204,2023-11-06 00:00:00,9.68
659,204,2023-11-06 08:00:00,0.57
660,204,2023-11-06 16:00:00,7.75
661,204,2023-11-07 00:00:00,2.82
662,204,2023-11-07 08:00:00,9.67
663,204,2023-11-07 16:00:00,3.53
664,204,2023-11-08 00:00:00,0.61
665,204,2023-11-08 08:00:00,7.61
666,204,2023-11-08 16:00:00,8.4
667,204,2023-11-09 00:00:00,7.01
668,204,2023-11-09 08:00:00,4.58
669,204,2023-11-09 16:00:00,0.65
670,204,2023-11-10 00:00:00,5.58
671,204,2023-11-10 08:00:00,5.59
672,204,2023-11-10 16:00:00,6.57
673,204,2023-11-11 00:00:00,7.42
674,204,2023-11-11 08:00:00,9.46
675,204,2023-11-11 16:00:00,5.93
676,204,2023-11-12 00:00:00,5.45
677,204,2023-11-12 08:00:00,9.48
678,204,2023-11-12 16:00:00,2.44
679,204,2023-11-13 00:00:00,7.08
680,204,2023-11-13 08:00:00,9.38
681,204,2023-11-13 16:00:00,0.8
682,204,2023-11-14 00:00:00,4.34
683,204,2023-11-14 08:00:00,3.51
684,204,2023-11-14 16:00:00,3.27
685,204,2023-11-15 00:00:00,5.71
686,204,2023-11-15 08:00:00,1.75
687,204,2023-11-15 16:00:00,2.29
688,204,2023-11-16 00:00:00,1.09
689,204,2023-11-16 08:00:00,5.58
690,204,2023-11-16 16:00:00,10.0
691,204,2023-11-17 00:00:00,0.69
692,204,2023-11-17 08:00:00,3.3
693,204,2023-11-17 16:00:00,8.07
694,204,2023-11-18 00:00:00,2.11
695,204,2023-11-18 08:00:00,2.01
696,204,2023-11-18 16:00:00,9.61
697,204,2023-11-19 00:00:00,0.59
698,204,2023-11-19 08:00:00,8.99
699,204,2023-11-19 16:00:00,9.77
700,204,2023-11-20 00:00:00,0.89
701,204,2023-11-20 08:00:00,4.36
702,204,2023-11-20 16:00:00,1.11
703,204,2023-11-21 00:00:00,1.05
704,204,2023-11-21 08:00:00,2.0
705,204,2023-11-21 16:00:00,3.26
706,204,2023-11-22 00:00:00,6.26
707,204,2023-11-22 08:00:00,3.42
708,204,2023-11-22 16:00:00,4.98
709,204,2023-11-23 00:00:00,4.5
710,204,2023-11-23 08:00:00,2.57
711,204,2023-11-23 16:00:00,9.27
712,204,2023-11-24 00:00:00,0.65
713,204,2023-11-24 08:00:00,9.24
714,204,2023-11-24 16:00:00,4.22
715,204,2023-11-25 00:00:00,8.62
716,204,2023-11-25 08:00:00,9.04
717,204,2023-11-25 16:00:00,8.9
718,204,2023-11-26 00:00:00,7.92
719,204,2023-11-26 08:00:00,1.87
720,204,2023-11-26 16:00:00,4.7
721,204,2023-11-27 00:00:00,4.67
722,204,2023-11-27 08:00:00,1.32
723,204,2023-11-27 16:00:00,1.66
724,204,2023-11-28 00:00:00,6.9
725,204,2023-11-28 08:00:00,2.58
726,204,2023-11-28 16:00:00,5.81
727,204,2023-11-29 00:00:00,8.81
728,204,2023-11-29 08:00:00,9.86
729,204,2023-11-29 16:00:00,5.33
730,204,2023-11-30 00:00:00,8.68
731,204,2023-11-30 08:00:00,7.96
732,204,2023-11-30 16:00:00,9.18
733,205,2023-10-01 00:00:00,4.98
734,205,2023-10-01 08:00:00,5.52
735,205,2023-10-01 16:00:00,4.93
736,205,2023-10-02 00:00:00,7.53
737,205,2023-10-02 08:00:00,3.37
738,205,2023-10-02 16:00:00,3.96
739,205,2023-10-03 00:00:00,5.4
740,205,2023-10-03 08:00:00,9.25
741,205,2023-10-03 16:00:00,9.95
742,205,2023-10-04 00:00:00,4.29
743,205,2023-10-04 08:00:00,5.79
744,205,2023-10-04 16:00:00,5.63
745,205,2023-10-05 00:00:00,8.47
746,205,2023-10-05 08:00:00,4.61
747,205,2023-10-05 16:00:00,6.74
748,205,2023-10-06 00:00:00,5.12
749,205,2023-10-06 08:00:00,4.16
750,205,2023-10-06 16:00:00,6.88
751,205,2023-10-07 00:00:00,9.34
752,205,2023-10-07 08:00:00,9.91
753,205,2023-10-07 16:00:00,4.47
754,205,2023-10-08 00:00:00,5.67
755,205,2023-10-08 08:00:00,9.28
756,205,2023-10-08 16:00:00,5.15
757,205,2023-10-09 00:00:00,1.03
758,205,2023-10-09 08:00:00,2.74
759,205,2023-10-09 16:00:00,1.4
760,205,2023-10-10 00:00:00,9.6
761,205,2023-10-10 08:00:00,1.28
762,205,2023-10-10 16:00:00,1.79
763,205,2023-10-11 00:00:00,6.18
764,205,2023-10-11 08:00:00,6.58
765,205,2023-10-11 16:00:00,2.28
766,205,2023-10-12 00:00:00,5.69
767,205,2023-10-12 08:00:00,1.69
768,205,2023-10-12 16:00:00,2.46
769,205,2023-10-13 00:00:00,5.94
770,205,2023-10-13 08:00:00,2.9
771,205,2023-10-13 16:00:00,9.02
772,205,2023-10-14 00:00:00,0.79
773,205,2023-10-14 08:00:00,6.96
774,205,2023-10-14 16:00:00,0.96
775,205,2023-10-15 00:00:00,3.77
776,205,2023-10-15 08:00:00,4.03
777,205,2023-10-15 16:00:00,9.53
778,205,2023-10-16 00:00:00,5.26
779,205,2023-10-16 08:00:00,3.7
780,205,2023-10-16 16:00:00,5.31
781,205,2023-10-17 00:00:00,4.17
782,205,2023-10-17 08:00:00,7.14
783,205,2023-10-17 16:00:00,8.82
784,205,2023-10-18 00:00:00,4.77
785,205,2023-10-18 08:00:00,5.34
786,205,2023-10-18 16:00:00,5.46
787,205,2023-10-19 00:00:00,9.68
788,205,2023-10-19 08:00:00,8.72
789,205,2023-10-19 16:00:00,5.96
790,205,2023-10-20 00:00:00,1.49
791,205,2023-10-20 08:00:00,0.99
792,205,2023-10-20 16:00:00,1.68
793,205,2023-10-21 00:00:00,4.67
794,205,2023-10-21 08:00:00,9.46
795,205,2023-10-21 16:00:00,4.81
796,205,2023-10-22 00:00:00,0.77
797,205,2023-10-22 08:00:00,9.12
798,205,2023-10-22 16:00:00,3.82
799,205,2023-10-23 00:00:00,6.96
800,205,2023-10-23 08:00:00,1.33
801,205,2023-10-23 16:00:00,5.72
802,205,2023-10-24 00:00:00,9.49
803,205,2023-10-24 08:00:00,1.51
804,205,2023-10-24 16:00:00,8.25
805,205,2023-10-25 00:00:00,2.43
806,205,2023-10-25 08:00:00,4.56
807,205,2023-10-25 16:00:00,5.65
808,205,2023-10-26 00:00:00,4.58
809,205,2023-10-26 08:00:00,4.25
810,205,2023-10-26 16:00:00,2.7
811,205,2023-10-27 00:00:00,8.56
812,205,2023-10-27 08:00:00,9.48
813,205,2023-10-27 16:00:00,7.84
814,205,2023-10-28 00:00:00,4.89
815,205,2023-10-28 08:00:00,8.38
816,205,2023-10-28 16:00:00,8.53
817,205,2023-10-29 00:00:00,7.09
818,205,2023-10-29 08:00:00,1.93
819,205,2023-10-29 16:00:00,6.29
820,205,2023-10-30 00:00:00,7.55
821,205,2023-10-30 08:00:00,5.21
822,205,2023-10-30 16:00:00,9.19
823,205,2023-10-31 00:00:00,0.98
824,205,2023-10-31 08:00:00,2.42
825,205,2023-10-31 16:00:00,4.84
826,205,2023-11-01 00:00:00,0.76
827,205,2023-11-01 08:00:00,3.44
828,205,2023-11-01 16:00:00,1.41
829,205,2023-11-02 00:00:00,6.61
830,205,2023-11-02 08:00:00,5.25
831,205,2023-11-02 16:00:00,2.65
832,205,2023-11-03 00:00:00,7.82
833,205,2023-11-03 08:00:00,2.04
834,205,2023-11-03 16:00:00,1.65
835,205,2023-11-04 00:00:00,7.93
836,205,2023-11-04 08:00:00,8.07
837,205,2023-11-04 16:00:00,5.6
838,205,2023-11-05 00:00:00,7.06
839,205,2023-11-05 08:00:00,3.9
840,205,2023-11-05 16:00:00,7.07
841,205,2023-11-06 00:00:00,7.37
842,205,2023-11-06 08:00:00,7.42
843,205,2023-11-06 16:00:00,5.16
844,205,2023-11-07 00:00:00,9.58
845,205,2023-11-07 08:00:00,6.38
846,205,2023-11-07 16:00:00,0.81
847,205,2023-11-08 00:00:00,2.78
848,205,2023-11-08 08:00:00,1.23
849,205,2023-11-08 16:00:00,6.49
850,205,2023-11-09 00:00:00,6.37
851,205,2023-11-09 08:00:00,3.81
852,205,2023-11-09 16:00:00,6.44
853,205,2023-11-10 00:00:00,9.87
854,205,2023-11-10 08:00:00,1.08
855,205,2023-11-10 16:00:00,3.69
856,205,2023-11-11 00:00:00,3.3
857,205,2023-11-11 08:00:00,5.53
858,205,2023-11-11 16:00:00,0.67
859,205,2023-11-12 00:00:00,2.71
860,205,2023-11-12 08:00:00,4.97
861,205,2023-11-12 16:00:00,7.85
862,205,2023-11-13 00:00:00,6.06
863,205,2023-11-13 08:00:00,6.84
864,205,2023-11-13 16:00:00,4.76
865,205,2023-11-14 00:00:00,2.76
866,205,2023-11-14 08:00:00,5.43
867,205,2023-11-14 16:00:00,7.53
868,205,2023-11-15 00:00:00,9.13
869,205,2023-11-15 08:00:00,2.27
870,205,2023-11-15 16:00:00,9.56
871,205,2023-11-16 00:00:00,6.7
872,205,2023-11-16 08:00:00,0.89
873,205,2023-11-16 16:00:00,1.74
874,205,2023-11-17 00:00:00,5.38
875,205,2023-11-17 08:00:00,9.81
876,205,2023-11-17 16:00:00,1.96
877,205,2023-11-18 00:00:00,4.23
878,205,2023-11-18 08:00:00,9.01
879,205,2023-11-18 16:00:00,6.8
880,205,2023-11-19 00:00:00,6.55
881,205,2023-11-19 08:00:00,1.35
882,205,2023-11-19 16:00:00,5.32
883,205,2023-11-20 00:00:00,10.0
884,205,2023-11-20 08:00:00,8.42
885,205,2023-11-20 16:00:00,2.12
886,205,2023-11-21 00:00:00,8.31
887,205,2023-11-21 08:00:00,2.21
888,205,2023-11-21 16:00:00,4.96
889,205,2023-11-22 00:00:00,9.04
890,205,2023-11-22 08:00:00,7.63
891,205,2023-11-22 16:00:00,7.8
892,205,2023-11-23 00:00:00,9.1
893,205,2023-11-23 08:00:00,8.69
894,205,2023-11-23 16:00:00,7.11
895,205,2023-11-24 00:00:00,9.3
896,205,2023-11-24 08:00:00,8.46
897,205,2023-11-24 16:00:00,1.55
898,205,2023-11-25 00:00:00,7.14
899,205,2023-11-25 08:00:00,6.64
900,205,2023-11-25 16:00:00,2.19
901,205,2023-11-26 00:00:00,3.01
902,205,2023-11-26 08:00:00,1.31
903,205,2023-11-26 16:00:00,9.65
904,205,2023-11-27 00:00:00,2.71
905,205,2023-11-27 08:00:00,9.94
906,205,2023-11-27 16:00:00,0.95
907,205,2023-11-28 00:00:00,4.2
908,205,2023-11-28 08:00:00,2.5
909,205,2023-11-28 16:00:00,7.6
910,205,2023-11-29 00:00:00,1.21
911,205,2023-11-29 08:00:00,1.07
912,205,2023-11-29 16:00:00,9.32
913,205,2023-11-30 00:00:00,4.8
914,205,2023-11-30 08:00:00,3.02
915,205,2023-11-30 16:00:00,4.1
916,206,2023-10-01 00:00:00,5.76
917,206,2023-10-01 08:00:00,6.04
918,206,2023-10-01 16:00:00,9.45
919,206,2023-10-02 00:00:00,9.36
920,206,2023-10-02 08:00:00,8.28
921,206,2023-10-02 16:00:00,5.71
922,206,2023-10-03 00:00:00,4.57
923,206,2023-10-03 08:00:00,1.87
924,206,2023-10-03 16:00:00,8.3
925,206,2023-10-04 00:00:00,6.58
926,206,2023-10-04 08:00:00,4.19
927,206,2023-10-04 16:00:00,7.94
928,206,2023-10-05 00:00:00,4.79
929,206,2023-10-05 08:00:00,3.99
930,206,2023-10-05 16:00:00,2.45
931,206,2023-10-06 00:00:00,4.32
932,206,2023-10-06 08:00:00,2.71
933,206,2023-10-06 16:00:00,8.25
934,206,2023-10-07 00:00:00,0.9
935,206,2023-10-07 08:00:00,6.75
936,206,2023-10-07 16:00:00,5.77
937,206,2023-10-08 00:00:00,8.17
938,206,2023-10-08 08:00:00,8.49
939,206,2023-10-08 16:00:00,4.61
940,206,2023-10-09 00:00:00,2.57
941,206,2023-10-09 08:00:00,7.3
942,206,2023-10-09 16:00:00,8.61
943,206,2023-10-10 00:00:00,4.12
944,206,2023-10-10 08:00:00,3.11
945,206,2023-10-10 16:00:00,1.46
946,206,2023-10-11 00:00:00,7.33
947,206,2023-10-11 08:00:00,8.41
948,206,2023-10-11 16:00:00,8.37
949,206,2023-10-12 00:00:00,2.09
950,206,2023-10-12 08:00:00,3.28
951,206,2023-10-12 16:00:00,4.31
952,206,2023-10-13 00:00:00,1.97
953,206,2023-10-13 08:00:00,2.46
954,206,2023-10-13 16:00:00,9.71
955,206,2023-10-14 00:00:00,1.87
956,206,2023-10-14 08:00:00,3.6
957,206,2023-10-14 16:00:00,1.58
958,206,2023-10-15 00:00:00,6.54
959,206,2023-10-15 08:00:00,4.06
960,206,2023-10-15 16:00:00,7.94
961,206,2023-10-16 00:00:00,4.0
962,206,2023-10-16 08:00:00,5.54
963,206,2023-10-16 16:00:00,5.76
964,206,2023-10-17 00:00:00,2.68
965,206,2023-10-17 08:00:00,2.1
966,206,2023-10-17 16:00:00,4.98
967,206,2023-10-18 00:00:00,7.12
968,206,2023-10-18 08:00:00,9.11
969,206,2023-10-18 16:00:00,8.52
970,206,2023-10-19 00:00:00,4.6
971,206,2023-10-19 08:00:00,3.04
972,206,2023-10-19 16:00:00,8.11
973,206,2023-10-20 00:00:00,7.48
974,206,2023-10-20 08:00:00,8.8
975,206,2023-10-20 16:00:00,5.49
976,206,2023-10-21 00:00:00,3.09
977,206,2023-10-21 08:00:00,1.06
978,206,2023-10-21 16:00:00,7.05
979,206,2023-10-22 00:00:00,4.69
980,206,2023-10-22 08:00:00,6.29
981,206,2023-10-22 16:00:00,1.11
982,206,2023-10-23 00:00:00,5.82
983,206,2023-10-23 08:00:00,8.1
984,206,2023-10-23 16:00:00,1.95
985,206,2023-10-24 00:00:00,9.82
986,206,2023-10-24 08:00:00,5.82
987,206,2023-10-24 16:00:00,5.36
988,206,2023-10-25 00:00:00,7.95
989,206,2023-10-25 08:00:00,7.01
990,206,2023-10-25 16:00:00,6.23
991,206,2023-10-26 00:00:00,2.42
992,206,2023-10-26 08:00:00,6.9
993,206,2023-10-26 16:00:00,2.25
994,206,2023-10-27 00:00:00,4.84
995,206,2023-10-27 08:00:00,6.87
996,206,2023-10-27 16:00:00,6.17
997,206,2023-10-28 00:00:00,6.6
998,206,2023-10-28 08:00:00,2.35
999,206,2023-10-28 16:00:00,0.97
1000,206,2023-10-29 00:00:00,7.65
1001,206,2023-10-29 08:00:00,3.83
1002,206,2023-10-29 16:00:00,8.57
1003,206,2023-10-30 00:00:00,6.75
1004,206,2023-10-30 08:00:00,8.13
1005,206,2023-10-30 16:00:00,4.03
1006,206,2023-10-31 00:00:00,0.67
1007,206,2023-10-31 08:00:00,2.31
1008,206,2023-10-31 16:00:00,3.2
1009,206,2023-11-01 00:00:00,1.17
1010,206,2023-11-01 08:00:00,9.53
1011,206,2023-11-01 16:00:00,7.16
1012,206,2023-11-02 00:00:00,6.84
1013,206,2023-11-02 08:00:00,3.22
1014,206,2023-11-02 16:00:00,1.5
1015,206,2023-11-03 00:00:00,4.39
1016,206,2023-11-03 08:00:00,5.28
1017,206,2023-11-03 16:00:00,3.26
1018,206,2023-11-04 00:00:00,7.23
1019,206,2023-11-04 08:00:00,6.92
1020,206,2023-11-04 16:00:00,1.54
1021,206,2023-11-05 00:00:00,1.4
1022,206,2023-11-05 08:00:00,7.37
1023,206,2023-11-05 16:00:00,8.85
1024,206,2023-11-06 00:00:00,2.89
1025,206,2023-11-06 08:00:00,9.6
1026,206,2023-11-06 16:00:00,1.68
1027,206,2023-11-07 00:00:00,4.7
1028,206,2023-11-07 08:00:00,2.31
1029,206,2023-11-07 16:00:00,4.62
1030,206,2023-11-08 00:00:00,7.44
1031,206,2023-11-08 08:00:00,5.05
1032,206,2023-11-08 16:00:00,7.8
1033,206,2023-11-09 00:00:00,2.95
1034,206,2023-11-09 08:00:00,7.89
1035,206,2023-11-09 16:00:00,1.58
1036,206,2023-11-10 00:00:00,3.47
1037,206,2023-11-10 08:00:00,7.96
1038,206,2023-11-10 16:00:00,5.08
1039,206,2023-11-11 00:00:00,3.95
1040,206,2023-11-11 08:00:00,8.49
1041,206,2023-11-11 16:00:00,1.31
1042,206,2023-11-12 00:00:00,4.63
1043,206,2023-11-12 08:00:00,0.54
1044,206,2023-11-12 16:00:00,7.08
1045,206,2023-11-13 00:00:00,5.62
1046,206,2023-11-13 08:00:00,5.49
1047,206,2023-11-13 16:00:00,1.73
1048,206,2023-11-14 00:00:00,7.59
1049,206,2023-11-14 08:00:00,9.63
1050,206,2023-11-14 16:00:00,2.06
1051,206,2023-11-15 00:00:00,1.43
1052,206,2023-11-15 08:00:00,5.37
1053,206,2023-11-15 16:00:00,3.38
1054,206,2023-11-16 00:00:00,8.29
1055,206,2023-11-16 08:00:00,5.36
1056,206,2023-11-16 16:00:00,4.2
1057,206,2023-11-17 00:00:00,0.57
1058,206,2023-11-17 08:00:00,1.54
1059,206,2023-11-17 16:00:00,6.42
1060,206,2023-11-18 00:00:00,4.57
1061,206,2023-11-18 08:00:00,0.59
1062,206,2023-11-18 16:00:00,2.51
1063,206,2023-11-19 00:00:00,1.57
1064,206,2023-11-19 08:00:00,4.47
1065,206,2023-11-19 16:00:00,3.13
1066,206,2023-11-20 00:00:00,4.41
1067,206,2023-11-20 08:00:00,3.38
1068,206,2023-11-20 16:00:00,3.48
1069,206,2023-11-21 00:00:00,9.5
1070,206,2023-11-21 08:00:00,6.12
1071,206,2023-11-21 16:00:00,3.03
1072,206,2023-11-22 00:00:00,3.18
1073,206,2023-11-22 08:00:00,9.92
1074,206,2023-11-22 16:00:00,9.02
1075,206,2023-11-23 00:00:00,1.06
1076,206,2023-11-23 08:00:00,7.49
1077,206,2023-11-23 16:00:00,8.15
1078,206,2023-11-24 00:00:00,5.48
1079,206,2023-11-24 08:00:00,1.45
1080,206,2023-11-24 16:00:00,1.71
1081,206,2023-11-25 00:00:00,8.13
1082,206,2023-11-25 08:00:00,1.93
1083,206,2023-11-25 16:00:00,0.51
1084,206,2023-11-26 00:00:00,7.77
1085,206,2023-11-26 08:00:00,6.34
1086,206,2023-11-26 16:00:00,5.56
1087,206,2023-11-27 00:00:00,2.37
1088,206,2023-11-27 08:00:00,2.76
1089,206,2023-11-27 16:00:00,1.01
1090,206,2023-11-28 00:00:00,1.6
1091,206,2023-11-28 08:00:00,7.1
1092,206,2023-11-28 16:00:00,6.67
1093,206,2023-11-29 00:00:00,3.05
1094,206,2023-11-29 08:00:00,5.89
1095,206,2023-11-29 16:00:00,3.7
1096,206,2023-11-30 00:00:00,3.4
1097,206,2023-11-30 08:00:00,2.53
1098,206,2023-11-30 16:00:00,8.26
1099,207,2023-10-01 00:00:00,1.64
1100,207,2023-10-01 08:00:00,1.1
1101,207,2023-10-01 16:00:00,2.28
1102,207,2023-10-02 00:00:00,1.2
1103,207,2023-10-02 08:00:00,3.33
1104,207,2023-10-02 16:00:00,8.57
1105,207,2023-10-03 00:00:00,6.2
1106,207,2023-10-03 08:00:00,4.13
1107,207,2023-10-03 16:00:00,2.81
1108,207,2023-10-04 00:00:00,7.42
1109,207,2023-10-04 08:00:00,9.47
1110,207,2023-10-04 16:00:00,4.68
1111,207,2023-10-05 00:00:00,4.12
1112,207,2023-10-05 08:00:00,8.26
1113,207,2023-10-05 16:00:00,1.23
1114,207,2023-10-06 00:00:00,5.48
1115,207,2023-10-06 08:00:00,2.85
1116,207,2023-10-06 16:00:00,1.27
1117,207,2023-10-07 00:00:00,2.49
1118,207,2023-10-07 08:00:00,8.75
1119,207,2023-10-07 16:00:00,9.35
1120,207,2023-10-08 00:00:00,4.39
1121,207,2023-10-08 08:00:00,3.08
1122,207,2023-10-08 16:00:00,2.89
1123,207,2023-10-09 00:00:00,7.92
1124,207,2023-10-09 08:00:00,3.25
1125,207,2023-10-09 16:00:00,6.66
1126,207,2023-10-10 00:00:00,7.26
1127,207,2023-10-10 08:00:00,6.98
1128,207,2023-10-10 16:00:00,2.86
1129,207,2023-10-11 00:00:00,1.63
1130,207,2023-10-11 08:00:00,4.71
1131,207,2023-10-11 16:00:00,5.22
1132,207,2023-10-12 00:00:00,1.53
1133,207,2023-10-12 08:00:00,0.9
1134,207,2023-10-12 16:00:00,3.57
1135,207,2023-10-13 00:00:00,3.6
1136,207,2023-10-13 08:00:00,4.92
1137,207,2023-10-13 16:00:00,6.9
1138,207,2023-10-14 00:00:00,9.96
1139,207,2023-10-14 08:00:00,4.08
1140,207,2023-10-14 16:00:00,5.24
1141,207,2023-10-15 00:00:00,0.97
1142,207,2023-10-15 08:00:00,2.14
1143,207,2023-10-15 16:00:00,0.53
1144,207,2023-10-16 00:00:00,9.9
1145,207,2023-10-16 08:00:00,9.65
1146,207,2023-10-16 16:00:00,6.53
1147,207,2023-10-17 00:00:00,5.15
1148,207,2023-10-17 08:00:00,0.95
1149,207,2023-10-17 16:00:00,4.92
1150,207,2023-10-18 00:00:00,6.12
1151,207,2023-10-18 08:00:00,4.5
1152,207,2023-10-18 16:00:00,8.95
1153,207,2023-10-19 00:00:00,3.97
1154,207,2023-10-19 08:00:00,4.7
1155,207,2023-10-19 16:00:00,6.24
1156,207,2023-10-20 00:00:00,2.8
1157,207,2023-10-20 08:00:00,6.02
1158,207,2023-10-20 16:00:00,9.44
1159,207,2023-10-21 00:00:00,4.05
1160,207,2023-10-21 08:00:00,1.62
1161,207,2023-10-21 16:00:00,5.54
1162,207,2023-10-22 00:00:00,8.67
1163,207,2023-10-22 08:00:00,1.52
1164,207,2023-10-22 16:00:00,4.77
1165,207,2023-10-23 00:00:00,2.69
1166,207,2023-10-23 08:00:00,3.45
1167,207,2023-10-23 16:00:00,9.72
1168,207,2023-10-24 00:00:00,1.65
1169,207,2023-10-24 08:00:00,8.48
1170,207,2023-10-24 16:00:00,1.86
1171,207,2023-10-25 00:00:00,3.36
1172,207,2023-10-25 08:00:00,2.67
1173,207,2023-10-25 16:00:00,7.87
1174,207,2023-10-26 00:00:00,9.24
1175,207,2023-10-26 08:00:00,9.14
1176,207,2023-10-26 16:00:00,8.99
1177,207,2023-10-27 00:00:00,8.56
1178,207,2023-10-27 08:00:00,5.96
1179,207,2023-10-27 16:00:00,5.19
1180,207,2023-10-28 00:00:00,6.67
1181,207,2023-10-28 08:00:00,6.73
1182,207,2023-10-28 16:00:00,2.85
1183,207,2023-10-29 00:00:00,3.51
1184,207,2023-10-29 08:00:00,2.88
1185,207,2023-10-29 16:00:00,8.55
1186,207,2023-10-30 00:00:00,3.05
1187,207,2023-10-30 08:00:00,1.72
1188,207,2023-10-30 16:00:00,8.67
1189,207,2023-10-31 00:00:00,5.72
1190,207,2023-10-31 08:00:00,9.3
1191,207,2023-10-31 16:00:00,6.45
1192,207,2023-11-01 00:00:00,4.41
1193,207,2023-11-01 08:00:00,3.75
1194,207,2023-11-01 16:00:00,4.97
1195,207,2023-11-02 00:00:00,5.62
1196,207,2023-11-02 08:00:00,8.49
1197,207,2023-11-02 16:00:00,6.59
1198,207,2023-11-03 00:00:00,5.84
1199,207,2023-11-03 08:00:00,1.95
1200,207,2023-11-03 16:00:00,1.85
1201,207,2023-11-04 00:00:00,6.76
1202,207,2023-11-04 08:00:00,1.88
1203,207,2023-11-04 16:00:00,8.89
1204,207,2023-11-05 00:00:00,7.5
1205,207,2023-11-05 08:00:00,3.84
1206,207,2023-11-05 16:00:00,5.7
1207,207,2023-11-06 00:00:00,8.77
1208,207,2023-11-06 08:00:00,4.51
1209,207,2023-11-06 16:00:00,3.99
1210,207,2023-11-07 00:00:00,8.21
1211,207,2023-11-07 08:00:00,6.83
1212,207,2023-11-07 16:00:00,9.62
1213,207,2023-11-08 00:00:00,3.05
1214,207,2023-11-08 08:00:00,9.37
1215,207,2023-11-08 16:00:00,2.07
1216,207,2023-11-09 00:00:00,9.96
1217,207,2023-11-09 08:00:00,8.47
1218,207,2023-11-09 16:00:00,6.05
1219,207,2023-11-10 00:00:00,8.06
1220,207,2023-11-10 08:00:00,1.1
1221,207,2023-11-10 16:00:00,1.29
1222,207,2023-11-11 00:00:00,3.37
1223,207,2023-11-11 08:00:00,9.52
1224,207,2023-11-11 16:00:00,5.33
1225,207,2023-11-12 00:00:00,6.12
1226,207,2023-11-12 08:00:00,5.56
1227,207,2023-11-12 16:00:00,3.08
1228,207,2023-11-13 00:00:00,3.55
1229,207,2023-11-13 08:00:00,7.56
1230,207,2023-11-13 16:00:00,1.23
1231,207,2023-11-14 00:00:00,5.51
1232,207,2023-11-14 08:00:00,4.52
1233,207,2023-11-14 16:00:00,4.5
1234,207,2023-11-15 00:00:00,9.44
1235,207,2023-11-15 08:00:00,3.73
1236,207,2023-11-15 16:00:00,3.35
1237,207,2023-11-16 00:00:00,7.22
1238,207,2023-11-16 08:00:00,2.94
1239,207,2023-11-16 16:00:00,9.61
1240,207,2023-11-17 00:00:00,9.65
1241,207,2023-11-17 08:00:00,1.38
1242,207,2023-11-17 16:00:00,7.16
1243,207,2023-11-18 00:00:00,7.9
1244,207,2023-11-18 08:00:00,4.81
1245,207,2023-11-18 16:00:00,6.73
1246,207,2023-11-19 00:00:00,1.95
1247,207,2023-11-19 08:00:00,3.77
1248,207,2023-11-19 16:00:00,1.94
1249,207,2023-11-20 00:00:00,1.23
1250,207,2023-11-20 08:00:00,7.94
1251,207,2023-11-20 16:00:00,5.82
1252,207,2023-11-21 00:00:00,7.22
1253,207,2023-11-21 08:00:00,6.49
1254,207,2023-11-21 16:00:00,7.95
1255,207,2023-11-22 00:00:00,8.75
1256,207,2023-11-22 08:00:00,5.66
1257,207,2023-11-22 16:00:00,5.96
1258,207,2023-11-23 00:00:00,8.31
1259,207,2023-11-23 08:00:00,0.6
1260,207,2023-11-23 16:00:00,1.68
1261,207,2023-11-24 00:00:00,2.44
1262,207,2023-11-24 08:00:00,4.55
1263,207,2023-11-24 16:00:00,6.54
1264,207,2023-11-25 00:00:00,6.06
1265,207,2023-11-25 08:00:00,2.93
1266,207,2023-11-25 16:00:00,0.57
1267,207,2023-11-26 00:00:00,5.9
1268,207,2023-11-26 08:00:00,0.9
1269,207,2023-11-26 16:00:00,7.85
1270,207,2023-11-27 00:00:00,9.72
1271,207,2023-11-27 08:00:00,9.08
1272,207,2023-11-27 16:00:00,1.87
1273,207,2023-11-28 00:00:00,7.85
1274,207,2023-11-28 08:00:00,7.92
1275,207,2023-11-28 16:00:00,6.12
1276,207,2023-11-29 00:00:00,3.95
1277,207,2023-11-29 08:00:00,0.54
1278,207,2023-11-29 16:00:00,5.27
1279,207,2023-11-30 00:00:00,3.28
1280,207,2023-11-30 08:00:00,4.01
1281,207,2023-11-30 16:00:00,2.93
1282,208,2023-10-01 00:00:00,7.86
1283,208,2023-10-01 08:00:00,0.89
1284,208,2023-10-01 16:00:00,7.19
1285,208,2023-10-02 00:00:00,0.7
1286,208,2023-10-02 08:00:00,7.36
1287,208,2023-10-02 16:00:00,2.21
1288,208,2023-10-03 00:00:00,6.86
1289,208,2023-10-03 08:00:00,2.11
1290,208,2023-10-03 16:00:00,4.65
1291,208,2023-10-04 00:00:00,5.34
1292,208,2023-10-04 08:00:00,0.98
1293,208,2023-10-04 16:00:00,9.38
1294,208,2023-10-05 00:00:00,4.56
1295,208,2023-10-05 08:00:00,2.72
1296,208,2023-10-05 16:00:00,7.77
1297,208,2023-10-06 00:00:00,8.74
1298,208,2023-10-06 08:00:00,4.13
1299,208,2023-10-06 16:00:00,8.45
1300,208,2023-10-07 00:00:00,0.86
1301,208,2023-10-07 08:00:00,8.82
1302,208,2023-10-07 16:00:00,8.11
1303,208,2023-10-08 00:00:00,5.54
1304,208,2023-10-08 08:00:00,6.01
1305,208,2023-10-08 16:00:00,5.05
1306,208,2023-10-09 00:00:00,5.44
1307,208,2023-10-09 08:00:00,5.08
1308,208,2023-10-09 16:00:00,2.13
1309,208,2023-10-10 00:00:00,5.82
1310,208,2023-10-10 08:00:00,5.4
1311,208,2023-10-10 16:00:00,1.26
1312,208,2023-10-11 00:00:00,3.8
1313,208,2023-10-11 08:00:00,2.79
1314,208,2023-10-11 16:00:00,8.74
1315,208,2023-10-12 00:00:00,2.56
1316,208,2023-10-12 08:00:00,2.94
1317,208,2023-10-12 16:00:00,8.37
1318,208,2023-10-13 00:00:00,5.84
1319,208,2023-10-13 08:00:00,2.52
1320,208,2023-10-13 16:00:00,1.02
1321,208,2023-10-14 00:00:00,6.27
1322,208,2023-10-14 08:00:00,6.32
1323,208,2023-10-14 16:00:00,2.93
1324,208,2023-10-15 00:00:00,7.97
1325,208,2023-10-15 08:00:00,3.74
1326,208,2023-10-15 16:00:00,3.99
1327,208,2023-10-16 00:00:00,9.73
1328,208,2023-10-16 08:00:00,9.32
1329,208,2023-10-16 16:00:00,4.53
1330,208,2023-10-17 00:00:00,5.84
1331,208,2023-10-17 08:00:00,0.87
1332,208,2023-10-17 16:00:00,1.86
1333,208,2023-10-18 00:00:00,9.61
1334,208,2023-10-18 08:00:00,7.1
1335,208,2023-10-18 16:00:00,7.21
1336,208,2023-10-19 00:00:00,1.35
1337,208,2023-10-19 08:00:00,6.31
1338,208,2023-10-19 16:00:00,1.41
1339,208,2023-10-20 00:00:00,6.41
1340,208,2023-10-20 08:00:00,6.76
1341,208,2023-10-20 16:00:00,6.49
1342,208,2023-10-21 00:00:00,5.73
1343,208,2023-10-21 08:00:00,6.4
1344,208,2023-10-21 16:00:00,2.16
1345,208,2023-10-22 00:00:00,9.69
1346,208,2023-10-22 08:00:00,3.2
1347,208,2023-10-22 16:00:00,0.62
1348,208,2023-10-23 00:00:00,8.18
1349,208,2023-10-23 08:00:00,3.22
1350,208,2023-10-23 16:00:00,7.21
1351,208,2023-10-24 00:00:00,9.66
1352,208,2023-10-24 08:00:00,9.93
1353,208,2023-10-24 16:00:00,7.35
1354,208,2023-10-25 00:00:00,3.01
1355,208,2023-10-25 08:00:00,5.7
1356,208,2023-10-25 16:00:00,4.06
1357,208,2023-10-26 00:00:00,5.56
1358,208,2023-10-26 08:00:00,1.07
1359,208,2023-10-26 16:00:00,4.49
1360,208,2023-10-27 00:00:00,1.65
1361,208,2023-10-27 08:00:00,1.1
1362,208,2023-10-27 16:00:00,1.64
1363,208,2023-10-28 00:00:00,3.5
1364,208,2023-10-28 08:00:00,5.66
1365,208,2023-10-28 16:00:00,9.5
1366,208,2023-10-29 00:00:00,3.57
1367,208,2023-10-29 08:00:00,2.22
1368,208,2023-10-29 16:00:00,6.77
1369,208,2023-10-30 00:00:00,4.74
1370,208,2023-10-30 08:00:00,1.93
1371,208,2023-10-30 16:00:00,3.13
1372,208,2023-10-31 00:00:00,5.62
1373,208,2023-10-31 08:00:00,5.62
1374,208,2023-10-31 16:00:00,6.93
1375,208,2023-11-01 00:00:00,5.97
1376,208,2023-11-01 08:00:00,6.49
1377,208,2023-11-01 16:00:00,6.3
1378,208,2023-11-02 00:00:00,3.88
1379,208,2023-11-02 08:00:00,1.34
1380,208,2023-11-02 16:00:00,2.66
1381,208,2023-11-03 00:00:00,4.44
1382,208,2023-11-03 08:00:00,9.32
1383,208,2023-11-03 16:00:00,4.71
1384,208,2023-11-04 00:00:00,6.97
1385,208,2023-11-04 08:00:00,5.8
1386,208,2023-11-04 16:00:00,4.8
1387,208,2023-11-05 00:00:00,9.9
1388,208,2023-11-05 08:00:00,1.06
1389,208,2023-11-05 16:00:00,7.5
1390,208,2023-11-06 00:00:00,8.65
1391,208,2023-11-06 08:00:00,9.74
1392,208,2023-11-06 16:00:00,2.53
1393,208,2023-11-07 00:00:00,6.63
1394,208,2023-11-07 08:00:00,0.84
1395,208,2023-11-07 16:00:00,4.44
1396,208,2023-11-08 00:00:00,7.9
1397,208,2023-11-08 08:00:00,5.02
1398,208,2023-11-08 16:00:00,2.78
1399,208,2023-11-09 00:00:00,6.52
1400,208,2023-11-09 08:00:00,2.11
1401,208,2023-11-09 16:00:00,7.13
1402,208,2023-11-10 00:00:00,3.09
1403,208,2023-11-10 08:00:00,9.92
1404,208,2023-11-10 16:00:00,3.87
1405,208,2023-11-11 00:00:00,8.22
1406,208,2023-11-11 08:00:00,3.61
1407,208,2023-11-11 16:00:00,7.53
1408,208,2023-11-12 00:00:00,2.05
1409,208,2023-11-12 08:00:00,4.4
1410,208,2023-11-12 16:00:00,2.69
1411,208,2023-11-13 00:00:00,6.48
1412,208,2023-11-13 08:00:00,2.75
1413,208,2023-11-13 16:00:00,4.67
1414,208,2023-11-14 00:00:00,3.73
1415,208,2023-11-14 08:00:00,6.6
1416,208,2023-11-14 16:00:00,9.05
1417,208,2023-11-15 00:00:00,5.76
1418,208,2023-11-15 08:00:00,8.62
1419,208,2023-11-15 16:00:00,3.58
1420,208,2023-11-16 00:00:00,1.1
1421,208,2023-11-16 08:00:00,3.28
1422,208,2023-11-16 16:00:00,9.04
1423,208,2023-11-17 00:00:00,9.02
1424,208,2023-11-17 08:00:00,4.88
1425,208,2023-11-17 16:00:00,7.34
1426,208,2023-11-18 00:00:00,5.66
1427,208,2023-11-18 08:00:00,3.78
1428,208,2023-11-18 16:00:00,3.02
1429,208,2023-11-19 00:00:00,7.74
1430,208,2023-11-19 08:00:00,3.85
1431,208,2023-11-19 16:00:00,3.44
1432,208,2023-11-20 00:00:00,1.03
1433,208,2023-11-20 08:00:00,0.91
1434,208,2023-11-20 16:00:00,9.67
1435,208,2023-11-21 00:00:00,7.01
1436,208,2023-11-21 08:00:00,8.45
1437,208,2023-11-21 16:00:00,8.21
1438,208,2023-11-22 00:00:00,8.68
1439,208,2023-11-22 08:00:00,8.16
1440,208,2023-11-22 16:00:00,3.96
1441,208,2023-11-23 00:00:00,5.25
1442,208,2023-11-23 08:00:00,1.35
1443,208,2023-11-23 16:00:00,0.51
1444,208,2023-11-24 00:00:00,2.0
1445,208,2023-11-24 08:00:00,8.9
1446,208,2023-11-24 16:00:00,7.79
1447,208,2023-11-25 00:00:00,3.37
1448,208,2023-11-25 08:00:00,9.46
1449,208,2023-11-25 16:00:00,2.52
1450,208,2023-11-26 00:00:00,2.82
1451,208,2023-11-26 08:00:00,1.44
1452,208,2023-11-26 16:00:00,4.59
1453,208,2023-11-27 00:00:00,7.68
1454,208,2023-11-27 08:00:00,5.71
1455,208,2023-11-27 16:00:00,4.83
1456,208,2023-11-28 00:00:00,4.45
1457,208,2023-11-28 08:00:00,2.04
1458,208,2023-11-28 16:00:00,0.51
1459,208,2023-11-29 00:00:00,4.12
1460,208,2023-11-29 08:00:00,9.31
1461,208,2023-11-29 16:00:00,9.52
1462,208,2023-11-30 00:00:00,9.16
1463,208,2023-11-30 08:00:00,0.54
1464,208,2023-11-30 16:00:00,7.6
1465,209,2023-10-01 00:00:00,3.91
1466,209,2023-10-01 08:00:00,8.17
1467,209,2023-10-01 16:00:00,2.91
1468,209,2023-10-02 00:00:00,5.69
1469,209,2023-10-02 08:00:00,4.71
1470,209,2023-10-02 16:00:00,4.69
1471,209,2023-10-03 00:00:00,3.79
1472,209,2023-10-03 08:00:00,7.23
1473,209,2023-10-03 16:00:00,6.94
1474,209,2023-10-04 00:00:00,1.02
1475,209,2023-10-04 08:00:00,3.14
1476,209,2023-10-04 16:00:00,5.11
1477,209,2023-10-05 00:00:00,9.98
1478,209,2023-10-05 08:00:00,2.8
1479,209,2023-10-05 16:00:00,8.89
1480,209,2023-10-06 00:00:00,3.43
1481,209,2023-10-06 08:00:00,8.52
1482,209,2023-10-06 16:00:00,8.39
1483,209,2023-10-07 00:00:00,7.63
1484,209,2023-10-07 08:00:00,7.42
1485,209,2023-10-07 16:00:00,2.86
1486,209,2023-10-08 00:00:00,3.91
1487,209,2023-10-08 08:00:00,5.5
1488,209,2023-10-08 16:00:00,9.91
1489,209,2023-10-09 00:00:00,2.39
1490,209,2023-10-09 08:00:00,5.21
1491,209,2023-10-09 16:00:00,0.68
1492,209,2023-10-10 00:00:00,8.88
1493,209,2023-10-10 08:00:00,9.47
1494,209,2023-10-10 16:00:00,3.73
1495,209,2023-10-11 00:00:00,8.48
1496,209,2023-10-11 08:00:00,3.31
1497,209,2023-10-11 16:00:00,1.48
1498,209,2023-10-12 00:00:00,5.27
1499,209,2023-10-12 08:00:00,3.42
1500,209,2023-10-12 16:00:00,8.04
1501,209,2023-10-13 00:00:00,3.15
1502,209,2023-10-13 08:00:00,3.74
1503,209,2023-10-13 16:00:00,8.85
1504,209,2023-10-14 00:00:00,9.14
1505,209,2023-10-14 08:00:00,7.0
1506,209,2023-10-14 16:00:00,9.22
1507,209,2023-10-15 00:00:00,2.88
1508,209,2023-10-15 08:00:00,8.64
1509,209,2023-10-15 16:00:00,0.97
1510,209,2023-10-16 00:00:00,5.6
1511,209,2023-10-16 08:00:00,7.38
1512,209,2023-10-16 16:00:00,1.35
1513,209,2023-10-17 00:00:00,7.12
1514,209,2023-10-17 08:00:00,1.84
1515,209,2023-10-17 16:00:00,4.61
1516,209,2023-10-18 00:00:00,1.57
1517,209,2023-10-18 08:00:00,1.7
1518,209,2023-10-18 16:00:00,4.29
1519,209,2023-10-19 00:00:00,1.12
1520,209,2023-10-19 08:00:00,1.04
1521,209,2023-10-19 16:00:00,4.87
1522,209,2023-10-20 00:00:00,3.33
1523,209,2023-10-20 08:00:00,6.45
1524,209,2023-10-20 16:00:00,9.06
1525,209,2023-10-21 00:00:00,4.45
1526,209,2023-10-21 08:00:00,4.79
1527,209,2023-10-21 16:00:00,3.49
1528,209,2023-10-22 00:00:00,5.14
1529,209,2023-10-22 08:00:00,4.51
1530,209,2023-10-22 16:00:00,0.63
1531,209,2023-10-23 00:00:00,2.09
1532,209,2023-10-23 08:00:00,6.66
1533,209,2023-10-23 16:00:00,8.67
1534,209,2023-10-24 00:00:00,4.09
1535,209,2023-10-24 08:00:00,7.85
1536,209,2023-10-24 16:00:00,2.83
1537,209,2023-10-25 00:00:00,9.15
1538,209,2023-10-25 08:00:00,0.9
1539,209,2023-10-25 16:00:00,3.56
1540,209,2023-10-26 00:00:00,0.65
1541,209,2023-10-26 08:00:00,5.19
1542,209,2023-10-26 16:00:00,5.87
1543,209,2023-10-27 00:00:00,6.28
1544,209,2023-10-27 08:00:00,2.55
1545,209,2023-10-27 16:00:00,2.39
1546,209,2023-10-28 00:00:00,5.48
1547,209,2023-10-28 08:00:00,4.28
1548,209,2023-10-28 16:00:00,2.23
1549,209,2023-10-29 00:00:00,4.82
1550,209,2023-10-29 08:00:00,8.63
1551,209,2023-10-29 16:00:00,1.6
1552,209,2023-10-30 00:00:00,9.4
1553,209,2023-10-30 08:00:00,3.45
1554,209,2023-10-30 16:00:00,8.71
1555,209,2023-10-31 00:00:00,9.97
1556,209,2023-10-31 08:00:00,5.39
1557,209,2023-10-31 16:00:00,9.76
1558,209,2023-11-01 00:00:00,8.65
1559,209,2023-11-01 08:00:00,4.08
1560,209,2023-11-01 16:00:00,8.49
1561,209,2023-11-02 00:00:00,8.58
1562,209,2023-11-02 08:00:00,8.08
1563,209,2023-11-02 16:00:00,8.2
1564,209,2023-11-03 00:00:00,4.23
1565,209,2023-11-03 08:00:00,9.07
1566,209,2023-11-03 16:00:00,1.44
1567,209,2023-11-04 00:00:00,5.85
1568,209,2023-11-04 08:00:00,7.72
1569,209,2023-11-04 16:00:00,4.04
1570,209,2023-11-05 00:00:00,2.46
1571,209,2023-11-05 08:00:00,5.42
1572,209,2023-11-05 16:00:00,8.0
1573,209,2023-11-06 00:00:00,1.34
1574,209,2023-11-06 08:00:00,2.71
1575,209,2023-11-06 16:00:00,8.05
1576,209,2023-11-07 00:00:00,3.19
1577,209,2023-11-07 08:00:00,3.1
1578,209,2023-11-07 16:00:00,8.21
1579,209,2023-11-08 00:00:00,1.35
1580,209,2023-11-08 08:00:00,8.7
1581,209,2023-11-08 16:00:00,0.71
1582,209,2023-11-09 00:00:00,5.59
1583,209,2023-11-09 08:00:00,7.09
1584,209,2023-11-09 16:00:00,2.05
1585,209,2023-11-10 00:00:00,5.47
1586,209,2023-11-10 08:00:00,6.22
1587,209,2023-11-10 16:00:00,5.86
1588,209,2023-11-11 00:00:00,0.61
1589,209,2023-11-11 08:00:00,5.64
1590,209,2023-11-11 16:00:00,7.58
1591,209,2023-11-12 00:00:00,2.8
1592,209,2023-11-12 08:00:00,4.37
1593,209,2023-11-12 16:00:00,9.98
1594,209,2023-11-13 00:00:00,4.81
1595,209,2023-11-13 08:00:00,7.82
1596,209,2023-11-13 16:00:00,7.37
1597,209,2023-11-14 00:00:00,8.76
1598,209,2023-11-14 08:00:00,4.18
1599,209,2023-11-14 16:00:00,6.83
1600,209,2023-11-15 00:00:00,4.16
1601,209,2023-11-15 08:00:00,8.39
1602,209,2023-11-15 16:00:00,6.8
1603,209,2023-11-16 00:00:00,2.35
1604,209,2023-11-16 08:00:00,1.05
1605,209,2023-11-16 16:00:00,6.47
1606,209,2023-11-17 00:00:00,1.86
1607,209,2023-11-17 08:00:00,7.3
1608,209,2023-11-17 16:00:00,3.99
1609,209,2023-11-18 00:00:00,1.94
1610,209,2023-11-18 08:00:00,9.65
1611,209,2023-11-18 16:00:00,7.16
1612,209,2023-11-19 00:00:00,4.37
1613,209,2023-11-19 08:00:00,5.71
1614,209,2023-11-19 16:00:00,4.91
1615,209,2023-11-20 00:00:00,5.19
1616,209,2023-11-20 08:00:00,4.26
1617,209,2023-11-20 16:00:00,3.14
1618,209,2023-11-21 00:00:00,8.45
1619,209,2023-11-21 08:00:00,2.93
1620,209,2023-11-21 16:00:00,1.08
1621,209,2023-11-22 00:00:00,6.93
1622,209,2023-11-22 08:00:00,2.35
1623,209,2023-11-22 16:00:00,3.11
1624,209,2023-11-23 00:00:00,5.52
1625,209,2023-11-23 08:00:00,7.54
1626,209,2023-11-23 16:00:00,7.8
1627,209,2023-11-24 00:00:00,3.65
1628,209,2023-11-24 08:00:00,6.58
1629,209,2023-11-24 16:00:00,9.64
1630,209,2023-11-25 00:00:00,6.47
1631,209,2023-11-25 08:00:00,0.71
1632,209,2023-11-25 16:00:00,4.72
1633,209,2023-11-26 00:00:00,7.2
1634,209,2023-11-26 08:00:00,1.0
1635,209,2023-11-26 16:00:00,3.1
1636,209,2023-11-27 00:00:00,5.71
1637,209,2023-11-27 08:00:00,4.08
1638,209,2023-11-27 16:00:00,7.45
1639,209,2023-11-28 00:00:00,8.95
1640,209,2023-11-28 08:00:00,2.76
1641,209,2023-11-28 16:00:00,4.09
1642,209,2023-11-29 00:00:00,3.7
1643,209,2023-11-29 08:00:00,4.07
1644,209,2023-11-29 16:00:00,8.99
1645,209,2023-11-30 00:00:00,4.28
1646,209,2023-11-30 08:00:00,4.6
1647,209,2023-11-30 16:00:00,9.36
1648,210,2023-10-01 00:00:00,4.1
1649,210,2023-10-01 08:00:00,7.86
1650,210,2023-10-01 16:00:00,6.03
1651,210,2023-10-02 00:00:00,9.16
1652,210,2023-10-02 08:00:00,9.34
1653,210,2023-10-02 16:00:00,7.84
1654,210,2023-10-03 00:00:00,8.87
1655,210,2023-10-03 08:00:00,8.8
1656,210,2023-10-03 16:00:00,8.91
1657,210,2023-10-04 00:00:00,9.76
1658,210,2023-10-04 08:00:00,7.98
1659,210,2023-10-04 16:00:00,1.54
1660,210,2023-10-05 00:00:00,7.6
1661,210,2023-10-05 08:00:00,2.72
1662,210,2023-10-05 16:00:00,6.73
1663,210,2023-10-06 00:00:00,8.63
1664,210,2023-10-06 08:00:00,1.55
1665,210,2023-10-06 16:00:00,2.97
1666,210,2023-10-07 00:00:00,7.16
1667,210,2023-10-07 08:00:00,3.7
1668,210,2023-10-07 16:00:00,7.02
1669,210,2023-10-08 00:00:00,1.01
1670,210,2023-10-08 08:00:00,7.78
1671,210,2023-10-08 16:00:00,2.87
1672,210,2023-10-09 00:00:00,5.38
1673,210,2023-10-09 08:00:00,6.38
1674,210,2023-10-09 16:00:00,1.5
1675,210,2023-10-10 00:00:00,4.45
1676,210,2023-10-10 08:00:00,3.59
1677,210,2023-10-10 16:00:00,3.14
1678,210,2023-10-11 00:00:00,2.3
1679,210,2023-10-11 08:00:00,8.43
1680,210,2023-10-11 16:00:00,1.39
1681,210,2023-10-12 00:00:00,8.39
1682,210,2023-10-12 08:00:00,5.95
1683,210,2023-10-12 16:00:00,9.56
1684,210,2023-10-13 00:00:00,9.75
1685,210,2023-10-13 08:00:00,2.22
1686,210,2023-10-13 16:00:00,9.04
1687,210,2023-10-14 00:00:00,5.76
1688,210,2023-10-14 08:00:00,9.45
1689,210,2023-10-14 16:00:00,6.12
1690,210,2023-10-15 00:00:00,2.82
1691,210,2023-10-15 08:00:00,2.82
1692,210,2023-10-15 16:00:00,2.38
1693,210,2023-10-16 00:00:00,6.07
1694,210,2023-10-16 08:00:00,6.56
1695,210,2023-10-16 16:00:00,5.04
1696,210,2023-10-17 00:00:00,7.12
1697,210,2023-10-17 08:00:00,7.03
1698,210,2023-10-17 16:00:00,4.03
1699,210,2023-10-18 00:00:00,2.87
1700,210,2023-10-18 08:00:00,3.87
1701,210,2023-10-18 16:00:00,5.67
1702,210,2023-10-19 00:00:00,4.05
1703,210,2023-10-19 08:00:00,1.46
1704,210,2023-10-19 16:00:00,9.94
1705,210,2023-10-20 00:00:00,5.58
1706,210,2023-10-20 08:00:00,9.5
1707,210,2023-10-20 16:00:00,4.63
1708,210,2023-10-21 00:00:00,5.2
1709,210,2023-10-21 08:00:00,1.39
1710,210,2023-10-21 16:00:00,3.59
1711,210,2023-10-22 00:00:00,3.17
1712,210,2023-10-22 08:00:00,6.36
1713,210,2023-10-22 16:00:00,7.01
1714,210,2023-10-23 00:00:00,3.65
1715,210,2023-10-23 08:00:00,7.64
1716,210,2023-10-23 16:00:00,6.94
1717,210,2023-10-24 00:00:00,0.74
1718,210,2023-10-24 08:00:00,0.97
1719,210,2023-10-24 16:00:00,8.56
1720,210,2023-10-25 00:00:00,8.06
1721,210,2023-10-25 08:00:00,6.38
1722,210,2023-10-25 16:00:00,4.87
1723,210,2023-10-26 00:00:00,5.63
1724,210,2023-10-26 08:00:00,4.76
1725,210,2023-10-26 16:00:00,5.33
1726,210,2023-10-27 00:00:00,0.64
1727,210,2023-10-27 08:00:00,4.47
1728,210,2023-10-27 16:00:00,5.18
1729,210,2023-10-28 00:00:00,5.4
1730,210,2023-10-28 08:00:00,5.58
1731,210,2023-10-28 16:00:00,4.58
1732,210,2023-10-29 00:00:00,9.77
1733,210,2023-10-29 08:00:00,8.0
1734,210,2023-10-29 16:00:00,4.92
1735,210,2023-10-30 00:00:00,4.9
1736,210,2023-10-30 08:00:00,7.63
1737,210,2023-10-30 16:00:00,8.15
1738,210,2023-10-31 00:00:00,9.22
1739,210,2023-10-31 08:00:00,1.42
1740,210,2023-10-31 16:00:00,8.29
1741,210,2023-11-01 00:00:00,6.06
1742,210,2023-11-01 08:00:00,4.19
1743,210,2023-11-01 16:00:00,5.36
1744,210,2023-11-02 00:00:00,0.74
1745,210,2023-11-02 08:00:00,1.05
1746,210,2023-11-02 16:00:00,2.59
1747,210,2023-11-03 00:00:00,2.25
1748,210,2023-11-03 08:00:00,9.82
1749,210,2023-11-03 16:00:00,9.62
1750,210,2023-11-04 00:00:00,9.62
1751,210,2023-11-04 08:00:00,6.29
1752,210,2023-11-04 16:00:00,7.45
1753,210,2023-11-05 00:00:00,8.25
1754,210,2023-11-05 08:00:00,0.61
1755,210,2023-11-05 16:00:00,6.99
1756,210,2023-11-06 00:00:00,7.78
1757,210,2023-11-06 08:00:00,1.64
1758,210,2023-11-06 16:00:00,7.02
1759,210,2023-11-07 00:00:00,8.55
1760,210,2023-11-07 08:00:00,7.74
1761,210,2023-11-07 16:00:00,5.95
1762,210,2023-11-08 00:00:00,6.13
1763,210,2023-11-08 08:00:00,9.46
1764,210,2023-11-08 16:00:00,4.58
1765,210,2023-11-09 00:00:00,2.32
1766,210,2023-11-09 08:00:00,8.6
1767,210,2023-11-09 16:00:00,5.42
1768,210,2023-11-10 00:00:00,2.85
1769,210,2023-11-10 08:00:00,8.49
1770,210,2023-11-10 16:00:00,6.18
1771,210,2023-11-11 00:00:00,9.04
1772,210,2023-11-11 08:00:00,5.54
1773,210,2023-11-11 16:00:00,5.02
1774,210,2023-11-12 00:00:00,8.11
1775,210,2023-11-12 08:00:00,4.14
1776,210,2023-11-12 16:00:00,9.8
1777,210,2023-11-13 00:00:00,2.31
1778,210,2023-11-13 08:00:00,9.67
1779,210,2023-11-13 16:00:00,8.5
1780,210,2023-11-14 00:00:00,9.32
1781,210,2023-11-14 08:00:00,2.8
1782,210,2023-11-14 16:00:00,7.08
1783,210,2023-11-15 00:00:00,7.63
1784,210,2023-11-15 08:00:00,3.28
1785,210,2023-11-15 16:00:00,2.49
1786,210,2023-11-16 00:00:00,7.69
1787,210,2023-11-16 08:00:00,5.23
1788,210,2023-11-16 16:00:00,7.18
1789,210,2023-11-17 00:00:00,4.18
1790,210,2023-11-17 08:00:00,7.52
1791,210,2023-11-17 16:00:00,8.47
1792,210,2023-11-18 00:00:00,3.23
1793,210,2023-11-18 08:00:00,4.02
1794,210,2023-11-18 16:00:00,4.02
1795,210,2023-11-19 00:00:00,8.8
1796,210,2023-11-19 08:00:00,6.69
1797,210,2023-11-19 16:00:00,7.24
1798,210,2023-11-20 00:00:00,7.3
1799,210,2023-11-20 08:00:00,5.78
1800,210,2023-11-20 16:00:00,5.71
1801,210,2023-11-21 00:00:00,2.05
1802,210,2023-11-21 08:00:00,3.51
1803,210,2023-11-21 16:00:00,3.48
1804,210,2023-11-22 00:00:00,5.84
1805,210,2023-11-22 08:00:00,2.2
1806,210,2023-11-22 16:00:00,6.45
1807,210,2023-11-23 00:00:00,6.12
1808,210,2023-11-23 08:00:00,2.35
1809,210,2023-11-23 16:00:00,8.19
1810,210,2023-11-24 00:00:00,4.31
1811,210,2023-11-24 08:00:00,6.47
1812,210,2023-11-24 16:00:00,1.55
1813,210,2023-11-25 00:00:00,4.71
1814,210,2023-11-25 08:00:00,5.53
1815,210,2023-11-25 16:00:00,0.63
1816,210,2023-11-26 00:00:00,9.5
1817,210,2023-11-26 08:00:00,5.34
1818,210,2023-11-26 16:00:00,6.11
1819,210,2023-11-27 00:00:00,1.37
1820,210,2023-11-27 08:00:00,1.28
1821,210,2023-11-27 16:00:00,9.55
1822,210,2023-11-28 00:00:00,9.94
1823,210,2023-11-28 08:00:00,9.09
1824,210,2023-11-28 16:00:00,6.56
1825,210,2023-11-29 00:00:00,9.42
1826,210,2023-11-29 08:00:00,7.76
1827,210,2023-11-29 16:00:00,0.56
1828,210,2023-11-30 00:00:00,5.53
1829,210,2023-11-30 08:00:00,2.85
1830,210,2023-11-30 16:00:00,5.41
1831,211,2023-10-01 00:00:00,3.77
1832,211,2023-10-01 08:00:00,5.17
1833,211,2023-10-01 16:00:00,1.04
1834,211,2023-10-02 00:00:00,1.79
1835,211,2023-10-02 08:00:00,1.24
1836,211,2023-10-02 16:00:00,8.55
1837,211,2023-10-03 00:00:00,1.42
1838,211,2023-10-03 08:00:00,8.99
1839,211,2023-10-03 16:00:00,3.64
1840,211,2023-10-04 00:00:00,3.44
1841,211,2023-10-04 08:00:00,9.23
1842,211,2023-10-04 16:00:00,2.4
1843,211,2023-10-05 00:00:00,9.53
1844,211,2023-10-05 08:00:00,2.82
1845,211,2023-10-05 16:00:00,0.57
1846,211,2023-10-06 00:00:00,7.76
1847,211,2023-10-06 08:00:00,8.34
1848,211,2023-10-06 16:00:00,4.78
1849,211,2023-10-07 00:00:00,1.81
1850,211,2023-10-07 08:00:00,7.16
1851,211,2023-10-07 16:00:00,2.38
1852,211,2023-10-08 00:00:00,3.04
1853,211,2023-10-08 08:00:00,5.76
1854,211,2023-10-08 16:00:00,5.81
1855,211,2023-10-09 00:00:00,4.19
1856,211,2023-10-09 08:00:00,5.32
1857,211,2023-10-09 16:00:00,9.97
1858,211,2023-10-10 00:00:00,5.71
1859,211,2023-10-10 08:00:00,2.83
1860,211,2023-10-10 16:00:00,4.49
1861,211,2023-10-11 00:00:00,1.31
1862,211,2023-10-11 08:00:00,5.51
1863,211,2023-10-11 16:00:00,9.01
1864,211,2023-10-12 00:00:00,6.42
1865,211,2023-10-12 08:00:00,2.04
1866,211,2023-10-12 16:00:00,3.62
1867,211,2023-10-13 00:00:00,7.71
1868,211,2023-10-13 08:00:00,7.33
1869,211,2023-10-13 16:00:00,5.21
1870,211,2023-10-14 00:00:00,3.98
1871,211,2023-10-14 08:00:00,2.88
1872,211,2023-10-14 16:00:00,9.0
1873,211,2023-10-15 00:00:00,3.89
1874,211,2023-10-15 08:00:00,5.2
1875,211,2023-10-15 16:00:00,2.19
1876,211,2023-10-16 00:00:00,4.4
1877,211,2023-10-16 08:00:00,6.08
1878,211,2023-10-16 16:00:00,8.08
1879,211,2023-10-17 00:00:00,6.86
1880,211,2023-10-17 08:00:00,7.37
1881,211,2023-10-17 16:00:00,1.67
1882,211,2023-10-18 00:00:00,5.37
1883,211,2023-10-18 08:00:00,1.18
1884,211,2023-10-18 16:00:00,9.26
1885,211,2023-10-19 00:00:00,1.79
1886,211,2023-10-19 08:00:00,2.19
1887,211,2023-10-19 16:00:00,7.31
1888,211,2023-10-20 00:00:00,9.79
1889,211,2023-10-20 08:00:00,2.69
1890,211,2023-10-20 16:00:00,5.44
1891,211,2023-10-21 00:00:00,3.43
1892,211,2023-10-21 08:00:00,3.87
1893,211,2023-10-21 16:00:00,9.45
1894,211,2023-10-22 00:00:00,9.97
1895,211,2023-10-22 08:00:00,0.73
1896,211,2023-10-22 16:00:00,5.53
1897,211,2023-10-23 00:00:00,0.59
1898,211,2023-10-23 08:00:00,2.95
1899,211,2023-10-23 16:00:00,6.31
1900,211,2023-10-24 00:00:00,3.63
1901,211,2023-10-24 08:00:00,2.85
1902,211,2023-10-24 16:00:00,4.4
1903,211,2023-10-25 00:00:00,3.67
1904,211,2023-10-25 08:00:00,3.3
1905,211,2023-10-25 16:00:00,0.95
1906,211,2023-10-26 00:00:00,1.99
1907,211,2023-10-26 08:00:00,7.18
1908,211,2023-10-26 16:00:00,6.82
1909,211,2023-10-27 00:00:00,6.59
1910,211,2023-10-27 08:00:00,3.01
1911,211,2023-10-27 16:00:00,8.0
1912,211,2023-10-28 00:00:00,3.05
1913,211,2023-10-28 08:00:00,4.87
1914,211,2023-10-28 16:00:00,1.39
1915,211,2023-10-29 00:00:00,9.75
1916,211,2023-10-29 08:00:00,2.8
1917,211,2023-10-29 16:00:00,8.52
1918,211,2023-10-30 00:00:00,4.91
1919,211,2023-10-30 08:00:00,3.97
1920,211,2023-10-30 16:00:00,9.77
1921,211,2023-10-31 00:00:00,9.75
1922,211,2023-10-31 08:00:00,3.66
1923,211,2023-10-31 16:00:00,5.21
1924,211,2023-11-01 00:00:00,9.28
1925,211,2023-11-01 08:00:00,1.24
1926,211,2023-11-01 16:00:00,5.86
1927,211,2023-11-02 00:00:00,5.73
1928,211,2023-11-02 08:00:00,2.17
1929,211,2023-11-02 16:00:00,6.28
1930,211,2023-11-03 00:00:00,1.92
1931,211,2023-11-03 08:00:00,2.12
1932,211,2023-11-03 16:00:00,5.35
1933,211,2023-11-04 00:00:00,2.12
1934,211,2023-11-04 08:00:00,2.09
1935,211,2023-11-04 16:00:00,9.78
1936,211,2023-11-05 00:00:00,2.7
1937,211,2023-11-05 08:00:00,1.93
1938,211,2023-11-05 16:00:00,0.73
1939,211,2023-11-06 00:00:00,2.17
1940,211,2023-11-06 08:00:00,9.0
1941,211,2023-11-06 16:00:00,6.01
1942,211,2023-11-07 00:00:00,7.67
1943,211,2023-11-07 08:00:00,1.09
1944,211,2023-11-07 16:00:00,3.74
1945,211,2023-11-08 00:00:00,7.56
1946,211,2023-11-08 08:00:00,5.33
1947,211,2023-11-08 16:00:00,6.2
1948,211,2023-11-09 00:00:00,8.31
1949,211,2023-11-09 08:00:00,8.94
1950,211,2023-11-09 16:00:00,3.18
1951,211,2023-11-10 00:00:00,0.93
1952,211,2023-11-10 08:00:00,1.12
1953,211,2023-11-10 16:00:00,1.5
1954,211,2023-11-11 00:00:00,4.55
1955,211,2023-11-11 08:00:00,1.82
1956,211,2023-11-11 16:00:00,4.44
1957,211,2023-11-12 00:00:00,9.85
1958,211,2023-11-12 08:00:00,9.11
1959,211,2023-11-12 16:00:00,3.89
1960,211,2023-11-13 00:00:00,4.76
1961,211,2023-11-13 08:00:00,2.22
1962,211,2023-11-13 16:00:00,8.04
1963,211,2023-11-14 00:00:00,8.9
1964,211,2023-11-14 08:00:00,3.77
1965,211,2023-11-14 16:00:00,1.62
1966,211,2023-11-15 00:00:00,7.43
1967,211,2023-11-15 08:00:00,5.89
1968,211,2023-11-15 16:00:00,6.12
1969,211,2023-11-16 00:00:00,2.32
1970,211,2023-11-16 08:00:00,4.31
1971,211,2023-11-16 16:00:00,4.16
1972,211,2023-11-17 00:00:00,6.48
1973,211,2023-11-17 08:00:00,1.09
1974,211,2023-11-17 16:00:00,6.85
1975,211,2023-11-18 00:00:00,2.81
1976,211,2023-11-18 08:00:00,8.32
1977,211,2023-11-18 16:00:00,8.25
1978,211,2023-11-19 00:00:00,8.83
1979,211,2023-11-19 08:00:00,4.11
1980,211,2023-11-19 16:00:00,8.24
1981,211,2023-11-20 00:00:00,3.93
1982,211,2023-11-20 08:00:00,2.62
1983,211,2023-11-20 16:00:00,1.38
1984,211,2023-11-21 00:00:00,7.88
1985,211,2023-11-21 08:00:00,2.96
1986,211,2023-11-21 16:00:00,9.07
1987,211,2023-11-22 00:00:00,5.77
1988,211,2023-11-22 08:00:00,9.78
1989,211,2023-11-22 16:00:00,9.17
1990,211,2023-11-23 00:00:00,5.61
1991,211,2023-11-23 08:00:00,4.21
1992,211,2023-11-23 16:00:00,3.16
1993,211,2023-11-24 00:00:00,1.3
1994,211,2023-11-24 08:00:00,4.0
1995,211,2023-11-24 16:00:00,4.4
1996,211,2023-11-25 00:00:00,7.23
1997,211,2023-11-25 08:00:00,3.52
1998,211,2023-11-25 16:00:00,1.16
1999,211,2023-11-26 00:00:00,7.46
2000,211,2023-11-26 08:00:00,8.55
2001,211,2023-11-26 16:00:00,7.85
2002,211,2023-11-27 00:00:00,5.78
2003,211,2023-11-27 08:00:00,2.87
2004,211,2023-11-27 16:00:00,4.63
2005,211,2023-11-28 00:00:00,6.57
2006,211,2023-11-28 08:00:00,1.69
2007,211,2023-11-28 16:00:00,7.07
2008,211,2023-11-29 00:00:00,6.97
2009,211,2023-11-29 08:00:00,1.71
2010,211,2023-11-29 16:00:00,7.76
2011,211,2023-11-30 00:00:00,6.22
2012,211,2023-11-30 08:00:00,2.85
2013,211,2023-11-30 16:00:00,3.61
2014,212,2023-10-01 00:00:00,9.73
2015,212,2023-10-01 08:00:00,9.46
2016,212,2023-10-01 16:00:00,3.84
2017,212,2023-10-02 00:00:00,4.88
2018,212,2023-10-02 08:00:00,7.89
2019,212,2023-10-02 16:00:00,6.22
2020,212,2023-10-03 00:00:00,8.95
2021,212,2023-10-03 08:00:00,3.92
2022,212,2023-10-03 16:00:00,0.85
2023,212,2023-10-04 00:00:00,5.32
2024,212,2023-10-04 08:00:00,3.22
2025,212,2023-10-04 16:00:00,1.25
2026,212,2023-10-05 00:00:00,7.48
2027,212,2023-10-05 08:00:00,0.77
2028,212,2023-10-05 16:00:00,8.98
2029,212,2023-10-06 00:00:00,1.17
2030,212,2023-10-06 08:00:00,1.41
2031,212,2023-10-06 16:00:00,9.28
2032,212,2023-10-07 00:00:00,2.8
2033,212,2023-10-07 08:00:00,9.76
2034,212,2023-10-07 16:00:00,3.73
2035,212,2023-10-08 00:00:00,6.46
2036,212,2023-10-08 08:00:00,9.81
2037,212,2023-10-08 16:00:00,2.52
2038,212,2023-10-09 00:00:00,4.88
2039,212,2023-10-09 08:00:00,4.66
2040,212,2023-10-09 16:00:00,4.56
2041,212,2023-10-10 00:00:00,3.18
2042,212,2023-10-10 08:00:00,4.6
2043,212,2023-10-10 16:00:00,8.47
2044,212,2023-10-11 00:00:00,7.04
2045,212,2023-10-11 08:00:00,5.24
2046,212,2023-10-11 16:00:00,7.15
2047,212,2023-10-12 00:00:00,3.92
2048,212,2023-10-12 08:00:00,9.73
2049,212,2023-10-12 16:00:00,9.1
2050,212,2023-10-13 00:00:00,8.48
2051,212,2023-10-13 08:00:00,5.63
2052,212,2023-10-13 16:00:00,3.2
2053,212,2023-10-14 00:00:00,8.43
2054,212,2023-10-14 08:00:00,8.12
2055,212,2023-10-14 16:00:00,5.28
2056,212,2023-10-15 00:00:00,3.34
2057,212,2023-10-15 08:00:00,5.8
2058,212,2023-10-15 16:00:00,6.66
2059,212,2023-10-16 00:00:00,8.6
2060,212,2023-10-16 08:00:00,0.97
2061,212,2023-10-16 16:00:00,3.32
2062,212,2023-10-17 00:00:00,3.56
2063,212,2023-10-17 08:00:00,8.56
2064,212,2023-10-17 16:00:00,1.36
2065,212,2023-10-18 00:00:00,2.7
2066,212,2023-10-18 08:00:00,3.39
2067,212,2023-10-18 16:00:00,5.19
2068,212,2023-10-19 00:00:00,6.98
2069,212,2023-10-19 08:00:00,0.83
2070,212,2023-10-19 16:00:00,3.93
2071,212,2023-10-20 00:00:00,9.77
2072,212,2023-10-20 08:00:00,9.63
2073,212,2023-10-20 16:00:00,5.52
2074,212,2023-10-21 00:00:00,9.05
2075,212,2023-10-21 08:00:00,2.0
2076,212,2023-10-21 16:00:00,1.67
2077,212,2023-10-22 00:00:00,1.24
2078,212,2023-10-22 08:00:00,4.7
2079,212,2023-10-22 16:00:00,4.03
2080,212,2023-10-23 00:00:00,8.4
2081,212,2023-10-23 08:00:00,9.32
2082,212,2023-10-23 16:00:00,8.74
2083,212,2023-10-24 00:00:00,2.81
2084,212,2023-10-24 08:00:00,8.87
2085,212,2023-10-24 16:00:00,3.89
2086,212,2023-10-25 00:00:00,8.4
2087,212,2023-10-25 08:00:00,7.99
2088,212,2023-10-25 16:00:00,9.24
2089,212,2023-10-26 00:00:00,2.24
2090,212,2023-10-26 08:00:00,4.84
2091,212,2023-10-26 16:00:00,7.02
2092,212,2023-10-27 00:00:00,8.08
2093,212,2023-10-27 08:00:00,6.5
2094,212,2023-10-27 16:00:00,8.51
2095,212,2023-10-28 00:00:00,0.83
2096,212,2023-10-28 08:00:00,5.34
2097,212,2023-10-28 16:00:00,3.02
2098,212,2023-10-29 00:00:00,6.26
2099,212,2023-10-29 08:00:00,9.43
2100,212,2023-10-29 16:00:00,9.98
2101,212,2023-10-30 00:00:00,6.03
2102,212,2023-10-30 08:00:00,6.8
2103,212,2023-10-30 16:00:00,9.88
2104,212,2023-10-31 00:00:00,1.33
2105,212,2023-10-31 08:00:00,0.8
2106,212,2023-10-31 16:00:00,6.84
2107,212,2023-11-01 00:00:00,4.37
2108,212,2023-11-01 08:00:00,4.99
2109,212,2023-11-01 16:00:00,3.45
2110,212,2023-11-02 00:00:00,9.25
2111,212,2023-11-02 08:00:00,4.55
2112,212,2023-11-02 16:00:00,4.64
2113,212,2023-11-03 00:00:00,7.07
2114,212,2023-11-03 08:00:00,2.7
2115,212,2023-11-03 16:00:00,1.22
2116,212,2023-11-04 00:00:00,9.19
2117,212,2023-11-04 08:00:00,0.85
2118,212,2023-11-04 16:00:00,8.36
2119,212,2023-11-05 00:00:00,5.97
2120,212,2023-11-05 08:00:00,4.32
2121,212,2023-11-05 16:00:00,0.98
2122,212,2023-11-06 00:00:00,1.9
2123,212,2023-11-06 08:00:00,7.27
2124,212,2023-11-06 16:00:00,2.73
2125,212,2023-11-07 00:00:00,5.56
2126,212,2023-11-07 08:00:00,5.42
2127,212,2023-11-07 16:00:00,1.44
2128,212,2023-11-08 00:00:00,9.13
2129,212,2023-11-08 08:00:00,8.01
2130,212,2023-11-08 16:00:00,9.38
2131,212,2023-11-09 00:00:00,8.39
2132,212,2023-11-09 08:00:00,0.74
2133,212,2023-11-09 16:00:00,3.2
2134,212,2023-11-10 00:00:00,6.76
2135,212,2023-11-10 08:00:00,4.04
2136,212,2023-11-10 16:00:00,3.15
2137,212,2023-11-11 00:00:00,6.27
2138,212,2023-11-11 08:00:00,4.27
2139,212,2023-11-11 16:00:00,2.51
2140,212,2023-11-12 00:00:00,1.09
2141,212,2023-11-12 08:00:00,9.47
2142,212,2023-11-12 16:00:00,7.19
2143,212,2023-11-13 00:00:00,9.22
2144,212,2023-11-13 08:00:00,6.87
2145,212,2023-11-13 16:00:00,1.32
2146,212,2023-11-14 00:00:00,3.47
2147,212,2023-11-14 08:00:00,9.11
2148,212,2023-11-14 16:00:00,3.36
2149,212,2023-11-15 00:00:00,3.2
2150,212,2023-11-15 08:00:00,6.23
2151,212,2023-11-15 16:00:00,3.66
2152,212,2023-11-16 00:00:00,1.12
2153,212,2023-11-16 08:00:00,1.99
2154,212,2023-11-16 16:00:00,3.06
2155,212,2023-11-17 00:00:00,3.36
2156,212,2023-11-17 08:00:00,2.2
2157,212,2023-11-17 16:00:00,4.85
2158,212,2023-11-18 00:00:00,4.21
2159,212,2023-11-18 08:00:00,0.58
2160,212,2023-11-18 16:00:00,5.08
2161,212,2023-11-19 00:00:00,7.29
2162,212,2023-11-19 08:00:00,1.29
2163,212,2023-11-19 16:00:00,2.53
2164,212,2023-11-20 00:00:00,8.58
2165,212,2023-11-20 08:00:00,3.57
2166,212,2023-11-20 16:00:00,5.45
2167,212,2023-11-21 00:00:00,2.16
2168,212,2023-11-21 08:00:00,1.29
2169,212,2023-11-21 16:00:00,5.58
2170,212,2023-11-22 00:00:00,7.09
2171,212,2023-11-22 08:00:00,0.61
2172,212,2023-11-22 16:00:00,8.62
2173,212,2023-11-23 00:00:00,5.67
2174,212,2023-11-23 08:00:00,4.47
2175,212,2023-11-23 16:00:00,6.99
2176,212,2023-11-24 00:00:00,5.93
2177,212,2023-11-24 08:00:00,3.36
2178,212,2023-11-24 16:00:00,7.1
2179,212,2023-11-25 00:00:00,5.37
2180,212,2023-11-25 08:00:00,6.66
2181,212,2023-11-25 16:00:00,5.99
2182,212,2023-11-26 00:00:00,0.76
2183,212,2023-11-26 08:00:00,4.25
2184,212,2023-11-26 16:00:00,8.6
2185,212,2023-11-27 00:00:00,8.43
2186,212,2023-11-27 08:00:00,2.52
2187,212,2023-11-27 16:00:00,0.51
2188,212,2023-11-28 00:00:00,2.91
2189,212,2023-11-28 08:00:00,8.31
2190,212,2023-11-28 16:00:00,5.4
2191,212,2023-11-29 00:00:00,4.98
2192,212,2023-11-29 08:00:00,5.87
2193,212,2023-11-29 16:00:00,8.67
2194,212,2023-11-30 00:00:00,5.64
2195,212,2023-11-30 08:00:00,0.56
2196,212,2023-11-30 16:00:00,3.05
2197,213,2023-10-01 00:00:00,0.89
2198,213,2023-10-01 08:00:00,2.27
2199,213,2023-10-01 16:00:00,7.16
2200,213,2023-10-02 00:00:00,8.42
2201,213,2023-10-02 08:00:00,1.45
2202,213,2023-10-02 16:00:00,2.4
2203,213,2023-10-03 00:00:00,0.84
2204,213,2023-10-03 08:00:00,4.15
2205,213,2023-10-03 16:00:00,1.56
2206,213,2023-10-04 00:00:00,2.0
2207,213,2023-10-04 08:00:00,1.57
2208,213,2023-10-04 16:00:00,3.31
2209,213,2023-10-05 00:00:00,3.31
2210,213,2023-10-05 08:00:00,1.28
2211,213,2023-10-05 16:00:00,2.67
2212,213,2023-10-06 00:00:00,8.95
2213,213,2023-10-06 08:00:00,6.7
2214,213,2023-10-06 16:00:00,8.83
2215,213,2023-10-07 00:00:00,5.46
2216,213,2023-10-07 08:00:00,9.16
2217,213,2023-10-07 16:00:00,6.45
2218,213,2023-10-08 00:00:00,2.03
2219,213,2023-10-08 08:00:00,5.41
2220,213,2023-10-08 16:00:00,9.96
2221,213,2023-10-09 00:00:00,7.43
2222,213,2023-10-09 08:00:00,5.05
2223,213,2023-10-09 16:00:00,3.96
2224,213,2023-10-10 00:00:00,2.57
2225,213,2023-10-10 08:00:00,7.72
2226,213,2023-10-10 16:00:00,6.65
2227,213,2023-10-11 00:00:00,2.18
2228,213,2023-10-11 08:00:00,9.79
2229,213,2023-10-11 16:00:00,1.05
2230,213,2023-10-12 00:00:00,7.79
2231,213,2023-10-12 08:00:00,1.96
2232,213,2023-10-12 16:00:00,8.87
2233,213,2023-10-13 00:00:00,5.0
2234,213,2023-10-13 08:00:00,4.36
2235,213,2023-10-13 16:00:00,4.49
2236,213,2023-10-14 00:00:00,2.28
2237,213,2023-10-14 08:00:00,9.22
2238,213,2023-10-14 16:00:00,2.74
2239,213,2023-10-15 00:00:00,5.78
2240,213,2023-10-15 08:00:00,0.86
2241,213,2023-10-15 16:00:00,6.34
2242,213,2023-10-16 00:00:00,1.98
2243,213,2023-10-16 08:00:00,6.15
2244,213,2023-10-16 16:00:00,5.6
2245,213,2023-10-17 00:00:00,5.51
2246,213,2023-10-17 08:00:00,6.93
2247,213,2023-10-17 16:00:00,6.1
2248,213,2023-10-18 00:00:00,9.95
2249,213,2023-10-18 08:00:00,0.85
2250,213,2023-10-18 16:00:00,0.77
2251,213,2023-10-19 00:00:00,6.2
2252,213,2023-10-19 08:00:00,6.65
2253,213,2023-10-19 16:00:00,9.09
2254,213,2023-10-20 00:00:00,3.29
2255,213,2023-10-20 08:00:00,4.92
2256,213,2023-10-20 16:00:00,0.5
2257,213,2023-10-21 00:00:00,5.74
2258,213,2023-10-21 08:00:00,3.16
2259,213,2023-10-21 16:00:00,9.37
2260,213,2023-10-22 00:00:00,1.91
2261,213,2023-10-22 08:00:00,4.72
2262,213,2023-10-22 16:00:00,5.52
2263,213,2023-10-23 00:00:00,8.38
2264,213,2023-10-23 08:00:00,0.88
2265,213,2023-10-23 16:00:00,9.5
2266,213,2023-10-24 00:00:00,6.68
2267,213,2023-10-24 08:00:00,2.58
2268,213,2023-10-24 16:00:00,1.03
2269,213,2023-10-25 00:00:00,6.62
2270,213,2023-10-25 08:00:00,1.52
2271,213,2023-10-25 16:00:00,2.33
2272,213,2023-10-26 00:00:00,8.28
2273,213,2023-10-26 08:00:00,6.0
2274,213,2023-10-26 16:00:00,1.3
2275,213,2023-10-27 00:00:00,1.04
2276,213,2023-10-27 08:00:00,3.22
2277,213,2023-10-27 16:00:00,4.23
2278,213,2023-10-28 00:00:00,2.15
2279,213,2023-10-28 08:00:00,3.83
2280,213,2023-10-28 16:00:00,1.9
2281,213,2023-10-29 00:00:00,6.32
2282,213,2023-10-29 08:00:00,8.75
2283,213,2023-10-29 16:00:00,6.95
2284,213,2023-10-30 00:00:00,7.07
2285,213,2023-10-30 08:00:00,7.3
2286,213,2023-10-30 16:00:00,9.09
2287,213,2023-10-31 00:00:00,7.31
2288,213,2023-10-31 08:00:00,4.52
2289,213,2023-10-31 16:00:00,9.06
2290,213,2023-11-01 00:00:00,6.59
2291,213,2023-11-01 08:00:00,9.05
2292,213,2023-11-01 16:00:00,7.4
2293,213,2023-11-02 00:00:00,1.98
2294,213,2023-11-02 08:00:00,9.14
2295,213,2023-11-02 16:00:00,9.48
2296,213,2023-11-03 00:00:00,5.19
2297,213,2023-11-03 08:00:00,4.11
2298,213,2023-11-03 16:00:00,0.53
2299,213,2023-11-04 00:00:00,3.48
2300,213,2023-11-04 08:00:00,4.79
2301,213,2023-11-04 16:00:00,8.81
2302,213,2023-11-05 00:00:00,6.98
2303,213,2023-11-05 08:00:00,9.74
2304,213,2023-11-05 16:00:00,3.18
2305,213,2023-11-06 00:00:00,3.42
2306,213,2023-11-06 08:00:00,9.29
2307,213,2023-11-06 16:00:00,2.03
2308,213,2023-11-07 00:00:00,2.08
2309,213,2023-11-07 08:00:00,1.82
2310,213,2023-11-07 16:00:00,9.73
2311,213,2023-11-08 00:00:00,7.42
2312,213,2023-11-08 08:00:00,7.43
2313,213,2023-11-08 16:00:00,4.1
2314,213,2023-11-09 00:00:00,6.72
2315,213,2023-11-09 08:00:00,9.97
2316,213,2023-11-09 16:00:00,4.81
2317,213,2023-11-10 00:00:00,1.03
2318,213,2023-11-10 08:00:00,1.57
2319,213,2023-11-10 16:00:00,1.82
2320,213,2023-11-11 00:00:00,3.1
2321,213,2023-11-11 08:00:00,4.29
2322,213,2023-11-11 16:00:00,4.04
2323,213,2023-11-12 00:00:00,6.93
2324,213,2023-11-12 08:00:00,0.58
2325,213,2023-11-12 16:00:00,7.62
2326,213,2023-11-13 00:00:00,1.4
2327,213,2023-11-13 08:00:00,0.92
2328,213,2023-11-13 16:00:00,3.39
2329,213,2023-11-14 00:00:00,4.42
2330,213,2023-11-14 08:00:00,5.07
2331,213,2023-11-14 16:00:00,6.7
2332,213,2023-11-15 00:00:00,6.62
2333,213,2023-11-15 08:00:00,7.04
2334,213,2023-11-15 16:00:00,8.87
2335,213,2023-11-16 00:00:00,6.02
2336,213,2023-11-16 08:00:00,1.44
2337,213,2023-11-16 16:00:00,3.33
2338,213,2023-11-17 00:00:00,6.31
2339,213,2023-11-17 08:00:00,2.36
2340,213,2023-11-17 16:00:00,2.07
2341,213,2023-11-18 00:00:00,5.69
2342,213,2023-11-18 08:00:00,4.4
2343,213,2023-11-18 16:00:00,3.79
2344,213,2023-11-19 00:00:00,8.29
2345,213,2023-11-19 08:00:00,8.41
2346,213,2023-11-19 16:00:00,3.51
2347,213,2023-11-20 00:00:00,3.68
2348,213,2023-11-20 08:00:00,9.95
2349,213,2023-11-20 16:00:00,0.7
2350,213,2023-11-21 00:00:00,0.7
2351,213,2023-11-21 08:00:00,8.25
2352,213,2023-11-21 16:00:00,0.78
2353,213,2023-11-22 00:00:00,6.24
2354,213,2023-11-22 08:00:00,7.83
2355,213,2023-11-22 16:00:00,0.93
2356,213,2023-11-23 00:00:00,4.54
2357,213,2023-11-23 08:00:00,9.98
2358,213,2023-11-23 16:00:00,9.68
2359,213,2023-11-24 00:00:00,6.12
2360,213,2023-11-24 08:00:00,2.41
2361,213,2023-11-24 16:00:00,3.74
2362,213,2023-11-25 00:00:00,1.44
2363,213,2023-11-25 08:00:00,9.94
2364,213,2023-11-25 16:00:00,2.94
2365,213,2023-11-26 00:00:00,8.16
2366,213,2023-11-26 08:00:00,1.63
2367,213,2023-11-26 16:00:00,3.15
2368,213,2023-11-27 00:00:00,0.86
2369,213,2023-11-27 08:00:00,1.41
2370,213,2023-11-27 16:00:00,0.72
2371,213,2023-11-28 00:00:00,8.96
2372,213,2023-11-28 08:00:00,1.65
2373,213,2023-11-28 16:00:00,8.29
2374,213,2023-11-29 00:00:00,2.29
2375,213,2023-11-29 08:00:00,3.99
2376,213,2023-11-29 16:00:00,6.13
2377,213,2023-11-30 00:00:00,0.58
2378,213,2023-11-30 08:00:00,4.88
2379,213,2023-11-30 16:00:00,6.93
2380,214,2023-10-01 00:00:00,1.89
2381,214,2023-10-01 08:00:00,2.95
2382,214,2023-10-01 16:00:00,6.88
2383,214,2023-10-02 00:00:00,9.99
2384,214,2023-10-02 08:00:00,2.02
2385,214,2023-10-02 16:00:00,8.59
2386,214,2023-10-03 00:00:00,4.21
2387,214,2023-10-03 08:00:00,5.31
2388,214,2023-10-03 16:00:00,0.58
2389,214,2023-10-04 00:00:00,6.7
2390,214,2023-10-04 08:00:00,2.82
2391,214,2023-10-04 16:00:00,7.66
2392,214,2023-10-05 00:00:00,7.86
2393,214,2023-10-05 08:00:00,2.64
2394,214,2023-10-05 16:00:00,6.93
2395,214,2023-10-06 00:00:00,7.56
2396,214,2023-10-06 08:00:00,4.07
2397,214,2023-10-06 16:00:00,6.87
2398,214,2023-10-07 00:00:00,8.16
2399,214,2023-10-07 08:00:00,5.32
2400,214,2023-10-07 16:00:00,1.69
2401,214,2023-10-08 00:00:00,3.8
2402,214,2023-10-08 08:00:00,6.45
2403,214,2023-10-08 16:00:00,5.8
2404,214,2023-10-09 00:00:00,1.46
2405,214,2023-10-09 08:00:00,3.31
2406,214,2023-10-09 16:00:00,8.65
2407,214,2023-10-10 00:00:00,3.84
2408,214,2023-10-10 08:00:00,3.89
2409,214,2023-10-10 16:00:00,8.27
2410,214,2023-10-11 00:00:00,3.56
2411,214,2023-10-11 08:00:00,0.71
2412,214,2023-10-11 16:00:00,4.51
2413,214,2023-10-12 00:00:00,4.79
2414,214,2023-10-12 08:00:00,6.53
2415,214,2023-10-12 16:00:00,8.23
2416,214,2023-10-13 00:00:00,4.84
2417,214,2023-10-13 08:00:00,5.97
2418,214,2023-10-13 16:00:00,1.4
2419,214,2023-10-14 00:00:00,6.5
2420,214,2023-10-14 08:00:00,7.24
2421,214,2023-10-14 16:00:00,2.06
2422,214,2023-10-15 00:00:00,8.94
2423,214,2023-10-15 08:00:00,5.94
2424,214,2023-10-15 16:00:00,2.59
2425,214,2023-10-16 00:00:00,8.07
2426,214,2023-10-16 08:00:00,1.05
2427,214,2023-10-16 16:00:00,6.61
2428,214,2023-10-17 00:00:00,3.22
2429,214,2023-10-17 08:00:00,6.91
2430,214,2023-10-17 16:00:00,3.94
2431,214,2023-10-18 00:00:00,4.94
2432,214,2023-10-18 08:00:00,5.68
2433,214,2023-10-18 16:00:00,3.52
2434,214,2023-10-19 00:00:00,1.19
2435,214,2023-10-19 08:00:00,6.53
2436,214,2023-10-19 16:00:00,3.58
2437,214,2023-10-20 00:00:00,0.58
2438,214,2023-10-20 08:00:00,6.25
2439,214,2023-10-20 16:00:00,2.92
2440,214,2023-10-21 00:00:00,6.58
2441,214,2023-10-21 08:00:00,4.56
2442,214,2023-10-21 16:00:00,0.52
2443,214,2023-10-22 00:00:00,0.53
2444,214,2023-10-22 08:00:00,1.47
2445,214,2023-10-22 16:00:00,8.92
2446,214,2023-10-23 00:00:00,7.64
2447,214,2023-10-23 08:00:00,2.2
2448,214,2023-10-23 16:00:00,1.86
2449,214,2023-10-24 00:00:00,6.01
2450,214,2023-10-24 08:00:00,5.58
2451,214,2023-10-24 16:00:00,2.39
2452,214,2023-10-25 00:00:00,9.24
2453,214,2023-10-25 08:00:00,3.55
2454,214,2023-10-25 16:00:00,9.12
2455,214,2023-10-26 00:00:00,9.85
2456,214,2023-10-26 08:00:00,8.48
2457,214,2023-10-26 16:00:00,1.08
2458,214,2023-10-27 00:00:00,6.49
2459,214,2023-10-27 08:00:00,5.52
2460,214,2023-10-27 16:00:00,5.0
2461,214,2023-10-28 00:00:00,4.17
2462,214,2023-10-28 08:00:00,4.17
2463,214,2023-10-28 16:00:00,4.65
2464,214,2023-10-29 00:00:00,4.19
2465,214,2023-10-29 08:00:00,3.4
2466,214,2023-10-29 16:00:00,6.68
2467,214,2023-10-30 00:00:00,1.09
2468,214,2023-10-30 08:00:00,6.12
2469,214,2023-10-30 16:00:00,8.88
2470,214,2023-10-31 00:00:00,1.99
2471,214,2023-10-31 08:00:00,0.98
2472,214,2023-10-31 16:00:00,6.97
2473,214,2023-11-01 00:00:00,5.31
2474,214,2023-11-01 08:00:00,8.93
2475,214,2023-11-01 16:00:00,3.78
2476,214,2023-11-02 00:00:00,6.41
2477,214,2023-11-02 08:00:00,3.9
2478,214,2023-11-02 16:00:00,3.06
2479,214,2023-11-03 00:00:00,2.92
2480,214,2023-11-03 08:00:00,8.5
2481,214,2023-11-03 16:00:00,7.91
2482,214,2023-11-04 00:00:00,2.99
2483,214,2023-11-04 08:00:00,2.25
2484,214,2023-11-04 16:00:00,6.63
2485,214,2023-11-05 00:00:00,6.34
2486,214,2023-11-05 08:00:00,2.31
2487,214,2023-11-05 16:00:00,4.85
2488,214,2023-11-06 00:00:00,1.49
2489,214,2023-11-06 08:00:00,8.75
2490,214,2023-11-06 16:00:00,8.26
2491,214,2023-11-07 00:00:00,0.54
2492,214,2023-11-07 08:00:00,2.2
2493,214,2023-11-07 16:00:00,5.15
2494,214,2023-11-08 00:00:00,6.54
2495,214,2023-11-08 08:00:00,3.86
2496,214,2023-11-08 16:00:00,5.43
2497,214,2023-11-09 00:00:00,3.01
2498,214,2023-11-09 08:00:00,1.99
2499,214,2023-11-09 16:00:00,6.93
2500,214,2023-11-10 00:00:00,3.02
2501,214,2023-11-10 08:00:00,9.61
2502,214,2023-11-10 16:00:00,4.83
2503,214,2023-11-11 00:00:00,4.77
2504,214,2023-11-11 08:00:00,1.68
2505,214,2023-11-11 16:00:00,6.79
2506,214,2023-11-12 00:00:00,5.88
2507,214,2023-11-12 08:00:00,1.03
2508,214,2023-11-12 16:00:00,4.33
2509,214,2023-11-13 00:00:00,0.76
2510,214,2023-11-13 08:00:00,5.12
2511,214,2023-11-13 16:00:00,5.25
2512,214,2023-11-14 00:00:00,7.75
2513,214,2023-11-14 08:00:00,9.1
2514,214,2023-11-14 16:00:00,5.76
2515,214,2023-11-15 00:00:00,7.29
2516,214,2023-11-15 08:00:00,7.24
2517,214,2023-11-15 16:00:00,0.52
2518,214,2023-11-16 00:00:00,6.31
2519,214,2023-11-16 08:00:00,4.55
2520,214,2023-11-16 16:00:00,1.93
2521,214,2023-11-17 00:00:00,1.87
2522,214,2023-11-17 08:00:00,8.16
2523,214,2023-11-17 16:00:00,0.72
2524,214,2023-11-18 00:00:00,8.5
2525,214,2023-11-18 08:00:00,2.46
2526,214,2023-11-18 16:00:00,6.67
2527,214,2023-11-19 00:00:00,1.9
2528,214,2023-11-19 08:00:00,7.74
2529,214,2023-11-19 16:00:00,8.13
2530,214,2023-11-20 00:00:00,7.14
2531,214,2023-11-20 08:00:00,8.62
2532,214,2023-11-20 16:00:00,9.94
2533,214,2023-11-21 00:00:00,6.56
2534,214,2023-11-21 08:00:00,0.6
2535,214,2023-11-21 16:00:00,6.28
2536,214,2023-11-22 00:00:00,6.5
2537,214,2023-11-22 08:00:00,6.04
2538,214,2023-11-22 16:00:00,1.13
2539,214,2023-11-23 00:00:00,3.61
2540,214,2023-11-23 08:00:00,7.0
2541,214,2023-11-23 16:00:00,8.91
2542,214,2023-11-24 00:00:00,3.38
2543,214,2023-11-24 08:00:00,6.91
2544,214,2023-11-24 16:00:00,1.43
2545,214,2023-11-25 00:00:00,7.16
2546,214,2023-11-25 08:00:00,3.03
2547,214,2023-11-25 16:00:00,4.41
2548,214,2023-11-26 00:00:00,1.11
2549,214,2023-11-26 08:00:00,5.95
2550,214,2023-11-26 16:00:00,9.9
2551,214,2023-11-27 00:00:00,6.22
2552,214,2023-11-27 08:00:00,5.39
2553,214,2023-11-27 16:00:00,4.45
2554,214,2023-11-28 00:00:00,5.11
2555,214,2023-11-28 08:00:00,5.58
2556,214,2023-11-28 16:00:00,6.69
2557,214,2023-11-29 00:00:00,7.16
2558,214,2023-11-29 08:00:00,9.82
2559,214,2023-11-29 16:00:00,6.72
2560,214,2023-11-30 00:00:00,10.0
2561,214,2023-11-30 08:00:00,4.22
2562,214,2023-11-30 16:00:00,7.56
2563,215,2023-10-01 00:00:00,4.62
2564,215,2023-10-01 08:00:00,6.45
2565,215,2023-10-01 16:00:00,6.93
2566,215,2023-10-02 00:00:00,3.87
2567,215,2023-10-02 08:00:00,2.25
2568,215,2023-10-02 16:00:00,5.81
2569,215,2023-10-03 00:00:00,2.55
2570,215,2023-10-03 08:00:00,4.27
2571,215,2023-10-03 16:00:00,4.17
2572,215,2023-10-04 00:00:00,4.59
2573,215,2023-10-04 08:00:00,4.02
2574,215,2023-10-04 16:00:00,2.73
2575,215,2023-10-05 00:00:00,3.31
2576,215,2023-10-05 08:00:00,2.96
2577,215,2023-10-05 16:00:00,3.63
2578,215,2023-10-06 00:00:00,2.56
2579,215,2023-10-06 08:00:00,7.93
2580,215,2023-10-06 16:00:00,3.27
2581,215,2023-10-07 00:00:00,4.85
2582,215,2023-10-07 08:00:00,3.43
2583,215,2023-10-07 16:00:00,3.72
2584,215,2023-10-08 00:00:00,1.44
2585,215,2023-10-08 08:00:00,0.78
2586,215,2023-10-08 16:00:00,7.02
2587,215,2023-10-09 00:00:00,2.23
2588,215,2023-10-09 08:00:00,4.67
2589,215,2023-10-09 16:00:00,4.05
2590,215,2023-10-10 00:00:00,8.32
2591,215,2023-10-10 08:00:00,1.39
2592,215,2023-10-10 16:00:00,2.17
2593,215,2023-10-11 00:00:00,5.04
2594,215,2023-10-11 08:00:00,9.77
2595,215,2023-10-11 16:00:00,2.85
2596,215,2023-10-12 00:00:00,7.47
2597,215,2023-10-12 08:00:00,6.19
2598,215,2023-10-12 16:00:00,7.15
2599,215,2023-10-13 00:00:00,5.83
2600,215,2023-10-13 08:00:00,6.51
2601,215,2023-10-13 16:00:00,5.08
2602,215,2023-10-14 00:00:00,1.0
2603,215,2023-10-14 08:00:00,7.8
2604,215,2023-10-14 16:00:00,2.85
2605,215,2023-10-15 00:00:00,1.42
2606,215,2023-10-15 08:00:00,4.1
2607,215,2023-10-15 16:00:00,3.23
2608,215,2023-10-16 00:00:00,3.61
2609,215,2023-10-16 08:00:00,1.46
2610,215,2023-10-16 16:00:00,3.21
2611,215,2023-10-17 00:00:00,6.59
2612,215,2023-10-17 08:00:00,8.44
2613,215,2023-10-17 16:00:00,4.63
2614,215,2023-10-18 00:00:00,8.97
2615,215,2023-10-18 08:00:00,1.73
2616,215,2023-10-18 16:00:00,4.53
2617,215,2023-10-19 00:00:00,4.65
2618,215,2023-10-19 08:00:00,9.51
2619,215,2023-10-19 16:00:00,8.36
2620,215,2023-10-20 00:00:00,6.21
2621,215,2023-10-20 08:00:00,0.84
2622,215,2023-10-20 16:00:00,7.45
2623,215,2023-10-21 00:00:00,8.97
2624,215,2023-10-21 08:00:00,4.72
2625,215,2023-10-21 16:00:00,1.21
2626,215,2023-10-22 00:00:00,6.84
2627,215,2023-10-22 08:00:00,5.5
2628,215,2023-10-22 16:00:00,6.48
2629,215,2023-10-23 00:00:00,3.11
2630,215,2023-10-23 08:00:00,4.12
2631,215,2023-10-23 16:00:00,4.51
2632,215,2023-10-24 00:00:00,3.31
2633,215,2023-10-24 08:00:00,3.8
2634,215,2023-10-24 16:00:00,1.59
2635,215,2023-10-25 00:00:00,2.49
2636,215,2023-10-25 08:00:00,8.98
2637,215,2023-10-25 16:00:00,2.85
2638,215,2023-10-26 00:00:00,7.81
2639,215,2023-10-26 08:00:00,0.66
2640,215,2023-10-26 16:00:00,6.1
2641,215,2023-10-27 00:00:00,5.39
2642,215,2023-10-27 08:00:00,6.85
2643,215,2023-10-27 16:00:00,6.45
2644,215,2023-10-28 00:00:00,2.58
2645,215,2023-10-28 08:00:00,5.9
2646,215,2023-10-28 16:00:00,3.98
2647,215,2023-10-29 00:00:00,1.99
2648,215,2023-10-29 08:00:00,7.04
2649,215,2023-10-29 16:00:00,7.14
2650,215,2023-10-30 00:00:00,8.73
2651,215,2023-10-30 08:00:00,6.01
2652,215,2023-10-30 16:00:00,6.85
2653,215,2023-10-31 00:00:00,1.35
2654,215,2023-10-31 08:00:00,9.71
2655,215,2023-10-31 16:00:00,1.44
2656,215,2023-11-01 00:00:00,3.5
2657,215,2023-11-01 08:00:00,7.32
2658,215,2023-11-01 16:00:00,7.75
2659,215,2023-11-02 00:00:00,0.57
2660,215,2023-11-02 08:00:00,8.58
2661,215,2023-11-02 16:00:00,8.92
2662,215,2023-11-03 00:00:00,8.96
2663,215,2023-11-03 08:00:00,1.01
2664,215,2023-11-03 16:00:00,1.62
2665,215,2023-11-04 00:00:00,8.84
2666,215,2023-11-04 08:00:00,1.9
2667,215,2023-11-04 16:00:00,8.23
2668,215,2023-11-05 00:00:00,4.27
2669,215,2023-11-05 08:00:00,7.36
2670,215,2023-11-05 16:00:00,2.02
2671,215,2023-11-06 00:00:00,6.27
2672,215,2023-11-06 08:00:00,3.68
2673,215,2023-11-06 16:00:00,2.55
2674,215,2023-11-07 00:00:00,8.0
2675,215,2023-11-07 08:00:00,6.02
2676,215,2023-11-07 16:00:00,3.41
2677,215,2023-11-08 00:00:00,8.29
2678,215,2023-11-08 08:00:00,9.74
2679,215,2023-11-08 16:00:00,2.94
2680,215,2023-11-09 00:00:00,1.98
2681,215,2023-11-09 08:00:00,0.91
2682,215,2023-11-09 16:00:00,1.17
2683,215,2023-11-10 00:00:00,3.56
2684,215,2023-11-10 08:00:00,8.74
2685,215,2023-11-10 16:00:00,4.24
2686,215,2023-11-11 00:00:00,1.56
2687,215,2023-11-11 08:00:00,6.09
2688,215,2023-11-11 16:00:00,3.09
2689,215,2023-11-12 00:00:00,3.02
2690,215,2023-11-12 08:00:00,8.68
2691,215,2023-11-12 16:00:00,1.8
2692,215,2023-11-13 00:00:00,5.87
2693,215,2023-11-13 08:00:00,7.04
2694,215,2023-11-13 16:00:00,5.17
2695,215,2023-11-14 00:00:00,4.24
2696,215,2023-11-14 08:00:00,6.71
2697,215,2023-11-14 16:00:00,2.89
2698,215,2023-11-15 00:00:00,5.11
2699,215,2023-11-15 08:00:00,5.47
2700,215,2023-11-15 16:00:00,7.53
2701,215,2023-11-16 00:00:00,6.14
2702,215,2023-11-16 08:00:00,3.68
2703,215,2023-11-16 16:00:00,7.8
2704,215,2023-11-17 00:00:00,1.64
2705,215,2023-11-17 08:00:00,1.47
2706,215,2023-11-17 16:00:00,8.0
2707,215,2023-11-18 00:00:00,7.27
2708,215,2023-11-18 08:00:00,5.09
2709,215,2023-11-18 16:00:00,5.84
2710,215,2023-11-19 00:00:00,5.22
2711,215,2023-11-19 08:00:00,8.66
2712,215,2023-11-19 16:00:00,7.03
2713,215,2023-11-20 00:00:00,4.12
2714,215,2023-11-20 08:00:00,1.49
2715,215,2023-11-20 16:00:00,2.64
2716,215,2023-11-21 00:00:00,4.16
2717,215,2023-11-21 08:00:00,0.61
2718,215,2023-11-21 16:00:00,9.79
2719,215,2023-11-22 00:00:00,4.38
2720,215,2023-11-22 08:00:00,1.23
2721,215,2023-11-22 16:00:00,4.73
2722,215,2023-11-23 00:00:00,4.46
2723,215,2023-11-23 08:00:00,3.95
2724,215,2023-11-23 16:00:00,1.07
2725,215,2023-11-24 00:00:00,7.63
2726,215,2023-11-24 08:00:00,1.9
2727,215,2023-11-24 16:00:00,1.21
2728,215,2023-11-25 00:00:00,9.78
2729,215,2023-11-25 08:00:00,4.71
2730,215,2023-11-25 16:00:00,9.24
2731,215,2023-11-26 00:00:00,3.02
2732,215,2023-11-26 08:00:00,7.19
2733,215,2023-11-26 16:00:00,2.46
2734,215,2023-11-27 00:00:00,5.74
2735,215,2023-11-27 08:00:00,1.22
2736,215,2023-11-27 16:00:00,7.11
2737,215,2023-11-28 00:00:00,7.72
2738,215,2023-11-28 08:00:00,9.7
2739,215,2023-11-28 16:00:00,3.26
2740,215,2023-11-29 00:00:00,6.87
2741,215,2023-11-29 08:00:00,2.5
2742,215,2023-11-29 16:00:00,1.24
2743,215,2023-11-30 00:00:00,9.61
2744,215,2023-11-30 08:00:00,9.18
2745,215,2023-11-30 16:00:00,1.19
2746,216,2023-10-01 00:00:00,2.03
2747,216,2023-10-01 08:00:00,9.7
2748,216,2023-10-01 16:00:00,9.12
2749,216,2023-10-02 00:00:00,5.8
2750,216,2023-10-02 08:00:00,9.98
2751,216,2023-10-02 16:00:00,3.1
2752,216,2023-10-03 00:00:00,7.45
2753,216,2023-10-03 08:00:00,2.46
2754,216,2023-10-03 16:00:00,0.97
2755,216,2023-10-04 00:00:00,7.16
2756,216,2023-10-04 08:00:00,9.2
2757,216,2023-10-04 16:00:00,5.5
2758,216,2023-10-05 00:00:00,1.68
2759,216,2023-10-05 08:00:00,5.72
2760,216,2023-10-05 16:00:00,2.36
2761,216,2023-10-06 00:00:00,3.34
2762,216,2023-10-06 08:00:00,4.92
2763,216,2023-10-06 16:00:00,7.78
2764,216,2023-10-07 00:00:00,1.63
2765,216,2023-10-07 08:00:00,7.52
2766,216,2023-10-07 16:00:00,4.79
2767,216,2023-10-08 00:00:00,2.91
2768,216,2023-10-08 08:00:00,3.4
2769,216,2023-10-08 16:00:00,5.19
2770,216,2023-10-09 00:00:00,1.3
2771,216,2023-10-09 08:00:00,3.82
2772,216,2023-10-09 16:00:00,2.89
2773,216,2023-10-10 00:00:00,7.59
2774,216,2023-10-10 08:00:00,8.99
2775,216,2023-10-10 16:00:00,6.46
2776,216,2023-10-11 00:00:00,6.99
2777,216,2023-10-11 08:00:00,8.02
2778,216,2023-10-11 16:00:00,5.48
2779,216,2023-10-12 00:00:00,6.79
2780,216,2023-10-12 08:00:00,9.53
2781,216,2023-10-12 16:00:00,5.98
2782,216,2023-10-13 00:00:00,1.94
2783,216,2023-10-13 08:00:00,0.54
2784,216,2023-10-13 16:00:00,9.26
2785,216,2023-10-14 00:00:00,0.93
2786,216,2023-10-14 08:00:00,6.52
2787,216,2023-10-14 16:00:00,0.58
2788,216,2023-10-15 00:00:00,8.9
2789,216,2023-10-15 08:00:00,8.99
2790,216,2023-10-15 16:00:00,7.75
2791,216,2023-10-16 00:00:00,6.72
2792,216,2023-10-16 08:00:00,2.1
2793,216,2023-10-16 16:00:00,9.25
2794,216,2023-10-17 00:00:00,9.11
2795,216,2023-10-17 08:00:00,6.05
2796,216,2023-10-17 16:00:00,2.87
2797,216,2023-10-18 00:00:00,9.36
2798,216,2023-10-18 08:00:00,1.85
2799,216,2023-10-18 16:00:00,2.71
2800,216,2023-10-19 00:00:00,6.17
2801,216,2023-10-19 08:00:00,6.85
2802,216,2023-10-19 16:00:00,3.72
2803,216,2023-10-20 00:00:00,2.37
2804,216,2023-10-20 08:00:00,2.53
2805,216,2023-10-20 16:00:00,2.1
2806,216,2023-10-21 00:00:00,4.61
2807,216,2023-10-21 08:00:00,4.54
2808,216,2023-10-21 16:00:00,7.45
2809,216,2023-10-22 00:00:00,1.91
2810,216,2023-10-22 08:00:00,9.75
2811,216,2023-10-22 16:00:00,0.65
2812,216,2023-10-23 00:00:00,9.01
2813,216,2023-10-23 08:00:00,4.48
2814,216,2023-10-23 16:00:00,3.38
2815,216,2023-10-24 00:00:00,2.51
2816,216,2023-10-24 08:00:00,8.27
2817,216,2023-10-24 16:00:00,9.38
2818,216,2023-10-25 00:00:00,0.89
2819,216,2023-10-25 08:00:00,4.2
2820,216,2023-10-25 16:00:00,3.21
2821,216,2023-10-26 00:00:00,7.54
2822,216,2023-10-26 08:00:00,0.93
2823,216,2023-10-26 16:00:00,2.63
2824,216,2023-10-27 00:00:00,3.44
2825,216,2023-10-27 08:00:00,5.67
2826,216,2023-10-27 16:00:00,9.32
2827,216,2023-10-28 00:00:00,2.31
2828,216,2023-10-28 08:00:00,1.19
2829,216,2023-10-28 16:00:00,2.74
2830,216,2023-10-29 00:00:00,8.37
2831,216,2023-10-29 08:00:00,4.12
2832,216,2023-10-29 16:00:00,9.13
2833,216,2023-10-30 00:00:00,9.84
2834,216,2023-10-30 08:00:00,9.75
2835,216,2023-10-30 16:00:00,5.32
2836,216,2023-10-31 00:00:00,4.77
2837,216,2023-10-31 08:00:00,1.84
2838,216,2023-10-31 16:00:00,2.68
2839,216,2023-11-01 00:00:00,5.5
2840,216,2023-11-01 08:00:00,9.23
2841,216,2023-11-01 16:00:00,3.35
2842,216,2023-11-02 00:00:00,6.07
2843,216,2023-11-02 08:00:00,9.27
2844,216,2023-11-02 16:00:00,7.52
2845,216,2023-11-03 00:00:00,4.16
2846,216,2023-11-03 08:00:00,0.94
2847,216,2023-11-03 16:00:00,6.49
2848,216,2023-11-04 00:00:00,6.43
2849,216,2023-11-04 08:00:00,9.51
2850,216,2023-11-04 16:00:00,4.34
2851,216,2023-11-05 00:00:00,4.09
2852,216,2023-11-05 08:00:00,8.71
2853,216,2023-11-05 16:00:00,9.59
2854,216,2023-11-06 00:00:00,6.67
2855,216,2023-11-06 08:00:00,3.8
2856,216,2023-11-06 16:00:00,2.79
2857,216,2023-11-07 00:00:00,3.28
2858,216,2023-11-07 08:00:00,6.86
2859,216,2023-11-07 16:00:00,2.21
2860,216,2023-11-08 00:00:00,8.33
2861,216,2023-11-08 08:00:00,5.02
2862,216,2023-11-08 16:00:00,6.54
2863,216,2023-11-09 00:00:00,4.94
2864,216,2023-11-09 08:00:00,8.63
2865,216,2023-11-09 16:00:00,8.39
2866,216,2023-11-10 00:00:00,9.44
2867,216,2023-11-10 08:00:00,4.51
2868,216,2023-11-10 16:00:00,2.13
2869,216,2023-11-11 00:00:00,9.0
2870,216,2023-11-11 08:00:00,4.99
2871,216,2023-11-11 16:00:00,4.77
2872,216,2023-11-12 00:00:00,5.71
2873,216,2023-11-12 08:00:00,4.81
2874,216,2023-11-12 16:00:00,4.95
2875,216,2023-11-13 00:00:00,9.28
2876,216,2023-11-13 08:00:00,1.83
2877,216,2023-11-13 16:00:00,4.9
2878,216,2023-11-14 00:00:00,3.39
2879,216,2023-11-14 08:00:00,0.89
2880,216,2023-11-14 16:00:00,6.88
2881,216,2023-11-15 00:00:00,8.39
2882,216,2023-11-15 08:00:00,9.66
2883,216,2023-11-15 16:00:00,6.54
2884,216,2023-11-16 00:00:00,1.55
2885,216,2023-11-16 08:00:00,2.41
2886,216,2023-11-16 16:00:00,1.15
2887,216,2023-11-17 00:00:00,2.25
2888,216,2023-11-17 08:00:00,4.17
2889,216,2023-11-17 16:00:00,5.29
2890,216,2023-11-18 00:00:00,4.47
2891,216,2023-11-18 08:00:00,4.34
2892,216,2023-11-18 16:00:00,7.3
2893,216,2023-11-19 00:00:00,7.5
2894,216,2023-11-19 08:00:00,0.91
2895,216,2023-11-19 16:00:00,4.86
2896,216,2023-11-20 00:00:00,2.32
2897,216,2023-11-20 08:00:00,6.61
2898,216,2023-11-20 16:00:00,5.74
2899,216,2023-11-21 00:00:00,2.01
2900,216,2023-11-21 08:00:00,3.23
2901,216,2023-11-21 16:00:00,1.01
2902,216,2023-11-22 00:00:00,5.21
2903,216,2023-11-22 08:00:00,1.74
2904,216,2023-11-22 16:00:00,4.2
2905,216,2023-11-23 00:00:00,1.68
2906,216,2023-11-23 08:00:00,6.49
2907,216,2023-11-23 16:00:00,8.48
2908,216,2023-11-24 00:00:00,6.14
2909,216,2023-11-24 08:00:00,3.74
2910,216,2023-11-24 16:00:00,3.63
2911,216,2023-11-25 00:00:00,6.34
2912,216,2023-11-25 08:00:00,7.65
2913,216,2023-11-25 16:00:00,4.59
2914,216,2023-11-26 00:00:00,1.5
2915,216,2023-11-26 08:00:00,4.34
2916,216,2023-11-26 16:00:00,5.38
2917,216,2023-11-27 00:00:00,0.89
2918,216,2023-11-27 08:00:00,8.14
2919,216,2023-11-27 16:00:00,4.83
2920,216,2023-11-28 00:00:00,5.31
2921,216,2023-11-28 08:00:00,2.09
2922,216,2023-11-28 16:00:00,6.14
2923,216,2023-11-29 00:00:00,5.16
2924,216,2023-11-29 08:00:00,4.14
2925,216,2023-11-29 16:00:00,2.43
2926,216,2023-11-30 00:00:00,2.1
2927,216,2023-11-30 08:00:00,1.31
2928,216,2023-11-30 16:00:00,8.74
2929,217,2023-10-01 00:00:00,6.59
2930,217,2023-10-01 08:00:00,0.87
2931,217,2023-10-01 16:00:00,3.59
2932,217,2023-10-02 00:00:00,3.34
2933,217,2023-10-02 08:00:00,3.13
2934,217,2023-10-02 16:00:00,6.19
2935,217,2023-10-03 00:00:00,7.3
2936,217,2023-10-03 08:00:00,1.25
2937,217,2023-10-03 16:00:00,0.69
2938,217,2023-10-04 00:00:00,3.96
2939,217,2023-10-04 08:00:00,4.1
2940,217,2023-10-04 16:00:00,0.82
2941,217,2023-10-05 00:00:00,7.72
2942,217,2023-10-05 08:00:00,6.38
2943,217,2023-10-05 16:00:00,2.29
2944,217,2023-10-06 00:00:00,4.48
2945,217,2023-10-06 08:00:00,3.61
2946,217,2023-10-06 16:00:00,9.1
2947,217,2023-10-07 00:00:00,9.56
2948,217,2023-10-07 08:00:00,8.6
2949,217,2023-10-07 16:00:00,2.6
2950,217,2023-10-08 00:00:00,2.69
2951,217,2023-10-08 08:00:00,8.06
2952,217,2023-10-08 16:00:00,4.36
2953,217,2023-10-09 00:00:00,1.56
2954,217,2023-10-09 08:00:00,9.2
2955,217,2023-10-09 16:00:00,6.77
2956,217,2023-10-10 00:00:00,9.68
2957,217,2023-10-10 08:00:00,8.75
2958,217,2023-10-10 16:00:00,5.4
2959,217,2023-10-11 00:00:00,6.55
2960,217,2023-10-11 08:00:00,1.18
2961,217,2023-10-11 16:00:00,3.25
2962,217,2023-10-12 00:00:00,1.52
2963,217,2023-10-12 08:00:00,5.43
2964,217,2023-10-12 16:00:00,2.47
2965,217,2023-10-13 00:00:00,8.4
2966,217,2023-10-13 08:00:00,3.39
2967,217,2023-10-13 16:00:00,7.49
2968,217,2023-10-14 00:00:00,1.2
2969,217,2023-10-14 08:00:00,3.26
2970,217,2023-10-14 16:00:00,4.76
2971,217,2023-10-15 00:00:00,8.62
2972,217,2023-10-15 08:00:00,5.78
2973,217,2023-10-15 16:00:00,9.18
2974,217,2023-10-16 00:00:00,3.97
2975,217,2023-10-16 08:00:00,2.34
2976,217,2023-10-16 16:00:00,6.85
2977,217,2023-10-17 00:00:00,1.31
2978,217,2023-10-17 08:00:00,5.42
2979,217,2023-10-17 16:00:00,4.9
2980,217,2023-10-18 00:00:00,1.97
2981,217,2023-10-18 08:00:00,7.36
2982,217,2023-10-18 16:00:00,8.41
2983,217,2023-10-19 00:00:00,8.15
2984,217,2023-10-19 08:00:00,7.4
2985,217,2023-10-19 16:00:00,8.34
2986,217,2023-10-20 00:00:00,6.43
2987,217,2023-10-20 08:00:00,2.98
2988,217,2023-10-20 16:00:00,2.42
2989,217,2023-10-21 00:00:00,2.53
2990,217,2023-10-21 08:00:00,4.42
2991,217,2023-10-21 16:00:00,7.61
2992,217,2023-10-22 00:00:00,5.97
2993,217,2023-10-22 08:00:00,6.78
2994,217,2023-10-22 16:00:00,1.23
2995,217,2023-10-23 00:00:00,6.03
2996,217,2023-10-23 08:00:00,6.39
2997,217,2023-10-23 16:00:00,8.02
2998,217,2023-10-24 00:00:00,8.95
2999,217,2023-10-24 08:00:00,5.99
3000,217,2023-10-24 16:00:00,1.2
3001,217,2023-10-25 00:00:00,9.07
3002,217,2023-10-25 08:00:00,3.1
3003,217,2023-10-25 16:00:00,2.14
3004,217,2023-10-26 00:00:00,0.89
3005,217,2023-10-26 08:00:00,7.23
3006,217,2023-10-26 16:00:00,9.34
3007,217,2023-10-27 00:00:00,7.07
3008,217,2023-10-27 08:00:00,5.48
3009,217,2023-10-27 16:00:00,7.02
3010,217,2023-10-28 00:00:00,6.87
3011,217,2023-10-28 08:00:00,4.83
3012,217,2023-10-28 16:00:00,8.88
3013,217,2023-10-29 00:00:00,8.75
3014,217,2023-10-29 08:00:00,4.93
3015,217,2023-10-29 16:00:00,3.25
3016,217,2023-10-30 00:00:00,1.17
3017,217,2023-10-30 08:00:00,9.18
3018,217,2023-10-30 16:00:00,9.15
3019,217,2023-10-31 00:00:00,4.46
3020,217,2023-10-31 08:00:00,6.54
3021,217,2023-10-31 16:00:00,8.8
3022,217,2023-11-01 00:00:00,3.04
3023,217,2023-11-01 08:00:00,8.47
3024,217,2023-11-01 16:00:00,8.05
3025,217,2023-11-02 00:00:00,9.61
3026,217,2023-11-02 08:00:00,8.29
3027,217,2023-11-02 16:00:00,2.6
3028,217,2023-11-03 00:00:00,4.45
3029,217,2023-11-03 08:00:00,2.73
3030,217,2023-11-03 16:00:00,4.68
3031,217,2023-11-04 00:00:00,8.07
3032,217,2023-11-04 08:00:00,8.57
3033,217,2023-11-04 16:00:00,3.55
3034,217,2023-11-05 00:00:00,5.24
3035,217,2023-11-05 08:00:00,4.97
3036,217,2023-11-05 16:00:00,9.78
3037,217,2023-11-06 00:00:00,5.85
3038,217,2023-11-06 08:00:00,7.55
3039,217,2023-11-06 16:00:00,5.0
3040,217,2023-11-07 00:00:00,0.68
3041,217,2023-11-07 08:00:00,7.57
3042,217,2023-11-07 16:00:00,2.05
3043,217,2023-11-08 00:00:00,3.68
3044,217,2023-11-08 08:00:00,4.8
3045,217,2023-11-08 16:00:00,7.38
3046,217,2023-11-09 00:00:00,9.76
3047,217,2023-11-09 08:00:00,5.12
3048,217,2023-11-09 16:00:00,5.96
3049,217,2023-11-10 00:00:00,8.43
3050,217,2023-11-10 08:00:00,8.49
3051,217,2023-11-10 16:00:00,4.03
3052,217,2023-11-11 00:00:00,7.21
3053,217,2023-11-11 08:00:00,7.56
3054,217,2023-11-11 16:00:00,6.72
3055,217,2023-11-12 00:00:00,2.86
3056,217,2023-11-12 08:00:00,5.7
3057,217,2023-11-12 16:00:00,4.1
3058,217,2023-11-13 00:00:00,6.45
3059,217,2023-11-13 08:00:00,2.6
3060,217,2023-11-13 16:00:00,1.07
3061,217,2023-11-14 00:00:00,6.58
3062,217,2023-11-14 08:00:00,3.6
3063,217,2023-11-14 16:00:00,6.52
3064,217,2023-11-15 00:00:00,5.3
3065,217,2023-11-15 08:00:00,2.79
3066,217,2023-11-15 16:00:00,2.24
3067,217,2023-11-16 00:00:00,2.25
3068,217,2023-11-16 08:00:00,2.85
3069,217,2023-11-16 16:00:00,1.9
3070,217,2023-11-17 00:00:00,5.42
3071,217,2023-11-17 08:00:00,4.17
3072,217,2023-11-17 16:00:00,6.94
3073,217,2023-11-18 00:00:00,7.53
3074,217,2023-11-18 08:00:00,6.76
3075,217,2023-11-18 16:00:00,1.35
3076,217,2023-11-19 00:00:00,8.7
3077,217,2023-11-19 08:00:00,3.37
3078,217,2023-11-19 16:00:00,7.04
3079,217,2023-11-20 00:00:00,1.98
3080,217,2023-11-20 08:00:00,9.42
3081,217,2023-11-20 16:00:00,9.75
3082,217,2023-11-21 00:00:00,6.18
3083,217,2023-11-21 08:00:00,5.91
3084,217,2023-11-21 16:00:00,7.04
3085,217,2023-11-22 00:00:00,7.25
3086,217,2023-11-22 08:00:00,6.53
3087,217,2023-11-22 16:00:00,6.45
3088,217,2023-11-23 00:00:00,7.65
3089,217,2023-11-23 08:00:00,8.75
3090,217,2023-11-23 16:00:00,3.29
3091,217,2023-11-24 00:00:00,4.62
3092,217,2023-11-24 08:00:00,6.14
3093,217,2023-11-24 16:00:00,1.82
3094,217,2023-11-25 00:00:00,9.2
3095,217,2023-11-25 08:00:00,7.48
3096,217,2023-11-25 16:00:00,7.37
3097,217,2023-11-26 00:00:00,7.24
3098,217,2023-11-26 08:00:00,9.16
3099,217,2023-11-26 16:00:00,4.63
3100,217,2023-11-27 00:00:00,1.14
3101,217,2023-11-27 08:00:00,6.41
3102,217,2023-11-27 16:00:00,2.31
3103,217,2023-11-28 00:00:00,1.81
3104,217,2023-11-28 08:00:00,2.48
3105,217,2023-11-28 16:00:00,9.2
3106,217,2023-11-29 00:00:00,4.44
3107,217,2023-11-29 08:00:00,8.14
3108,217,2023-11-29 16:00:00,9.93
3109,217,2023-11-30 00:00:00,6.76
3110,217,2023-11-30 08:00:00,8.77
3111,217,2023-11-30 16:00:00,7.28
3112,218,2023-10-01 00:00:00,6.45
3113,218,2023-10-01 08:00:00,6.19
3114,218,2023-10-01 16:00:00,9.07
3115,218,2023-10-02 00:00:00,4.45
3116,218,2023-10-02 08:00:00,8.9
3117,218,2023-10-02 16:00:00,2.85
3118,218,2023-10-03 00:00:00,6.64
3119,218,2023-10-03 08:00:00,2.19
3120,218,2023-10-03 16:00:00,7.75
3121,218,2023-10-04 00:00:00,9.33
3122,218,2023-10-04 08:00:00,7.09
3123,218,2023-10-04 16:00:00,3.95
3124,218,2023-10-05 00:00:00,3.55
3125,218,2023-10-05 08:00:00,0.92
3126,218,2023-10-05 16:00:00,8.34
3127,218,2023-10-06 00:00:00,7.78
3128,218,2023-10-06 08:00:00,8.89
3129,218,2023-10-06 16:00:00,5.89
3130,218,2023-10-07 00:00:00,7.17
3131,218,2023-10-07 08:00:00,5.86
3132,218,2023-10-07 16:00:00,8.42
3133,218,2023-10-08 00:00:00,8.64
3134,218,2023-10-08 08:00:00,2.85
3135,218,2023-10-08 16:00:00,2.0
3136,218,2023-10-09 00:00:00,7.35
3137,218,2023-10-09 08:00:00,4.16
3138,218,2023-10-09 16:00:00,4.06
3139,218,2023-10-10 00:00:00,5.7
3140,218,2023-10-10 08:00:00,1.34
3141,218,2023-10-10 16:00:00,6.3
3142,218,2023-10-11 00:00:00,6.61
3143,218,2023-10-11 08:00:00,9.9
3144,218,2023-10-11 16:00:00,7.85
3145,218,2023-10-12 00:00:00,5.28
3146,218,2023-10-12 08:00:00,2.74
3147,218,2023-10-12 16:00:00,5.88
3148,218,2023-10-13 00:00:00,6.67
3149,218,2023-10-13 08:00:00,7.69
3150,218,2023-10-13 16:00:00,5.06
3151,218,2023-10-14 00:00:00,6.96
3152,218,2023-10-14 08:00:00,1.34
3153,218,2023-10-14 16:00:00,2.48
3154,218,2023-10-15 00:00:00,8.61
3155,218,2023-10-15 08:00:00,8.16
3156,218,2023-10-15 16:00:00,3.92
3157,218,2023-10-16 00:00:00,2.17
3158,218,2023-10-16 08:00:00,4.61
3159,218,2023-10-16 16:00:00,1.35
3160,218,2023-10-17 00:00:00,9.29
3161,218,2023-10-17 08:00:00,3.49
3162,218,2023-10-17 16:00:00,4.8
3163,218,2023-10-18 00:00:00,9.15
3164,218,2023-10-18 08:00:00,7.34
3165,218,2023-10-18 16:00:00,9.03
3166,218,2023-10-19 00:00:00,6.1
3167,218,2023-10-19 08:00:00,4.42
3168,218,2023-10-19 16:00:00,9.6
3169,218,2023-10-20 00:00:00,8.54
3170,218,2023-10-20 08:00:00,6.95
3171,218,2023-10-20 16:00:00,3.76
3172,218,2023-10-21 00:00:00,6.8
3173,218,2023-10-21 08:00:00,1.91
3174,218,2023-10-21 16:00:00,3.84
3175,218,2023-10-22 00:00:00,0.79
3176,218,2023-10-22 08:00:00,3.47
3177,218,2023-10-22 16:00:00,2.37
3178,218,2023-10-23 00:00:00,6.32
3179,218,2023-10-23 08:00:00,9.7
3180,218,2023-10-23 16:00:00,6.53
3181,218,2023-10-24 00:00:00,1.48
3182,218,2023-10-24 08:00:00,6.78
3183,218,2023-10-24 16:00:00,2.14
3184,218,2023-10-25 00:00:00,2.36
3185,218,2023-10-25 08:00:00,1.83
3186,218,2023-10-25 16:00:00,2.24
3187,218,2023-10-26 00:00:00,4.39
3188,218,2023-10-26 08:00:00,2.37
3189,218,2023-10-26 16:00:00,9.06
3190,218,2023-10-27 00:00:00,1.26
3191,218,2023-10-27 08:00:00,7.27
3192,218,2023-10-27 16:00:00,3.93
3193,218,2023-10-28 00:00:00,7.44
3194,218,2023-10-28 08:00:00,2.97
3195,218,2023-10-28 16:00:00,1.72
3196,218,2023-10-29 00:00:00,7.03
3197,218,2023-10-29 08:00:00,1.02
3198,218,2023-10-29 16:00:00,9.57
3199,218,2023-10-30 00:00:00,0.65
3200,218,2023-10-30 08:00:00,2.24
3201,218,2023-10-30 16:00:00,2.72
3202,218,2023-10-31 00:00:00,1.36
3203,218,2023-10-31 08:00:00,5.91
3204,218,2023-10-31 16:00:00,1.22
3205,218,2023-11-01 00:00:00,2.2
3206,218,2023-11-01 08:00:00,9.22
3207,218,2023-11-01 16:00:00,6.65
3208,218,2023-11-02 00:00:00,8.71
3209,218,2023-11-02 08:00:00,6.77
3210,218,2023-11-02 16:00:00,3.12
3211,218,2023-11-03 00:00:00,7.13
3212,218,2023-11-03 08:00:00,9.09
3213,218,2023-11-03 16:00:00,9.6
3214,218,2023-11-04 00:00:00,7.94
3215,218,2023-11-04 08:00:00,4.75
3216,218,2023-11-04 16:00:00,3.46
3217,218,2023-11-05 00:00:00,4.71
3218,218,2023-11-05 08:00:00,3.58
3219,218,2023-11-05 16:00:00,5.56
3220,218,2023-11-06 00:00:00,2.8
3221,218,2023-11-06 08:00:00,1.39
3222,218,2023-11-06 16:00:00,7.44
3223,218,2023-11-07 00:00:00,3.06
3224,218,2023-11-07 08:00:00,7.61
3225,218,2023-11-07 16:00:00,2.55
3226,218,2023-11-08 00:00:00,8.31
3227,218,2023-11-08 08:00:00,9.15
3228,218,2023-11-08 16:00:00,5.76
3229,218,2023-11-09 00:00:00,5.38
3230,218,2023-11-09 08:00:00,5.69
3231,218,2023-11-09 16:00:00,1.67
3232,218,2023-11-10 00:00:00,4.45
3233,218,2023-11-10 08:00:00,7.66
3234,218,2023-11-10 16:00:00,2.84
3235,218,2023-11-11 00:00:00,6.52
3236,218,2023-11-11 08:00:00,4.01
3237,218,2023-11-11 16:00:00,8.81
3238,218,2023-11-12 00:00:00,4.03
3239,218,2023-11-12 08:00:00,7.52
3240,218,2023-11-12 16:00:00,8.4
3241,218,2023-11-13 00:00:00,3.87
3242,218,2023-11-13 08:00:00,3.8
3243,218,2023-11-13 16:00:00,7.43
3244,218,2023-11-14 00:00:00,8.22
3245,218,2023-11-14 08:00:00,3.64
3246,218,2023-11-14 16:00:00,1.11
3247,218,2023-11-15 00:00:00,6.72
3248,218,2023-11-15 08:00:00,1.07
3249,218,2023-11-15 16:00:00,2.76
3250,218,2023-11-16 00:00:00,4.67
3251,218,2023-11-16 08:00:00,9.76
3252,218,2023-11-16 16:00:00,7.38
3253,218,2023-11-17 00:00:00,1.45
3254,218,2023-11-17 08:00:00,3.13
3255,218,2023-11-17 16:00:00,8.25
3256,218,2023-11-18 00:00:00,9.72
3257,218,2023-11-18 08:00:00,5.29
3258,218,2023-11-18 16:00:00,8.5
3259,218,2023-11-19 00:00:00,7.36
3260,218,2023-11-19 08:00:00,2.14
3261,218,2023-11-19 16:00:00,1.9
3262,218,2023-11-20 00:00:00,7.0
3263,218,2023-11-20 08:00:00,8.68
3264,218,2023-11-20 16:00:00,8.1
3265,218,2023-11-21 00:00:00,5.26
3266,218,2023-11-21 08:00:00,5.77
3267,218,2023-11-21 16:00:00,4.43
3268,218,2023-11-22 00:00:00,8.92
3269,218,2023-11-22 08:00:00,0.73
3270,218,2023-11-22 16:00:00,4.28
3271,218,2023-11-23 00:00:00,4.3
3272,218,2023-11-23 08:00:00,3.64
3273,218,2023-11-23 16:00:00,4.16
3274,218,2023-11-24 00:00:00,9.43
3275,218,2023-11-24 08:00:00,3.04
3276,218,2023-11-24 16:00:00,5.91
3277,218,2023-11-25 00:00:00,9.91
3278,218,2023-11-25 08:00:00,9.84
3279,218,2023-11-25 16:00:00,3.74
3280,218,2023-11-26 00:00:00,3.26
3281,218,2023-11-26 08:00:00,4.45
3282,218,2023-11-26 16:00:00,5.62
3283,218,2023-11-27 00:00:00,4.65
3284,218,2023-11-27 08:00:00,6.85
3285,218,2023-11-27 16:00:00,1.3
3286,218,2023-11-28 00:00:00,2.91
3287,218,2023-11-28 08:00:00,6.06
3288,218,2023-11-28 16:00:00,0.75
3289,218,2023-11-29 00:00:00,5.12
3290,218,2023-11-29 08:00:00,6.18
3291,218,2023-11-29 16:00:00,9.69
3292,218,2023-11-30 00:00:00,5.07
3293,218,2023-11-30 08:00:00,7.15
3294,218,2023-11-30 16:00:00,2.04
3295,219,2023-10-01 00:00:00,6.84
3296,219,2023-10-01 08:00:00,0.85
3297,219,2023-10-01 16:00:00,8.31
3298,219,2023-10-02 00:00:00,5.2
3299,219,2023-10-02 08:00:00,7.18
3300,219,2023-10-02 16:00:00,4.26
3301,219,2023-10-03 00:00:00,1.79
3302,219,2023-10-03 08:00:00,2.29
3303,219,2023-10-03 16:00:00,4.01
3304,219,2023-10-04 00:00:00,4.01
3305,219,2023-10-04 08:00:00,4.49
3306,219,2023-10-04 16:00:00,9.23
3307,219,2023-10-05 00:00:00,7.81
3308,219,2023-10-05 08:00:00,1.56
3309,219,2023-10-05 16:00:00,6.1
3310,219,2023-10-06 00:00:00,6.8
3311,219,2023-10-06 08:00:00,4.43
3312,219,2023-10-06 16:00:00,8.21
3313,219,2023-10-07 00:00:00,7.45
3314,219,2023-10-07 08:00:00,7.75
3315,219,2023-10-07 16:00:00,1.98
3316,219,2023-10-08 00:00:00,1.9
3317,219,2023-10-08 08:00:00,6.95
3318,219,2023-10-08 16:00:00,8.58
3319,219,2023-10-09 00:00:00,4.8
3320,219,2023-10-09 08:00:00,3.21
3321,219,2023-10-09 16:00:00,4.62
3322,219,2023-10-10 00:00:00,3.43
3323,219,2023-10-10 08:00:00,3.96
3324,219,2023-10-10 16:00:00,4.79
3325,219,2023-10-11 00:00:00,5.19
3326,219,2023-10-11 08:00:00,6.79
3327,219,2023-10-11 16:00:00,4.17
3328,219,2023-10-12 00:00:00,3.88
3329,219,2023-10-12 08:00:00,4.06
3330,219,2023-10-12 16:00:00,5.32
3331,219,2023-10-13 00:00:00,9.16
3332,219,2023-10-13 08:00:00,7.14
3333,219,2023-10-13 16:00:00,1.88
3334,219,2023-10-14 00:00:00,9.47
3335,219,2023-10-14 08:00:00,3.27
3336,219,2023-10-14 16:00:00,4.75
3337,219,2023-10-15 00:00:00,1.88
3338,219,2023-10-15 08:00:00,4.42
3339,219,2023-10-15 16:00:00,5.77
3340,219,2023-10-16 00:00:00,1.52
3341,219,2023-10-16 08:00:00,9.09
3342,219,2023-10-16 16:00:00,4.81
3343,219,2023-10-17 00:00:00,6.35
3344,219,2023-10-17 08:00:00,5.39
3345,219,2023-10-17 16:00:00,3.24
3346,219,2023-10-18 00:00:00,1.43
3347,219,2023-10-18 08:00:00,7.1
3348,219,2023-10-18 16:00:00,5.25
3349,219,2023-10-19 00:00:00,9.17
3350,219,2023-10-19 08:00:00,4.32
3351,219,2023-10-19 16:00:00,1.81
3352,219,2023-10-20 00:00:00,1.89
3353,219,2023-10-20 08:00:00,2.28
3354,219,2023-10-20 16:00:00,9.35
3355,219,2023-10-21 00:00:00,9.66
3356,219,2023-10-21 08:00:00,9.33
3357,219,2023-10-21 16:00:00,6.93
3358,219,2023-10-22 00:00:00,4.73
3359,219,2023-10-22 08:00:00,0.92
3360,219,2023-10-22 16:00:00,9.75
3361,219,2023-10-23 00:00:00,7.67
3362,219,2023-10-23 08:00:00,4.22
3363,219,2023-10-23 16:00:00,4.74
3364,219,2023-10-24 00:00:00,6.08
3365,219,2023-10-24 08:00:00,5.82
3366,219,2023-10-24 16:00:00,7.77
3367,219,2023-10-25 00:00:00,7.2
3368,219,2023-10-25 08:00:00,5.39
3369,219,2023-10-25 16:00:00,4.62
3370,219,2023-10-26 00:00:00,4.49
3371,219,2023-10-26 08:00:00,1.53
3372,219,2023-10-26 16:00:00,9.88
3373,219,2023-10-27 00:00:00,3.02
3374,219,2023-10-27 08:00:00,6.48
3375,219,2023-10-27 16:00:00,3.65
3376,219,2023-10-28 00:00:00,5.82
3377,219,2023-10-28 08:00:00,1.48
3378,219,2023-10-28 16:00:00,4.71
3379,219,2023-10-29 00:00:00,6.04
3380,219,2023-10-29 08:00:00,1.0
3381,219,2023-10-29 16:00:00,4.19
3382,219,2023-10-30 00:00:00,1.13
3383,219,2023-10-30 08:00:00,6.02
3384,219,2023-10-30 16:00:00,2.52
3385,219,2023-10-31 00:00:00,3.17
3386,219,2023-10-31 08:00:00,9.84
3387,219,2023-10-31 16:00:00,5.06
3388,219,2023-11-01 00:00:00,8.16
3389,219,2023-11-01 08:00:00,9.07
3390,219,2023-11-01 16:00:00,9.34
3391,219,2023-11-02 00:00:00,8.79
3392,219,2023-11-02 08:00:00,2.49
3393,219,2023-11-02 16:00:00,6.35
3394,219,2023-11-03 00:00:00,7.9
3395,219,2023-11-03 08:00:00,7.13
3396,219,2023-11-03 16:00:00,8.87
3397,219,2023-11-04 00:00:00,5.5
3398,219,2023-11-04 08:00:00,6.17
3399,219,2023-11-04 16:00:00,5.63
3400,219,2023-11-05 00:00:00,8.75
3401,219,2023-11-05 08:00:00,7.45
3402,219,2023-11-05 16:00:00,9.6
3403,219,2023-11-06 00:00:00,5.01
3404,219,2023-11-06 08:00:00,5.55
3405,219,2023-11-06 16:00:00,9.23
3406,219,2023-11-07 00:00:00,0.88
3407,219,2023-11-07 08:00:00,7.34
3408,219,2023-11-07 16:00:00,2.79
3409,219,2023-11-08 00:00:00,3.61
3410,219,2023-11-08 08:00:00,2.38
3411,219,2023-11-08 16:00:00,2.58
3412,219,2023-11-09 00:00:00,8.01
3413,219,2023-11-09 08:00:00,8.92
3414,219,2023-11-09 16:00:00,5.11
3415,219,2023-11-10 00:00:00,5.66
3416,219,2023-11-10 08:00:00,5.25
3417,219,2023-11-10 16:00:00,2.72
3418,219,2023-11-11 00:00:00,4.82
3419,219,2023-11-11 08:00:00,2.12
3420,219,2023-11-11 16:00:00,1.35
3421,219,2023-11-12 00:00:00,5.98
3422,219,2023-11-12 08:00:00,5.25
3423,219,2023-11-12 16:00:00,9.26
3424,219,2023-11-13 00:00:00,8.23
3425,219,2023-11-13 08:00:00,7.41
3426,219,2023-11-13 16:00:00,4.54
3427,219,2023-11-14 00:00:00,7.23
3428,219,2023-11-14 08:00:00,1.51
3429,219,2023-11-14 16:00:00,1.15
3430,219,2023-11-15 00:00:00,5.6
3431,219,2023-11-15 08:00:00,8.61
3432,219,2023-11-15 16:00:00,8.07
3433,219,2023-11-16 00:00:00,3.04
3434,219,2023-11-16 08:00:00,1.4
3435,219,2023-11-16 16:00:00,6.13
3436,219,2023-11-17 00:00:00,5.27
3437,219,2023-11-17 08:00:00,4.22
3438,219,2023-11-17 16:00:00,8.75
3439,219,2023-11-18 00:00:00,2.64
3440,219,2023-11-18 08:00:00,2.96
3441,219,2023-11-18 16:00:00,0.69
3442,219,2023-11-19 00:00:00,9.59
3443,219,2023-11-19 08:00:00,6.91
3444,219,2023-11-19 16:00:00,4.83
3445,219,2023-11-20 00:00:00,6.46
3446,219,2023-11-20 08:00:00,1.39
3447,219,2023-11-20 16:00:00,7.05
3448,219,2023-11-21 00:00:00,1.76
3449,219,2023-11-21 08:00:00,6.29
3450,219,2023-11-21 16:00:00,9.14
3451,219,2023-11-22 00:00:00,7.91
3452,219,2023-11-22 08:00:00,7.36
3453,219,2023-11-22 16:00:00,9.0
3454,219,2023-11-23 00:00:00,9.97
3455,219,2023-11-23 08:00:00,3.93
3456,219,2023-11-23 16:00:00,1.11
3457,219,2023-11-24 00:00:00,2.0
3458,219,2023-11-24 08:00:00,5.16
3459,219,2023-11-24 16:00:00,4.0
3460,219,2023-11-25 00:00:00,1.78
3461,219,2023-11-25 08:00:00,2.03
3462,219,2023-11-25 16:00:00,3.43
3463,219,2023-11-26 00:00:00,2.21
3464,219,2023-11-26 08:00:00,1.58
3465,219,2023-11-26 16:00:00,2.73
3466,219,2023-11-27 00:00:00,9.05
3467,219,2023-11-27 08:00:00,9.76
3468,219,2023-11-27 16:00:00,1.0
3469,219,2023-11-28 00:00:00,6.9
3470,219,2023-11-28 08:00:00,5.17
3471,219,2023-11-28 16:00:00,8.18
3472,219,2023-11-29 00:00:00,9.35
3473,219,2023-11-29 08:00:00,2.19
3474,219,2023-11-29 16:00:00,9.2
3475,219,2023-11-30 00:00:00,1.58
3476,219,2023-11-30 08:00:00,1.93
3477,219,2023-11-30 16:00:00,3.22
3478,220,2023-10-01 00:00:00,7.11
3479,220,2023-10-01 08:00:00,6.2
3480,220,2023-10-01 16:00:00,7.67
3481,220,2023-10-02 00:00:00,4.38
3482,220,2023-10-02 08:00:00,2.02
3483,220,2023-10-02 16:00:00,8.65
3484,220,2023-10-03 00:00:00,0.88
3485,220,2023-10-03 08:00:00,4.14
3486,220,2023-10-03 16:00:00,5.93
3487,220,2023-10-04 00:00:00,7.84
3488,220,2023-10-04 08:00:00,5.59
3489,220,2023-10-04 16:00:00,5.45
3490,220,2023-10-05 00:00:00,6.58
3491,220,2023-10-05 08:00:00,4.71
3492,220,2023-10-05 16:00:00,1.99
3493,220,2023-10-06 00:00:00,5.16
3494,220,2023-10-06 08:00:00,0.84
3495,220,2023-10-06 16:00:00,2.61
3496,220,2023-10-07 00:00:00,2.23
3497,220,2023-10-07 08:00:00,5.95
3498,220,2023-10-07 16:00:00,3.27
3499,220,2023-10-08 00:00:00,6.24
3500,220,2023-10-08 08:00:00,8.36
3501,220,2023-10-08 16:00:00,6.26
3502,220,2023-10-09 00:00:00,4.92
3503,220,2023-10-09 08:00:00,9.89
3504,220,2023-10-09 16:00:00,6.41
3505,220,2023-10-10 00:00:00,1.12
3506,220,2023-10-10 08:00:00,7.01
3507,220,2023-10-10 16:00:00,2.48
3508,220,2023-10-11 00:00:00,8.77
3509,220,2023-10-11 08:00:00,8.6
3510,220,2023-10-11 16:00:00,5.41
3511,220,2023-10-12 00:00:00,4.97
3512,220,2023-10-12 08:00:00,1.23
3513,220,2023-10-12 16:00:00,4.55
3514,220,2023-10-13 00:00:00,9.58
3515,220,2023-10-13 08:00:00,2.2
3516,220,2023-10-13 16:00:00,3.84
3517,220,2023-10-14 00:00:00,3.76
3518,220,2023-10-14 08:00:00,8.04
3519,220,2023-10-14 16:00:00,8.16
3520,220,2023-10-15 00:00:00,3.01
3521,220,2023-10-15 08:00:00,5.19
3522,220,2023-10-15 16:00:00,8.36
3523,220,2023-10-16 00:00:00,5.85
3524,220,2023-10-16 08:00:00,8.45
3525,220,2023-10-16 16:00:00,9.1
3526,220,2023-10-17 00:00:00,3.1
3527,220,2023-10-17 08:00:00,2.74
3528,220,2023-10-17 16:00:00,4.74
3529,220,2023-10-18 00:00:00,2.1
3530,220,2023-10-18 08:00:00,8.21
3531,220,2023-10-18 16:00:00,1.15
3532,220,2023-10-19 00:00:00,2.52
3533,220,2023-10-19 08:00:00,6.63
3534,220,2023-10-19 16:00:00,9.9
3535,220,2023-10-20 00:00:00,4.61
3536,220,2023-10-20 08:00:00,5.3
3537,220,2023-10-20 16:00:00,0.69
3538,220,2023-10-21 00:00:00,3.79
3539,220,2023-10-21 08:00:00,2.46
3540,220,2023-10-21 16:00:00,7.48
3541,220,2023-10-22 00:00:00,6.5
3542,220,2023-10-22 08:00:00,1.38
3543,220,2023-10-22 16:00:00,5.82
3544,220,2023-10-23 00:00:00,4.98
3545,220,2023-10-23 08:00:00,2.63
3546,220,2023-10-23 16:00:00,3.6
3547,220,2023-10-24 00:00:00,9.85
3548,220,2023-10-24 08:00:00,7.51
3549,220,2023-10-24 16:00:00,2.91
3550,220,2023-10-25 00:00:00,3.18
3551,220,2023-10-25 08:00:00,7.24
3552,220,2023-10-25 16:00:00,9.92
3553,220,2023-10-26 00:00:00,3.75
3554,220,2023-10-26 08:00:00,6.87
3555,220,2023-10-26 16:00:00,5.34
3556,220,2023-10-27 00:00:00,7.69
3557,220,2023-10-27 08:00:00,7.41
3558,220,2023-10-27 16:00:00,0.75
3559,220,2023-10-28 00:00:00,3.05
3560,220,2023-10-28 08:00:00,2.59
3561,220,2023-10-28 16:00:00,6.58
3562,220,2023-10-29 00:00:00,9.32
3563,220,2023-10-29 08:00:00,2.94
3564,220,2023-10-29 16:00:00,4.92
3565,220,2023-10-30 00:00:00,8.92
3566,220,2023-10-30 08:00:00,7.42
3567,220,2023-10-30 16:00:00,3.58
3568,220,2023-10-31 00:00:00,7.88
3569,220,2023-10-31 08:00:00,7.92
3570,220,2023-10-31 16:00:00,8.06
3571,220,2023-11-01 00:00:00,4.36
3572,220,2023-11-01 08:00:00,9.79
3573,220,2023-11-01 16:00:00,6.34
3574,220,2023-11-02 00:00:00,1.85
3575,220,2023-11-02 08:00:00,1.73
3576,220,2023-11-02 16:00:00,7.55
3577,220,2023-11-03 00:00:00,6.83
3578,220,2023-11-03 08:00:00,5.03
3579,220,2023-11-03 16:00:00,1.65
3580,220,2023-11-04 00:00:00,6.71
3581,220,2023-11-04 08:00:00,6.3
3582,220,2023-11-04 16:00:00,2.11
3583,220,2023-11-05 00:00:00,6.86
3584,220,2023-11-05 08:00:00,2.37
3585,220,2023-11-05 16:00:00,8.73
3586,220,2023-11-06 00:00:00,4.71
3587,220,2023-11-06 08:00:00,8.42
3588,220,2023-11-06 16:00:00,7.05
3589,220,2023-11-07 00:00:00,7.87
3590,220,2023-11-07 08:00:00,9.22
3591,220,2023-11-07 16:00:00,5.89
3592,220,2023-11-08 00:00:00,2.86
3593,220,2023-11-08 08:00:00,8.61
3594,220,2023-11-08 16:00:00,8.77
3595,220,2023-11-09 00:00:00,9.47
3596,220,2023-11-09 08:00:00,4.48
3597,220,2023-11-09 16:00:00,8.49
3598,220,2023-11-10 00:00:00,2.05
3599,220,2023-11-10 08:00:00,9.68
3600,220,2023-11-10 16:00:00,4.08
3601,220,2023-11-11 00:00:00,3.84
3602,220,2023-11-11 08:00:00,8.16
3603,220,2023-11-11 16:00:00,1.41
3604,220,2023-11-12 00:00:00,1.86
3605,220,2023-11-12 08:00:00,1.2
3606,220,2023-11-12 16:00:00,6.74
3607,220,2023-11-13 00:00:00,5.7
3608,220,2023-11-13 08:00:00,6.52
3609,220,2023-11-13 16:00:00,7.38
3610,220,2023-11-14 00:00:00,3.23
3611,220,2023-11-14 08:00:00,3.11
3612,220,2023-11-14 16:00:00,6.5
3613,220,2023-11-15 00:00:00,3.98
3614,220,2023-11-15 08:00:00,8.49
3615,220,2023-11-15 16:00:00,9.62
3616,220,2023-11-16 00:00:00,6.56
3617,220,2023-11-16 08:00:00,5.68
3618,220,2023-11-16 16:00:00,5.17
3619,220,2023-11-17 00:00:00,7.29
3620,220,2023-11-17 08:00:00,7.38
3621,220,2023-11-17 16:00:00,7.18
3622,220,2023-11-18 00:00:00,1.62
3623,220,2023-11-18 08:00:00,4.22
3624,220,2023-11-18 16:00:00,5.03
3625,220,2023-11-19 00:00:00,7.47
3626,220,2023-11-19 08:00:00,5.66
3627,220,2023-11-19 16:00:00,8.68
3628,220,2023-11-20 00:00:00,0.88
3629,220,2023-11-20 08:00:00,2.72
3630,220,2023-11-20 16:00:00,9.55
3631,220,2023-11-21 00:00:00,5.12
3632,220,2023-11-21 08:00:00,5.18
3633,220,2023-11-21 16:00:00,1.67
3634,220,2023-11-22 00:00:00,1.41
3635,220,2023-11-22 08:00:00,1.83
3636,220,2023-11-22 16:00:00,1.83
3637,220,2023-11-23 00:00:00,4.2
3638,220,2023-11-23 08:00:00,6.48
3639,220,2023-11-23 16:00:00,4.08
3640,220,2023-11-24 00:00:00,2.99
3641,220,2023-11-24 08:00:00,6.96
3642,220,2023-11-24 16:00:00,7.31
3643,220,2023-11-25 00:00:00,2.94
3644,220,2023-11-25 08:00:00,3.26
3645,220,2023-11-25 16:00:00,9.79
3646,220,2023-11-26 00:00:00,4.03
3647,220,2023-11-26 08:00:00,5.0
3648,220,2023-11-26 16:00:00,2.2
3649,220,2023-11-27 00:00:00,0.78
3650,220,2023-11-27 08:00:00,3.28
3651,220,2023-11-27 16:00:00,5.9
3652,220,2023-11-28 00:00:00,8.19
3653,220,2023-11-28 08:00:00,0.97
3654,220,2023-11-28 16:00:00,8.3
3655,220,2023-11-29 00:00:00,7.97
3656,220,2023-11-29 08:00:00,9.63
3657,220,2023-11-29 16:00:00,9.63
3658,220,2023-11-30 00:00:00,0.54
3659,220,2023-11-30 08:00:00,3.55
3660,220,2023-11-30 16:00:00,2.33
3661,221,2023-10-01 00:00:00,8.75
3662,221,2023-10-01 08:00:00,6.71
3663,221,2023-10-01 16:00:00,5.68
3664,221,2023-10-02 00:00:00,1.01
3665,221,2023-10-02 08:00:00,9.59
3666,221,2023-10-02 16:00:00,4.28
3667,221,2023-10-03 00:00:00,5.65
3668,221,2023-10-03 08:00:00,6.24
3669,221,2023-10-03 16:00:00,9.62
3670,221,2023-10-04 00:00:00,8.44
3671,221,2023-10-04 08:00:00,7.26
3672,221,2023-10-04 16:00:00,0.74
3673,221,2023-10-05 00:00:00,5.22
3674,221,2023-10-05 08:00:00,7.87
3675,221,2023-10-05 16:00:00,7.47
3676,221,2023-10-06 00:00:00,0.89
3677,221,2023-10-06 08:00:00,5.18
3678,221,2023-10-06 16:00:00,9.74
3679,221,2023-10-07 00:00:00,4.78
3680,221,2023-10-07 08:00:00,9.52
3681,221,2023-10-07 16:00:00,3.15
3682,221,2023-10-08 00:00:00,3.25
3683,221,2023-10-08 08:00:00,4.22
3684,221,2023-10-08 16:00:00,5.12
3685,221,2023-10-09 00:00:00,4.63
3686,221,2023-10-09 08:00:00,5.99
3687,221,2023-10-09 16:00:00,7.47
3688,221,2023-10-10 00:00:00,2.02
3689,221,2023-10-10 08:00:00,2.14
3690,221,2023-10-10 16:00:00,4.0
3691,221,2023-10-11 00:00:00,5.41
3692,221,2023-10-11 08:00:00,6.34
3693,221,2023-10-11 16:00:00,8.83
3694,221,2023-10-12 00:00:00,8.82
3695,221,2023-10-12 08:00:00,9.95
3696,221,2023-10-12 16:00:00,5.54
3697,221,2023-10-13 00:00:00,5.33
3698,221,2023-10-13 08:00:00,7.43
3699,221,2023-10-13 16:00:00,1.26
3700,221,2023-10-14 00:00:00,1.74
3701,221,2023-10-14 08:00:00,3.61
3702,221,2023-10-14 16:00:00,3.54
3703,221,2023-10-15 00:00:00,8.96
3704,221,2023-10-15 08:00:00,8.17
3705,221,2023-10-15 16:00:00,3.5
3706,221,2023-10-16 00:00:00,6.11
3707,221,2023-10-16 08:00:00,4.98
3708,221,2023-10-16 16:00:00,3.68
3709,221,2023-10-17 00:00:00,3.81
3710,221,2023-10-17 08:00:00,1.09
3711,221,2023-10-17 16:00:00,1.08
3712,221,2023-10-18 00:00:00,7.1
3713,221,2023-10-18 08:00:00,0.57
3714,221,2023-10-18 16:00:00,4.96
3715,221,2023-10-19 00:00:00,2.78
3716,221,2023-10-19 08:00:00,0.52
3717,221,2023-10-19 16:00:00,4.17
3718,221,2023-10-20 00:00:00,8.39
3719,221,2023-10-20 08:00:00,0.75
3720,221,2023-10-20 16:00:00,9.65
3721,221,2023-10-21 00:00:00,5.68
3722,221,2023-10-21 08:00:00,1.65
3723,221,2023-10-21 16:00:00,0.68
3724,221,2023-10-22 00:00:00,3.98
3725,221,2023-10-22 08:00:00,0.92
3726,221,2023-10-22 16:00:00,9.81
3727,221,2023-10-23 00:00:00,9.66
3728,221,2023-10-23 08:00:00,8.83
3729,221,2023-10-23 16:00:00,4.64
3730,221,2023-10-24 00:00:00,1.13
3731,221,2023-10-24 08:00:00,2.06
3732,221,2023-10-24 16:00:00,9.99
3733,221,2023-10-25 00:00:00,9.32
3734,221,2023-10-25 08:00:00,7.18
3735,221,2023-10-25 16:00:00,2.84
3736,221,2023-10-26 00:00:00,5.37
3737,221,2023-10-26 08:00:00,5.91
3738,221,2023-10-26 16:00:00,9.38
3739,221,2023-10-27 00:00:00,1.25
3740,221,2023-10-27 08:00:00,4.96
3741,221,2023-10-27 16:00:00,9.83
3742,221,2023-10-28 00:00:00,7.11
3743,221,2023-10-28 08:00:00,7.43
3744,221,2023-10-28 16:00:00,6.48
3745,221,2023-10-29 00:00:00,6.49
3746,221,2023-10-29 08:00:00,9.27
3747,221,2023-10-29 16:00:00,3.81
3748,221,2023-10-30 00:00:00,1.91
3749,221,2023-10-30 08:00:00,2.71
3750,221,2023-10-30 16:00:00,4.55
3751,221,2023-10-31 00:00:00,1.12
3752,221,2023-10-31 08:00:00,3.22
3753,221,2023-10-31 16:00:00,1.25
3754,221,2023-11-01 00:00:00,8.83
3755,221,2023-11-01 08:00:00,8.54
3756,221,2023-11-01 16:00:00,5.58
3757,221,2023-11-02 00:00:00,6.8
3758,221,2023-11-02 08:00:00,5.76
3759,221,2023-11-02 16:00:00,7.25
3760,221,2023-11-03 00:00:00,9.86
3761,221,2023-11-03 08:00:00,8.27
3762,221,2023-11-03 16:00:00,6.3
3763,221,2023-11-04 00:00:00,0.95
3764,221,2023-11-04 08:00:00,2.22
3765,221,2023-11-04 16:00:00,1.54
3766,221,2023-11-05 00:00:00,1.6
3767,221,2023-11-05 08:00:00,8.55
3768,221,2023-11-05 16:00:00,8.62
3769,221,2023-11-06 00:00:00,1.5
3770,221,2023-11-06 08:00:00,1.2
3771,221,2023-11-06 16:00:00,4.43
3772,221,2023-11-07 00:00:00,7.3
3773,221,2023-11-07 08:00:00,6.81
3774,221,2023-11-07 16:00:00,3.24
3775,221,2023-11-08 00:00:00,5.58
3776,221,2023-11-08 08:00:00,2.46
3777,221,2023-11-08 16:00:00,1.01
3778,221,2023-11-09 00:00:00,2.67
3779,221,2023-11-09 08:00:00,3.3
3780,221,2023-11-09 16:00:00,8.13
3781,221,2023-11-10 00:00:00,9.67
3782,221,2023-11-10 08:00:00,8.99
3783,221,2023-11-10 16:00:00,0.86
3784,221,2023-11-11 00:00:00,5.55
3785,221,2023-11-11 08:00:00,4.32
3786,221,2023-11-11 16:00:00,6.24
3787,221,2023-11-12 00:00:00,5.4
3788,221,2023-11-12 08:00:00,9.9
3789,221,2023-11-12 16:00:00,4.64
3790,221,2023-11-13 00:00:00,3.69
3791,221,2023-11-13 08:00:00,8.56
3792,221,2023-11-13 16:00:00,5.66
3793,221,2023-11-14 00:00:00,9.31
3794,221,2023-11-14 08:00:00,9.54
3795,221,2023-11-14 16:00:00,4.27
3796,221,2023-11-15 00:00:00,4.44
3797,221,2023-11-15 08:00:00,8.97
3798,221,2023-11-15 16:00:00,3.74
3799,221,2023-11-16 00:00:00,4.24
3800,221,2023-11-16 08:00:00,5.56
3801,221,2023-11-16 16:00:00,5.93
3802,221,2023-11-17 00:00:00,5.99
3803,221,2023-11-17 08:00:00,4.14
3804,221,2023-11-17 16:00:00,5.99
3805,221,2023-11-18 00:00:00,5.72
3806,221,2023-11-18 08:00:00,9.74
3807,221,2023-11-18 16:00:00,4.26
3808,221,2023-11-19 00:00:00,1.85
3809,221,2023-11-19 08:00:00,4.33
3810,221,2023-11-19 16:00:00,3.55
3811,221,2023-11-20 00:00:00,9.87
3812,221,2023-11-20 08:00:00,5.21
3813,221,2023-11-20 16:00:00,2.29
3814,221,2023-11-21 00:00:00,1.21
3815,221,2023-11-21 08:00:00,7.72
3816,221,2023-11-21 16:00:00,1.0
3817,221,2023-11-22 00:00:00,4.02
3818,221,2023-11-22 08:00:00,1.45
3819,221,2023-11-22 16:00:00,0.8
3820,221,2023-11-23 00:00:00,7.34
3821,221,2023-11-23 08:00:00,8.34
3822,221,2023-11-23 16:00:00,6.46
3823,221,2023-11-24 00:00:00,2.9
3824,221,2023-11-24 08:00:00,7.83
3825,221,2023-11-24 16:00:00,5.32
3826,221,2023-11-25 00:00:00,3.06
3827,221,2023-11-25 08:00:00,4.1
3828,221,2023-11-25 16:00:00,3.85
3829,221,2023-11-26 00:00:00,5.98
3830,221,2023-11-26 08:00:00,3.11
3831,221,2023-11-26 16:00:00,7.1
3832,221,2023-11-27 00:00:00,6.89
3833,221,2023-11-27 08:00:00,2.08
3834,221,2023-11-27 16:00:00,8.23
3835,221,2023-11-28 00:00:00,7.39
3836,221,2023-11-28 08:00:00,9.5
3837,221,2023-11-28 16:00:00,3.58
3838,221,2023-11-29 00:00:00,7.84
3839,221,2023-11-29 08:00:00,1.05
3840,221,2023-11-29 16:00:00,7.37
3841,221,2023-11-30 00:00:00,9.87
3842,221,2023-11-30 08:00:00,7.69
3843,221,2023-11-30 16:00:00,8.2
3844,222,2023-10-01 00:00:00,4.06
3845,222,2023-10-01 08:00:00,6.4
3846,222,2023-10-01 16:00:00,8.91
3847,222,2023-10-02 00:00:00,5.84
3848,222,2023-10-02 08:00:00,0.74
3849,222,2023-10-02 16:00:00,7.73
3850,222,2023-10-03 00:00:00,8.45
3851,222,2023-10-03 08:00:00,4.53
3852,222,2023-10-03 16:00:00,5.24
3853,222,2023-10-04 00:00:00,8.03
3854,222,2023-10-04 08:00:00,5.56
3855,222,2023-10-04 16:00:00,6.22
3856,222,2023-10-05 00:00:00,9.85
3857,222,2023-10-05 08:00:00,2.15
3858,222,2023-10-05 16:00:00,5.64
3859,222,2023-10-06 00:00:00,9.91
3860,222,2023-10-06 08:00:00,3.36
3861,222,2023-10-06 16:00:00,9.46
3862,222,2023-10-07 00:00:00,5.75
3863,222,2023-10-07 08:00:00,7.67
3864,222,2023-10-07 16:00:00,9.67
3865,222,2023-10-08 00:00:00,8.46
3866,222,2023-10-08 08:00:00,2.3
3867,222,2023-10-08 16:00:00,9.24
3868,222,2023-10-09 00:00:00,3.92
3869,222,2023-10-09 08:00:00,0.72
3870,222,2023-10-09 16:00:00,2.76
3871,222,2023-10-10 00:00:00,2.8
3872,222,2023-10-10 08:00:00,3.45
3873,222,2023-10-10 16:00:00,9.42
3874,222,2023-10-11 00:00:00,2.19
3875,222,2023-10-11 08:00:00,4.79
3876,222,2023-10-11 16:00:00,3.02
3877,222,2023-10-12 00:00:00,5.46
3878,222,2023-10-12 08:00:00,2.15
3879,222,2023-10-12 16:00:00,3.92
3880,222,2023-10-13 00:00:00,8.65
3881,222,2023-10-13 08:00:00,6.59
3882,222,2023-10-13 16:00:00,2.5
3883,222,2023-10-14 00:00:00,1.32
3884,222,2023-10-14 08:00:00,6.21
3885,222,2023-10-14 16:00:00,9.73
3886,222,2023-10-15 00:00:00,8.98
3887,222,2023-10-15 08:00:00,1.61
3888,222,2023-10-15 16:00:00,7.73
3889,222,2023-10-16 00:00:00,0.76
3890,222,2023-10-16 08:00:00,7.77
3891,222,2023-10-16 16:00:00,9.73
3892,222,2023-10-17 00:00:00,6.37
3893,222,2023-10-17 08:00:00,6.6
3894,222,2023-10-17 16:00:00,2.58
3895,222,2023-10-18 00:00:00,1.88
3896,222,2023-10-18 08:00:00,4.47
3897,222,2023-10-18 16:00:00,9.0
3898,222,2023-10-19 00:00:00,2.42
3899,222,2023-10-19 08:00:00,4.46
3900,222,2023-10-19 16:00:00,4.31
3901,222,2023-10-20 00:00:00,2.41
3902,222,2023-10-20 08:00:00,5.85
3903,222,2023-10-20 16:00:00,4.28
3904,222,2023-10-21 00:00:00,5.52
3905,222,2023-10-21 08:00:00,6.47
3906,222,2023-10-21 16:00:00,8.21
3907,222,2023-10-22 00:00:00,0.81
3908,222,2023-10-22 08:00:00,6.38
3909,222,2023-10-22 16:00:00,6.92
3910,222,2023-10-23 00:00:00,6.33
3911,222,2023-10-23 08:00:00,7.14
3912,222,2023-10-23 16:00:00,1.7
3913,222,2023-10-24 00:00:00,0.77
3914,222,2023-10-24 08:00:00,5.44
3915,222,2023-10-24 16:00:00,4.82
3916,222,2023-10-25 00:00:00,5.36
3917,222,2023-10-25 08:00:00,6.2
3918,222,2023-10-25 16:00:00,9.16
3919,222,2023-10-26 00:00:00,2.31
3920,222,2023-10-26 08:00:00,4.48
3921,222,2023-10-26 16:00:00,7.14
3922,222,2023-10-27 00:00:00,0.64
3923,222,2023-10-27 08:00:00,8.47
3924,222,2023-10-27 16:00:00,9.55
3925,222,2023-10-28 00:00:00,5.13
3926,222,2023-10-28 08:00:00,2.96
3927,222,2023-10-28 16:00:00,8.4
3928,222,2023-10-29 00:00:00,5.53
3929,222,2023-10-29 08:00:00,8.08
3930,222,2023-10-29 16:00:00,4.22
3931,222,2023-10-30 00:00:00,3.64
3932,222,2023-10-30 08:00:00,8.77
3933,222,2023-10-30 16:00:00,9.95
3934,222,2023-10-31 00:00:00,7.25
3935,222,2023-10-31 08:00:00,7.37
3936,222,2023-10-31 16:00:00,8.25
3937,222,2023-11-01 00:00:00,3.49
3938,222,2023-11-01 08:00:00,8.38
3939,222,2023-11-01 16:00:00,5.89
3940,222,2023-11-02 00:00:00,3.91
3941,222,2023-11-02 08:00:00,1.19
3942,222,2023-11-02 16:00:00,3.65
3943,222,2023-11-03 00:00:00,9.06
3944,222,2023-11-03 08:00:00,4.93
3945,222,2023-11-03 16:00:00,1.44
3946,222,2023-11-04 00:00:00,5.48
3947,222,2023-11-04 08:00:00,3.57
3948,222,2023-11-04 16:00:00,0.56
3949,222,2023-11-05 00:00:00,9.97
3950,222,2023-11-05 08:00:00,3.69
3951,222,2023-11-05 16:00:00,6.49
3952,222,2023-11-06 00:00:00,4.22
3953,222,2023-11-06 08:00:00,5.89
3954,222,2023-11-06 16:00:00,7.11
3955,222,2023-11-07 00:00:00,6.17
3956,222,2023-11-07 08:00:00,1.73
3957,222,2023-11-07 16:00:00,6.18
3958,222,2023-11-08 00:00:00,8.91
3959,222,2023-11-08 08:00:00,0.93
3960,222,2023-11-08 16:00:00,3.97
3961,222,2023-11-09 00:00:00,8.25
3962,222,2023-11-09 08:00:00,5.37
3963,222,2023-11-09 16:00:00,8.26
3964,222,2023-11-10 00:00:00,1.69
3965,222,2023-11-10 08:00:00,2.05
3966,222,2023-11-10 16:00:00,4.46
3967,222,2023-11-11 00:00:00,1.6
3968,222,2023-11-11 08:00:00,3.67
3969,222,2023-11-11 16:00:00,1.78
3970,222,2023-11-12 00:00:00,8.75
3971,222,2023-11-12 08:00:00,2.55
3972,222,2023-11-12 16:00:00,5.73
3973,222,2023-11-13 00:00:00,8.05
3974,222,2023-11-13 08:00:00,7.97
3975,222,2023-11-13 16:00:00,7.65
3976,222,2023-11-14 00:00:00,2.23
3977,222,2023-11-14 08:00:00,4.15
3978,222,2023-11-14 16:00:00,8.7
3979,222,2023-11-15 00:00:00,1.04
3980,222,2023-11-15 08:00:00,7.45
3981,222,2023-11-15 16:00:00,7.64
3982,222,2023-11-16 00:00:00,9.45
3983,222,2023-11-16 08:00:00,6.23
3984,222,2023-11-16 16:00:00,6.44
3985,222,2023-11-17 00:00:00,8.44
3986,222,2023-11-17 08:00:00,5.67
3987,222,2023-11-17 16:00:00,1.87
3988,222,2023-11-18 00:00:00,4.94
3989,222,2023-11-18 08:00:00,9.35
3990,222,2023-11-18 16:00:00,7.69
3991,222,2023-11-19 00:00:00,3.11
3992,222,2023-11-19 08:00:00,6.11
3993,222,2023-11-19 16:00:00,4.42
3994,222,2023-11-20 00:00:00,6.81
3995,222,2023-11-20 08:00:00,2.12
3996,222,2023-11-20 16:00:00,2.22
3997,222,2023-11-21 00:00:00,9.7
3998,222,2023-11-21 08:00:00,9.71
3999,222,2023-11-21 16:00:00,1.66
4000,222,2023-11-22 00:00:00,2.41
4001,222,2023-11-22 08:00:00,3.36
4002,222,2023-11-22 16:00:00,5.8
4003,222,2023-11-23 00:00:00,5.91
4004,222,2023-11-23 08:00:00,2.04
4005,222,2023-11-23 16:00:00,3.07
4006,222,2023-11-24 00:00:00,3.04
4007,222,2023-11-24 08:00:00,2.16
4008,222,2023-11-24 16:00:00,7.67
4009,222,2023-11-25 00:00:00,9.22
4010,222,2023-11-25 08:00:00,1.84
4011,222,2023-11-25 16:00:00,3.75
4012,222,2023-11-26 00:00:00,9.39
4013,222,2023-11-26 08:00:00,5.14
4014,222,2023-11-26 16:00:00,4.87
4015,222,2023-11-27 00:00:00,9.19
4016,222,2023-11-27 08:00:00,4.26
4017,222,2023-11-27 16:00:00,6.2
4018,222,2023-11-28 00:00:00,3.71
4019,222,2023-11-28 08:00:00,0.99
4020,222,2023-11-28 16:00:00,5.81
4021,222,2023-11-29 00:00:00,3.93
4022,222,2023-11-29 08:00:00,4.91
4023,222,2023-11-29 16:00:00,3.01
4024,222,2023-11-30 00:00:00,2.16
4025,222,2023-11-30 08:00:00,4.04
4026,222,2023-11-30 16:00:00,2.35
4027,223,2023-10-01 00:00:00,5.78
4028,223,2023-10-01 08:00:00,1.12
4029,223,2023-10-01 16:00:00,2.9
4030,223,2023-10-02 00:00:00,7.84
4031,223,2023-10-02 08:00:00,0.98
4032,223,2023-10-02 16:00:00,7.93
4033,223,2023-10-03 00:00:00,8.65
4034,223,2023-10-03 08:00:00,2.02
4035,223,2023-10-03 16:00:00,7.38
4036,223,2023-10-04 00:00:00,2.53
4037,223,2023-10-04 08:00:00,7.48
4038,223,2023-10-04 16:00:00,3.84
4039,223,2023-10-05 00:00:00,3.67
4040,223,2023-10-05 08:00:00,5.84
4041,223,2023-10-05 16:00:00,9.92
4042,223,2023-10-06 00:00:00,8.55
4043,223,2023-10-06 08:00:00,6.78
4044,223,2023-10-06 16:00:00,9.09
4045,223,2023-10-07 00:00:00,4.38
4046,223,2023-10-07 08:00:00,6.45
4047,223,2023-10-07 16:00:00,6.02
4048,223,2023-10-08 00:00:00,3.46
4049,223,2023-10-08 08:00:00,5.03
4050,223,2023-10-08 16:00:00,4.45
4051,223,2023-10-09 00:00:00,1.91
4052,223,2023-10-09 08:00:00,3.29
4053,223,2023-10-09 16:00:00,7.69
4054,223,2023-10-10 00:00:00,2.21
4055,223,2023-10-10 08:00:00,7.38
4056,223,2023-10-10 16:00:00,3.67
4057,223,2023-10-11 00:00:00,7.52
4058,223,2023-10-11 08:00:00,7.72
4059,223,2023-10-11 16:00:00,5.33
4060,223,2023-10-12 00:00:00,5.26
4061,223,2023-10-12 08:00:00,7.14
4062,223,2023-10-12 16:00:00,2.18
4063,223,2023-10-13 00:00:00,1.4
4064,223,2023-10-13 08:00:00,7.96
4065,223,2023-10-13 16:00:00,1.41
4066,223,2023-10-14 00:00:00,9.05
4067,223,2023-10-14 08:00:00,7.05
4068,223,2023-10-14 16:00:00,3.51
4069,223,2023-10-15 00:00:00,4.33
4070,223,2023-10-15 08:00:00,0.51
4071,223,2023-10-15 16:00:00,9.45
4072,223,2023-10-16 00:00:00,2.89
4073,223,2023-10-16 08:00:00,1.01
4074,223,2023-10-16 16:00:00,3.02
4075,223,2023-10-17 00:00:00,6.39
4076,223,2023-10-17 08:00:00,8.64
4077,223,2023-10-17 16:00:00,4.12
4078,223,2023-10-18 00:00:00,7.92
4079,223,2023-10-18 08:00:00,4.81
4080,223,2023-10-18 16:00:00,2.84
4081,223,2023-10-19 00:00:00,3.39
4082,223,2023-10-19 08:00:00,9.59
4083,223,2023-10-19 16:00:00,9.71
4084,223,2023-10-20 00:00:00,4.34
4085,223,2023-10-20 08:00:00,0.98
4086,223,2023-10-20 16:00:00,2.72
4087,223,2023-10-21 00:00:00,9.65
4088,223,2023-10-21 08:00:00,8.88
4089,223,2023-10-21 16:00:00,5.85
4090,223,2023-10-22 00:00:00,4.1
4091,223,2023-10-22 08:00:00,4.27
4092,223,2023-10-22 16:00:00,0.75
4093,223,2023-10-23 00:00:00,7.71
4094,223,2023-10-23 08:00:00,2.45
4095,223,2023-10-23 16:00:00,2.53
4096,223,2023-10-24 00:00:00,6.77
4097,223,2023-10-24 08:00:00,5.04
4098,223,2023-10-24 16:00:00,4.67
4099,223,2023-10-25 00:00:00,5.25
4100,223,2023-10-25 08:00:00,5.44
4101,223,2023-10-25 16:00:00,9.7
4102,223,2023-10-26 00:00:00,7.2
4103,223,2023-10-26 08:00:00,2.05
4104,223,2023-10-26 16:00:00,5.53
4105,223,2023-10-27 00:00:00,7.45
4106,223,2023-10-27 08:00:00,3.4
4107,223,2023-10-27 16:00:00,5.83
4108,223,2023-10-28 00:00:00,5.65
4109,223,2023-10-28 08:00:00,2.68
4110,223,2023-10-28 16:00:00,2.23
4111,223,2023-10-29 00:00:00,5.11
4112,223,2023-10-29 08:00:00,8.86
4113,223,2023-10-29 16:00:00,9.65
4114,223,2023-10-30 00:00:00,6.03
4115,223,2023-10-30 08:00:00,2.82
4116,223,2023-10-30 16:00:00,3.14
4117,223,2023-10-31 00:00:00,4.69
4118,223,2023-10-31 08:00:00,7.56
4119,223,2023-10-31 16:00:00,1.56
4120,223,2023-11-01 00:00:00,8.13
4121,223,2023-11-01 08:00:00,6.31
4122,223,2023-11-01 16:00:00,6.03
4123,223,2023-11-02 00:00:00,4.92
4124,223,2023-11-02 08:00:00,6.7
4125,223,2023-11-02 16:00:00,5.83
4126,223,2023-11-03 00:00:00,2.5
4127,223,2023-11-03 08:00:00,8.01
4128,223,2023-11-03 16:00:00,9.47
4129,223,2023-11-04 00:00:00,9.68
4130,223,2023-11-04 08:00:00,8.44
4131,223,2023-11-04 16:00:00,8.37
4132,223,2023-11-05 00:00:00,1.53
4133,223,2023-11-05 08:00:00,9.02
4134,223,2023-11-05 16:00:00,0.52
4135,223,2023-11-06 00:00:00,5.93
4136,223,2023-11-06 08:00:00,5.07
4137,223,2023-11-06 16:00:00,2.78
4138,223,2023-11-07 00:00:00,9.26
4139,223,2023-11-07 08:00:00,6.5
4140,223,2023-11-07 16:00:00,7.78
4141,223,2023-11-08 00:00:00,4.82
4142,223,2023-11-08 08:00:00,1.4
4143,223,2023-11-08 16:00:00,8.8
4144,223,2023-11-09 00:00:00,1.48
4145,223,2023-11-09 08:00:00,4.56
4146,223,2023-11-09 16:00:00,6.53
4147,223,2023-11-10 00:00:00,0.97
4148,223,2023-11-10 08:00:00,9.66
4149,223,2023-11-10 16:00:00,5.18
4150,223,2023-11-11 00:00:00,4.01
4151,223,2023-11-11 08:00:00,1.29
4152,223,2023-11-11 16:00:00,6.93
4153,223,2023-11-12 00:00:00,0.8
4154,223,2023-11-12 08:00:00,4.61
4155,223,2023-11-12 16:00:00,9.28
4156,223,2023-11-13 00:00:00,5.93
4157,223,2023-11-13 08:00:00,7.24
4158,223,2023-11-13 16:00:00,9.75
4159,223,2023-11-14 00:00:00,5.89
4160,223,2023-11-14 08:00:00,5.04
4161,223,2023-11-14 16:00:00,2.8
4162,223,2023-11-15 00:00:00,2.12
4163,223,2023-11-15 08:00:00,5.15
4164,223,2023-11-15 16:00:00,2.23
4165,223,2023-11-16 00:00:00,9.67
4166,223,2023-11-16 08:00:00,6.85
4167,223,2023-11-16 16:00:00,5.06
4168,223,2023-11-17 00:00:00,6.04
4169,223,2023-11-17 08:00:00,1.24
4170,223,2023-11-17 16:00:00,0.78
4171,223,2023-11-18 00:00:00,4.04
4172,223,2023-11-18 08:00:00,9.0
4173,223,2023-11-18 16:00:00,1.64
4174,223,2023-11-19 00:00:00,9.98
4175,223,2023-11-19 08:00:00,0.55
4176,223,2023-11-19 16:00:00,4.79
4177,223,2023-11-20 00:00:00,6.92
4178,223,2023-11-20 08:00:00,0.76
4179,223,2023-11-20 16:00:00,5.76
4180,223,2023-11-21 00:00:00,2.77
4181,223,2023-11-21 08:00:00,7.44
4182,223,2023-11-21 16:00:00,7.59
4183,223,2023-11-22 00:00:00,6.58
4184,223,2023-11-22 08:00:00,8.76
4185,223,2023-11-22 16:00:00,1.8
4186,223,2023-11-23 00:00:00,2.4
4187,223,2023-11-23 08:00:00,0.66
4188,223,2023-11-23 16:00:00,0.64
4189,223,2023-11-24 00:00:00,5.22
4190,223,2023-11-24 08:00:00,6.84
4191,223,2023-11-24 16:00:00,1.98
4192,223,2023-11-25 00:00:00,3.31
4193,223,2023-11-25 08:00:00,1.34
4194,223,2023-11-25 16:00:00,1.96
4195,223,2023-11-26 00:00:00,6.0
4196,223,2023-11-26 08:00:00,6.6
4197,223,2023-11-26 16:00:00,2.12
4198,223,2023-11-27 00:00:00,4.84
4199,223,2023-11-27 08:00:00,5.09
4200,223,2023-11-27 16:00:00,4.41
4201,223,2023-11-28 00:00:00,2.29
4202,223,2023-11-28 08:00:00,2.82
4203,223,2023-11-28 16:00:00,1.45
4204,223,2023-11-29 00:00:00,5.88
4205,223,2023-11-29 08:00:00,9.25
4206,223,2023-11-29 16:00:00,7.02
4207,223,2023-11-30 00:00:00,5.79
4208,223,2023-11-30 08:00:00,4.52
4209,223,2023-11-30 16:00:00,5.36
4210,224,2023-10-01 00:00:00,7.52
4211,224,2023-10-01 08:00:00,7.26
4212,224,2023-10-01 16:00:00,5.41
4213,224,2023-10-02 00:00:00,8.21
4214,224,2023-10-02 08:00:00,0.93
4215,224,2023-10-02 16:00:00,8.53
4216,224,2023-10-03 00:00:00,0.64
4217,224,2023-10-03 08:00:00,7.14
4218,224,2023-10-03 16:00:00,3.16
4219,224,2023-10-04 00:00:00,5.94
4220,224,2023-10-04 08:00:00,3.25
4221,224,2023-10-04 16:00:00,8.81
4222,224,2023-10-05 00:00:00,2.75
4223,224,2023-10-05 08:00:00,4.92
4224,224,2023-10-05 16:00:00,4.94
4225,224,2023-10-06 00:00:00,5.04
4226,224,2023-10-06 08:00:00,3.72
4227,224,2023-10-06 16:00:00,0.96
4228,224,2023-10-07 00:00:00,2.42
4229,224,2023-10-07 08:00:00,1.9
4230,224,2023-10-07 16:00:00,1.42
4231,224,2023-10-08 00:00:00,3.09
4232,224,2023-10-08 08:00:00,8.07
4233,224,2023-10-08 16:00:00,2.65
4234,224,2023-10-09 00:00:00,2.48
4235,224,2023-10-09 08:00:00,5.51
4236,224,2023-10-09 16:00:00,0.62
4237,224,2023-10-10 00:00:00,2.55
4238,224,2023-10-10 08:00:00,9.32
4239,224,2023-10-10 16:00:00,6.72
4240,224,2023-10-11 00:00:00,1.97
4241,224,2023-10-11 08:00:00,3.44
4242,224,2023-10-11 16:00:00,6.22
4243,224,2023-10-12 00:00:00,5.24
4244,224,2023-10-12 08:00:00,8.8
4245,224,2023-10-12 16:00:00,7.02
4246,224,2023-10-13 00:00:00,3.98
4247,224,2023-10-13 08:00:00,8.92
4248,224,2023-10-13 16:00:00,6.4
4249,224,2023-10-14 00:00:00,4.86
4250,224,2023-10-14 08:00:00,2.37
4251,224,2023-10-14 16:00:00,9.86
4252,224,2023-10-15 00:00:00,1.12
4253,224,2023-10-15 08:00:00,1.46
4254,224,2023-10-15 16:00:00,1.63
4255,224,2023-10-16 00:00:00,0.76
4256,224,2023-10-16 08:00:00,8.92
4257,224,2023-10-16 16:00:00,8.69
4258,224,2023-10-17 00:00:00,2.54
4259,224,2023-10-17 08:00:00,4.51
4260,224,2023-10-17 16:00:00,5.82
4261,224,2023-10-18 00:00:00,9.22
4262,224,2023-10-18 08:00:00,6.67
4263,224,2023-10-18 16:00:00,4.61
4264,224,2023-10-19 00:00:00,4.02
4265,224,2023-10-19 08:00:00,1.03
4266,224,2023-10-19 16:00:00,4.01
4267,224,2023-10-20 00:00:00,3.3
4268,224,2023-10-20 08:00:00,9.17
4269,224,2023-10-20 16:00:00,1.97
4270,224,2023-10-21 00:00:00,0.53
4271,224,2023-10-21 08:00:00,1.1
4272,224,2023-10-21 16:00:00,6.98
4273,224,2023-10-22 00:00:00,1.12
4274,224,2023-10-22 08:00:00,9.85
4275,224,2023-10-22 16:00:00,4.5
4276,224,2023-10-23 00:00:00,5.62
4277,224,2023-10-23 08:00:00,6.18
4278,224,2023-10-23 16:00:00,1.36
4279,224,2023-10-24 00:00:00,1.38
4280,224,2023-10-24 08:00:00,2.58
4281,224,2023-10-24 16:00:00,9.02
4282,224,2023-10-25 00:00:00,2.54
4283,224,2023-10-25 08:00:00,3.17
4284,224,2023-10-25 16:00:00,8.51
4285,224,2023-10-26 00:00:00,7.44
4286,224,2023-10-26 08:00:00,4.45
4287,224,2023-10-26 16:00:00,7.83
4288,224,2023-10-27 00:00:00,0.7
4289,224,2023-10-27 08:00:00,8.1
4290,224,2023-10-27 16:00:00,3.43
4291,224,2023-10-28 00:00:00,6.89
4292,224,2023-10-28 08:00:00,9.39
4293,224,2023-10-28 16:00:00,2.42
4294,224,2023-10-29 00:00:00,4.59
4295,224,2023-10-29 08:00:00,6.51
4296,224,2023-10-29 16:00:00,9.38
4297,224,2023-10-30 00:00:00,4.31
4298,224,2023-10-30 08:00:00,8.49
4299,224,2023-10-30 16:00:00,8.02
4300,224,2023-10-31 00:00:00,2.04
4301,224,2023-10-31 08:00:00,8.55
4302,224,2023-10-31 16:00:00,0.79
4303,224,2023-11-01 00:00:00,3.27
4304,224,2023-11-01 08:00:00,1.69
4305,224,2023-11-01 16:00:00,5.37
4306,224,2023-11-02 00:00:00,9.35
4307,224,2023-11-02 08:00:00,7.4
4308,224,2023-11-02 16:00:00,7.45
4309,224,2023-11-03 00:00:00,6.25
4310,224,2023-11-03 08:00:00,8.01
4311,224,2023-11-03 16:00:00,3.0
4312,224,2023-11-04 00:00:00,8.67
4313,224,2023-11-04 08:00:00,2.31
4314,224,2023-11-04 16:00:00,3.25
4315,224,2023-11-05 00:00:00,3.74
4316,224,2023-11-05 08:00:00,0.85
4317,224,2023-11-05 16:00:00,9.97
4318,224,2023-11-06 00:00:00,4.92
4319,224,2023-11-06 08:00:00,2.47
4320,224,2023-11-06 16:00:00,9.77
4321,224,2023-11-07 00:00:00,6.66
4322,224,2023-11-07 08:00:00,6.49
4323,224,2023-11-07 16:00:00,4.65
4324,224,2023-11-08 00:00:00,2.98
4325,224,2023-11-08 08:00:00,4.17
4326,224,2023-11-08 16:00:00,1.34
4327,224,2023-11-09 00:00:00,1.1
4328,224,2023-11-09 08:00:00,7.36
4329,224,2023-11-09 16:00:00,2.11
4330,224,2023-11-10 00:00:00,2.45
4331,224,2023-11-10 08:00:00,3.45
4332,224,2023-11-10 16:00:00,9.48
4333,224,2023-11-11 00:00:00,5.7
4334,224,2023-11-11 08:00:00,3.63
4335,224,2023-11-11 16:00:00,6.05
4336,224,2023-11-12 00:00:00,4.64
4337,224,2023-11-12 08:00:00,1.4
4338,224,2023-11-12 16:00:00,2.14
4339,224,2023-11-13 00:00:00,9.03
4340,224,2023-11-13 08:00:00,2.51
4341,224,2023-11-13 16:00:00,7.51
4342,224,2023-11-14 00:00:00,5.03
4343,224,2023-11-14 08:00:00,8.18
4344,224,2023-11-14 16:00:00,9.92
4345,224,2023-11-15 00:00:00,3.41
4346,224,2023-11-15 08:00:00,2.98
4347,224,2023-11-15 16:00:00,2.27
4348,224,2023-11-16 00:00:00,3.66
4349,224,2023-11-16 08:00:00,7.3
4350,224,2023-11-16 16:00:00,7.25
4351,224,2023-11-17 00:00:00,1.81
4352,224,2023-11-17 08:00:00,4.19
4353,224,2023-11-17 16:00:00,8.44
4354,224,2023-11-18 00:00:00,7.54
4355,224,2023-11-18 08:00:00,5.14
4356,224,2023-11-18 16:00:00,0.76
4357,224,2023-11-19 00:00:00,4.36
4358,224,2023-11-19 08:00:00,2.46
4359,224,2023-11-19 16:00:00,3.93
4360,224,2023-11-20 00:00:00,3.37
4361,224,2023-11-20 08:00:00,2.38
4362,224,2023-11-20 16:00:00,8.23
4363,224,2023-11-21 00:00:00,9.87
4364,224,2023-11-21 08:00:00,5.57
4365,224,2023-11-21 16:00:00,8.31
4366,224,2023-11-22 00:00:00,9.39
4367,224,2023-11-22 08:00:00,0.55
4368,224,2023-11-22 16:00:00,5.24
4369,224,2023-11-23 00:00:00,3.67
4370,224,2023-11-23 08:00:00,6.98
4371,224,2023-11-23 16:00:00,1.22
4372,224,2023-11-24 00:00:00,4.6
4373,224,2023-11-24 08:00:00,9.04
4374,224,2023-11-24 16:00:00,1.58
4375,224,2023-11-25 00:00:00,8.31
4376,224,2023-11-25 08:00:00,7.45
4377,224,2023-11-25 16:00:00,4.56
4378,224,2023-11-26 00:00:00,4.3
4379,224,2023-11-26 08:00:00,4.88
4380,224,2023-11-26 16:00:00,7.31
4381,224,2023-11-27 00:00:00,3.07
4382,224,2023-11-27 08:00:00,2.02
4383,224,2023-11-27 16:00:00,10.0
4384,224,2023-11-28 00:00:00,7.07
4385,224,2023-11-28 08:00:00,3.34
4386,224,2023-11-28 16:00:00,8.31
4387,224,2023-11-29 00:00:00,9.26
4388,224,2023-11-29 08:00:00,2.56
4389,224,2023-11-29 16:00:00,6.89
4390,224,2023-11-30 00:00:00,6.61
4391,224,2023-11-30 08:00:00,4.65
4392,224,2023-11-30 16:00:00,4.42
4393,225,2023-10-01 00:00:00,5.31
4394,225,2023-10-01 08:00:00,3.78
4395,225,2023-10-01 16:00:00,1.19
4396,225,2023-10-02 00:00:00,6.31
4397,225,2023-10-02 08:00:00,1.42
4398,225,2023-10-02 16:00:00,2.58
4399,225,2023-10-03 00:00:00,5.23
4400,225,2023-10-03 08:00:00,4.08
4401,225,2023-10-03 16:00:00,1.05
4402,225,2023-10-04 00:00:00,4.53
4403,225,2023-10-04 08:00:00,1.29
4404,225,2023-10-04 16:00:00,7.21
4405,225,2023-10-05 00:00:00,5.38
4406,225,2023-10-05 08:00:00,2.67
4407,225,2023-10-05 16:00:00,9.12
4408,225,2023-10-06 00:00:00,5.92
4409,225,2023-10-06 08:00:00,2.05
4410,225,2023-10-06 16:00:00,4.57
4411,225,2023-10-07 00:00:00,3.64
4412,225,2023-10-07 08:00:00,6.93
4413,225,2023-10-07 16:00:00,2.36
4414,225,2023-10-08 00:00:00,7.26
4415,225,2023-10-08 08:00:00,2.45
4416,225,2023-10-08 16:00:00,5.84
4417,225,2023-10-09 00:00:00,4.93
4418,225,2023-10-09 08:00:00,5.07
4419,225,2023-10-09 16:00:00,2.96
4420,225,2023-10-10 00:00:00,4.19
4421,225,2023-10-10 08:00:00,2.21
4422,225,2023-10-10 16:00:00,6.81
4423,225,2023-10-11 00:00:00,7.81
4424,225,2023-10-11 08:00:00,6.8
4425,225,2023-10-11 16:00:00,2.99
4426,225,2023-10-12 00:00:00,1.32
4427,225,2023-10-12 08:00:00,3.59
4428,225,2023-10-12 16:00:00,1.46
4429,225,2023-10-13 00:00:00,4.54
4430,225,2023-10-13 08:00:00,9.64
4431,225,2023-10-13 16:00:00,6.04
4432,225,2023-10-14 00:00:00,8.23
4433,225,2023-10-14 08:00:00,8.11
4434,225,2023-10-14 16:00:00,7.66
4435,225,2023-10-15 00:00:00,5.12
4436,225,2023-10-15 08:00:00,8.65
4437,225,2023-10-15 16:00:00,8.33
4438,225,2023-10-16 00:00:00,9.46
4439,225,2023-10-16 08:00:00,2.27
4440,225,2023-10-16 16:00:00,4.07
4441,225,2023-10-17 00:00:00,2.12
4442,225,2023-10-17 08:00:00,8.97
4443,225,2023-10-17 16:00:00,3.26
4444,225,2023-10-18 00:00:00,2.27
4445,225,2023-10-18 08:00:00,6.02
4446,225,2023-10-18 16:00:00,1.6
4447,225,2023-10-19 00:00:00,9.62
4448,225,2023-10-19 08:00:00,6.96
4449,225,2023-10-19 16:00:00,1.41
4450,225,2023-10-20 00:00:00,5.32
4451,225,2023-10-20 08:00:00,9.16
4452,225,2023-10-20 16:00:00,2.15
4453,225,2023-10-21 00:00:00,4.77
4454,225,2023-10-21 08:00:00,2.1
4455,225,2023-10-21 16:00:00,0.76
4456,225,2023-10-22 00:00:00,4.68
4457,225,2023-10-22 08:00:00,9.77
4458,225,2023-10-22 16:00:00,1.74
4459,225,2023-10-23 00:00:00,4.69
4460,225,2023-10-23 08:00:00,7.12
4461,225,2023-10-23 16:00:00,7.14
4462,225,2023-10-24 00:00:00,1.41
4463,225,2023-10-24 08:00:00,2.16
4464,225,2023-10-24 16:00:00,2.42
4465,225,2023-10-25 00:00:00,4.1
4466,225,2023-10-25 08:00:00,3.02
4467,225,2023-10-25 16:00:00,8.24
4468,225,2023-10-26 00:00:00,4.51
4469,225,2023-10-26 08:00:00,7.69
4470,225,2023-10-26 16:00:00,1.27
4471,225,2023-10-27 00:00:00,7.66
4472,225,2023-10-27 08:00:00,9.49
4473,225,2023-10-27 16:00:00,8.95
4474,225,2023-10-28 00:00:00,1.33
4475,225,2023-10-28 08:00:00,5.09
4476,225,2023-10-28 16:00:00,3.74
4477,225,2023-10-29 00:00:00,6.99
4478,225,2023-10-29 08:00:00,4.67
4479,225,2023-10-29 16:00:00,2.22
4480,225,2023-10-30 00:00:00,2.41
4481,225,2023-10-30 08:00:00,2.25
4482,225,2023-10-30 16:00:00,4.4
4483,225,2023-10-31 00:00:00,2.37
4484,225,2023-10-31 08:00:00,1.08
4485,225,2023-10-31 16:00:00,1.86
4486,225,2023-11-01 00:00:00,4.75
4487,225,2023-11-01 08:00:00,4.19
4488,225,2023-11-01 16:00:00,4.46
4489,225,2023-11-02 00:00:00,8.73
4490,225,2023-11-02 08:00:00,2.98
4491,225,2023-11-02 16:00:00,7.48
4492,225,2023-11-03 00:00:00,5.88
4493,225,2023-11-03 08:00:00,2.44
4494,225,2023-11-03 16:00:00,4.58
4495,225,2023-11-04 00:00:00,9.46
4496,225,2023-11-04 08:00:00,7.0
4497,225,2023-11-04 16:00:00,3.75
4498,225,2023-11-05 00:00:00,7.22
4499,225,2023-11-05 08:00:00,6.77
4500,225,2023-11-05 16:00:00,5.18
4501,225,2023-11-06 00:00:00,0.75
4502,225,2023-11-06 08:00:00,2.34
4503,225,2023-11-06 16:00:00,4.59
4504,225,2023-11-07 00:00:00,5.05
4505,225,2023-11-07 08:00:00,7.01
4506,225,2023-11-07 16:00:00,7.1
4507,225,2023-11-08 00:00:00,3.29
4508,225,2023-11-08 08:00:00,0.83
4509,225,2023-11-08 16:00:00,1.6
4510,225,2023-11-09 00:00:00,6.47
4511,225,2023-11-09 08:00:00,2.87
4512,225,2023-11-09 16:00:00,4.48
4513,225,2023-11-10 00:00:00,8.95
4514,225,2023-11-10 08:00:00,7.74
4515,225,2023-11-10 16:00:00,6.45
4516,225,2023-11-11 00:00:00,6.11
4517,225,2023-11-11 08:00:00,4.94
4518,225,2023-11-11 16:00:00,3.76
4519,225,2023-11-12 00:00:00,2.84
4520,225,2023-11-12 08:00:00,4.24
4521,225,2023-11-12 16:00:00,6.19
4522,225,2023-11-13 00:00:00,5.74
4523,225,2023-11-13 08:00:00,4.89
4524,225,2023-11-13 16:00:00,1.4
4525,225,2023-11-14 00:00:00,3.66
4526,225,2023-11-14 08:00:00,4.55
4527,225,2023-11-14 16:00:00,0.8
4528,225,2023-11-15 00:00:00,4.94
4529,225,2023-11-15 08:00:00,9.33
4530,225,2023-11-15 16:00:00,8.06
4531,225,2023-11-16 00:00:00,9.39
4532,225,2023-11-16 08:00:00,5.02
4533,225,2023-11-16 16:00:00,5.22
4534,225,2023-11-17 00:00:00,4.47
4535,225,2023-11-17 08:00:00,5.76
4536,225,2023-11-17 16:00:00,1.09
4537,225,2023-11-18 00:00:00,2.64
4538,225,2023-11-18 08:00:00,7.7
4539,225,2023-11-18 16:00:00,7.23
4540,225,2023-11-19 00:00:00,0.9
4541,225,2023-11-19 08:00:00,2.01
4542,225,2023-11-19 16:00:00,6.91
4543,225,2023-11-20 00:00:00,5.85
4544,225,2023-11-20 08:00:00,6.27
4545,225,2023-11-20 16:00:00,2.21
4546,225,2023-11-21 00:00:00,6.8
4547,225,2023-11-21 08:00:00,7.62
4548,225,2023-11-21 16:00:00,3.8
4549,225,2023-11-22 00:00:00,2.24
4550,225,2023-11-22 08:00:00,1.74
4551,225,2023-11-22 16:00:00,2.97
4552,225,2023-11-23 00:00:00,9.26
4553,225,2023-11-23 08:00:00,4.66
4554,225,2023-11-23 16:00:00,5.96
4555,225,2023-11-24 00:00:00,2.09
4556,225,2023-11-24 08:00:00,9.97
4557,225,2023-11-24 16:00:00,6.89
4558,225,2023-11-25 00:00:00,8.62
4559,225,2023-11-25 08:00:00,1.49
4560,225,2023-11-25 16:00:00,7.66
4561,225,2023-11-26 00:00:00,9.61
4562,225,2023-11-26 08:00:00,2.37
4563,225,2023-11-26 16:00:00,5.58
4564,225,2023-11-27 00:00:00,6.72
4565,225,2023-11-27 08:00:00,9.17
4566,225,2023-11-27 16:00:00,1.78
4567,225,2023-11-28 00:00:00,7.68
4568,225,2023-11-28 08:00:00,9.05
4569,225,2023-11-28 16:00:00,5.33
4570,225,2023-11-29 00:00:00,1.91
4571,225,2023-11-29 08:00:00,0.75
4572,225,2023-11-29 16:00:00,2.72
4573,225,2023-11-30 00:00:00,4.61
4574,225,2023-11-30 08:00:00,2.26
4575,225,2023-11-30 16:00:00,9.66
4576,226,2023-10-01 00:00:00,1.01
4577,226,2023-10-01 08:00:00,1.82
4578,226,2023-10-01 16:00:00,6.27
4579,226,2023-10-02 00:00:00,2.44
4580,226,2023-10-02 08:00:00,1.72
4581,226,2023-10-02 16:00:00,1.05
4582,226,2023-10-03 00:00:00,7.47
4583,226,2023-10-03 08:00:00,4.38
4584,226,2023-10-03 16:00:00,9.46
4585,226,2023-10-04 00:00:00,2.19
4586,226,2023-10-04 08:00:00,8.45
4587,226,2023-10-04 16:00:00,9.65
4588,226,2023-10-05 00:00:00,2.91
4589,226,2023-10-05 08:00:00,2.32
4590,226,2023-10-05 16:00:00,9.86
4591,226,2023-10-06 00:00:00,7.36
4592,226,2023-10-06 08:00:00,2.45
4593,226,2023-10-06 16:00:00,2.43
4594,226,2023-10-07 00:00:00,1.19
4595,226,2023-10-07 08:00:00,6.59
4596,226,2023-10-07 16:00:00,3.5
4597,226,2023-10-08 00:00:00,9.14
4598,226,2023-10-08 08:00:00,1.46
4599,226,2023-10-08 16:00:00,3.01
4600,226,2023-10-09 00:00:00,0.7
4601,226,2023-10-09 08:00:00,1.43
4602,226,2023-10-09 16:00:00,9.74
4603,226,2023-10-10 00:00:00,8.45
4604,226,2023-10-10 08:00:00,9.11
4605,226,2023-10-10 16:00:00,1.1
4606,226,2023-10-11 00:00:00,2.37
4607,226,2023-10-11 08:00:00,5.08
4608,226,2023-10-11 16:00:00,6.31
4609,226,2023-10-12 00:00:00,2.94
4610,226,2023-10-12 08:00:00,1.87
4611,226,2023-10-12 16:00:00,1.84
4612,226,2023-10-13 00:00:00,6.56
4613,226,2023-10-13 08:00:00,2.72
4614,226,2023-10-13 16:00:00,5.72
4615,226,2023-10-14 00:00:00,3.18
4616,226,2023-10-14 08:00:00,6.68
4617,226,2023-10-14 16:00:00,5.7
4618,226,2023-10-15 00:00:00,4.61
4619,226,2023-10-15 08:00:00,8.51
4620,226,2023-10-15 16:00:00,1.55
4621,226,2023-10-16 00:00:00,8.62
4622,226,2023-10-16 08:00:00,1.9
4623,226,2023-10-16 16:00:00,4.21
4624,226,2023-10-17 00:00:00,4.23
4625,226,2023-10-17 08:00:00,4.67
4626,226,2023-10-17 16:00:00,2.97
4627,226,2023-10-18 00:00:00,1.11
4628,226,2023-10-18 08:00:00,5.35
4629,226,2023-10-18 16:00:00,5.64
4630,226,2023-10-19 00:00:00,9.04
4631,226,2023-10-19 08:00:00,1.09
4632,226,2023-10-19 16:00:00,9.63
4633,226,2023-10-20 00:00:00,9.31
4634,226,2023-10-20 08:00:00,0.86
4635,226,2023-10-20 16:00:00,4.75
4636,226,2023-10-21 00:00:00,4.89
4637,226,2023-10-21 08:00:00,5.08
4638,226,2023-10-21 16:00:00,6.31
4639,226,2023-10-22 00:00:00,9.41
4640,226,2023-10-22 08:00:00,8.43
4641,226,2023-10-22 16:00:00,1.6
4642,226,2023-10-23 00:00:00,8.17
4643,226,2023-10-23 08:00:00,8.85
4644,226,2023-10-23 16:00:00,5.97
4645,226,2023-10-24 00:00:00,5.15
4646,226,2023-10-24 08:00:00,8.53
4647,226,2023-10-24 16:00:00,3.15
4648,226,2023-10-25 00:00:00,2.35
4649,226,2023-10-25 08:00:00,5.23
4650,226,2023-10-25 16:00:00,4.62
4651,226,2023-10-26 00:00:00,1.43
4652,226,2023-10-26 08:00:00,9.03
4653,226,2023-10-26 16:00:00,2.09
4654,226,2023-10-27 00:00:00,4.17
4655,226,2023-10-27 08:00:00,7.5
4656,226,2023-10-27 16:00:00,7.81
4657,226,2023-10-28 00:00:00,3.19
4658,226,2023-10-28 08:00:00,3.88
4659,226,2023-10-28 16:00:00,6.01
4660,226,2023-10-29 00:00:00,6.28
4661,226,2023-10-29 08:00:00,9.97
4662,226,2023-10-29 16:00:00,5.68
4663,226,2023-10-30 00:00:00,6.08
4664,226,2023-10-30 08:00:00,5.96
4665,226,2023-10-30 16:00:00,7.49
4666,226,2023-10-31 00:00:00,3.33
4667,226,2023-10-31 08:00:00,5.03
4668,226,2023-10-31 16:00:00,9.11
4669,226,2023-11-01 00:00:00,4.22
4670,226,2023-11-01 08:00:00,4.42
4671,226,2023-11-01 16:00:00,4.29
4672,226,2023-11-02 00:00:00,8.39
4673,226,2023-11-02 08:00:00,9.29
4674,226,2023-11-02 16:00:00,1.93
4675,226,2023-11-03 00:00:00,1.5
4676,226,2023-11-03 08:00:00,8.73
4677,226,2023-11-03 16:00:00,6.69
4678,226,2023-11-04 00:00:00,7.74
4679,226,2023-11-04 08:00:00,5.44
4680,226,2023-11-04 16:00:00,2.23
4681,226,2023-11-05 00:00:00,3.31
4682,226,2023-11-05 08:00:00,9.78
4683,226,2023-11-05 16:00:00,5.47
4684,226,2023-11-06 00:00:00,6.72
4685,226,2023-11-06 08:00:00,2.16
4686,226,2023-11-06 16:00:00,4.35
4687,226,2023-11-07 00:00:00,9.15
4688,226,2023-11-07 08:00:00,0.87
4689,226,2023-11-07 16:00:00,0.54
4690,226,2023-11-08 00:00:00,6.33
4691,226,2023-11-08 08:00:00,9.21
4692,226,2023-11-08 16:00:00,3.83
4693,226,2023-11-09 00:00:00,1.67
4694,226,2023-11-09 08:00:00,6.2
4695,226,2023-11-09 16:00:00,1.16
4696,226,2023-11-10 00:00:00,5.94
4697,226,2023-11-10 08:00:00,4.52
4698,226,2023-11-10 16:00:00,1.61
4699,226,2023-11-11 00:00:00,7.37
4700,226,2023-11-11 08:00:00,4.71
4701,226,2023-11-11 16:00:00,6.22
4702,226,2023-11-12 00:00:00,7.63
4703,226,2023-11-12 08:00:00,5.3
4704,226,2023-11-12 16:00:00,2.4
4705,226,2023-11-13 00:00:00,6.11
4706,226,2023-11-13 08:00:00,4.72
4707,226,2023-11-13 16:00:00,6.92
4708,226,2023-11-14 00:00:00,2.12
4709,226,2023-11-14 08:00:00,3.78
4710,226,2023-11-14 16:00:00,3.15
4711,226,2023-11-15 00:00:00,7.19
4712,226,2023-11-15 08:00:00,7.82
4713,226,2023-11-15 16:00:00,4.73
4714,226,2023-11-16 00:00:00,4.95
4715,226,2023-11-16 08:00:00,9.34
4716,226,2023-11-16 16:00:00,2.68
4717,226,2023-11-17 00:00:00,2.59
4718,226,2023-11-17 08:00:00,6.44
4719,226,2023-11-17 16:00:00,9.99
4720,226,2023-11-18 00:00:00,8.65
4721,226,2023-11-18 08:00:00,4.41
4722,226,2023-11-18 16:00:00,6.59
4723,226,2023-11-19 00:00:00,9.22
4724,226,2023-11-19 08:00:00,8.13
4725,226,2023-11-19 16:00:00,6.81
4726,226,2023-11-20 00:00:00,9.36
4727,226,2023-11-20 08:00:00,7.42
4728,226,2023-11-20 16:00:00,8.36
4729,226,2023-11-21 00:00:00,1.49
4730,226,2023-11-21 08:00:00,5.41
4731,226,2023-11-21 16:00:00,7.19
4732,226,2023-11-22 00:00:00,9.39
4733,226,2023-11-22 08:00:00,8.59
4734,226,2023-11-22 16:00:00,3.96
4735,226,2023-11-23 00:00:00,2.47
4736,226,2023-11-23 08:00:00,9.38
4737,226,2023-11-23 16:00:00,1.85
4738,226,2023-11-24 00:00:00,9.43
4739,226,2023-11-24 08:00:00,9.48
4740,226,2023-11-24 16:00:00,9.82
4741,226,2023-11-25 00:00:00,7.09
4742,226,2023-11-25 08:00:00,9.89
4743,226,2023-11-25 16:00:00,7.23
4744,226,2023-11-26 00:00:00,7.83
4745,226,2023-11-26 08:00:00,6.94
4746,226,2023-11-26 16:00:00,6.87
4747,226,2023-11-27 00:00:00,8.34
4748,226,2023-11-27 08:00:00,6.78
4749,226,2023-11-27 16:00:00,6.13
4750,226,2023-11-28 00:00:00,8.84
4751,226,2023-11-28 08:00:00,9.09
4752,226,2023-11-28 16:00:00,4.36
4753,226,2023-11-29 00:00:00,7.37
4754,226,2023-11-29 08:00:00,1.04
4755,226,2023-11-29 16:00:00,7.6
4756,226,2023-11-30 00:00:00,4.29
4757,226,2023-11-30 08:00:00,5.46
4758,226,2023-11-30 16:00:00,7.28
4759,227,2023-10-01 00:00:00,0.57
4760,227,2023-10-01 08:00:00,0.82
4761,227,2023-10-01 16:00:00,5.14
4762,227,2023-10-02 00:00:00,5.3
4763,227,2023-10-02 08:00:00,8.82
4764,227,2023-10-02 16:00:00,1.07
4765,227,2023-10-03 00:00:00,3.42
4766,227,2023-10-03 08:00:00,5.79
4767,227,2023-10-03 16:00:00,8.21
4768,227,2023-10-04 00:00:00,5.14
4769,227,2023-10-04 08:00:00,5.07
4770,227,2023-10-04 16:00:00,1.31
4771,227,2023-10-05 00:00:00,6.65
4772,227,2023-10-05 08:00:00,7.5
4773,227,2023-10-05 16:00:00,0.96
4774,227,2023-10-06 00:00:00,2.13
4775,227,2023-10-06 08:00:00,7.03
4776,227,2023-10-06 16:00:00,7.99
4777,227,2023-10-07 00:00:00,2.62
4778,227,2023-10-07 08:00:00,4.62
4779,227,2023-10-07 16:00:00,4.68
4780,227,2023-10-08 00:00:00,9.92
4781,227,2023-10-08 08:00:00,8.6
4782,227,2023-10-08 16:00:00,5.15
4783,227,2023-10-09 00:00:00,1.42
4784,227,2023-10-09 08:00:00,6.86
4785,227,2023-10-09 16:00:00,9.66
4786,227,2023-10-10 00:00:00,4.7
4787,227,2023-10-10 08:00:00,4.87
4788,227,2023-10-10 16:00:00,7.54
4789,227,2023-10-11 00:00:00,3.02
4790,227,2023-10-11 08:00:00,1.69
4791,227,2023-10-11 16:00:00,4.94
4792,227,2023-10-12 00:00:00,9.46
4793,227,2023-10-12 08:00:00,9.46
4794,227,2023-10-12 16:00:00,8.87
4795,227,2023-10-13 00:00:00,6.44
4796,227,2023-10-13 08:00:00,2.37
4797,227,2023-10-13 16:00:00,4.55
4798,227,2023-10-14 00:00:00,4.05
4799,227,2023-10-14 08:00:00,2.81
4800,227,2023-10-14 16:00:00,9.21
4801,227,2023-10-15 00:00:00,8.17
4802,227,2023-10-15 08:00:00,1.04
4803,227,2023-10-15 16:00:00,8.6
4804,227,2023-10-16 00:00:00,4.39
4805,227,2023-10-16 08:00:00,2.14
4806,227,2023-10-16 16:00:00,5.81
4807,227,2023-10-17 00:00:00,7.1
4808,227,2023-10-17 08:00:00,8.03
4809,227,2023-10-17 16:00:00,8.6
4810,227,2023-10-18 00:00:00,7.21
4811,227,2023-10-18 08:00:00,8.38
4812,227,2023-10-18 16:00:00,7.29
4813,227,2023-10-19 00:00:00,2.49
4814,227,2023-10-19 08:00:00,1.82
4815,227,2023-10-19 16:00:00,4.21
4816,227,2023-10-20 00:00:00,8.78
4817,227,2023-10-20 08:00:00,5.34
4818,227,2023-10-20 16:00:00,5.55
4819,227,2023-10-21 00:00:00,4.39
4820,227,2023-10-21 08:00:00,1.65
4821,227,2023-10-21 16:00:00,7.7
4822,227,2023-10-22 00:00:00,8.47
4823,227,2023-10-22 08:00:00,7.28
4824,227,2023-10-22 16:00:00,2.56
4825,227,2023-10-23 00:00:00,4.04
4826,227,2023-10-23 08:00:00,8.02
4827,227,2023-10-23 16:00:00,6.57
4828,227,2023-10-24 00:00:00,3.54
4829,227,2023-10-24 08:00:00,3.91
4830,227,2023-10-24 16:00:00,5.1
4831,227,2023-10-25 00:00:00,2.63
4832,227,2023-10-25 08:00:00,8.68
4833,227,2023-10-25 16:00:00,4.72
4834,227,2023-10-26 00:00:00,8.49
4835,227,2023-10-26 08:00:00,9.21
4836,227,2023-10-26 16:00:00,2.93
4837,227,2023-10-27 00:00:00,8.18
4838,227,2023-10-27 08:00:00,3.86
4839,227,2023-10-27 16:00:00,3.36
4840,227,2023-10-28 00:00:00,7.3
4841,227,2023-10-28 08:00:00,4.67
4842,227,2023-10-28 16:00:00,2.73
4843,227,2023-10-29 00:00:00,7.72
4844,227,2023-10-29 08:00:00,3.06
4845,227,2023-10-29 16:00:00,4.81
4846,227,2023-10-30 00:00:00,5.76
4847,227,2023-10-30 08:00:00,3.92
4848,227,2023-10-30 16:00:00,1.75
4849,227,2023-10-31 00:00:00,5.23
4850,227,2023-10-31 08:00:00,8.9
4851,227,2023-10-31 16:00:00,4.92
4852,227,2023-11-01 00:00:00,0.7
4853,227,2023-11-01 08:00:00,1.08
4854,227,2023-11-01 16:00:00,2.18
4855,227,2023-11-02 00:00:00,8.04
4856,227,2023-11-02 08:00:00,7.23
4857,227,2023-11-02 16:00:00,4.15
4858,227,2023-11-03 00:00:00,1.45
4859,227,2023-11-03 08:00:00,1.89
4860,227,2023-11-03 16:00:00,9.06
4861,227,2023-11-04 00:00:00,9.29
4862,227,2023-11-04 08:00:00,7.78
4863,227,2023-11-04 16:00:00,4.78
4864,227,2023-11-05 00:00:00,3.52
4865,227,2023-11-05 08:00:00,1.52
4866,227,2023-11-05 16:00:00,1.67
4867,227,2023-11-06 00:00:00,7.4
4868,227,2023-11-06 08:00:00,5.48
4869,227,2023-11-06 16:00:00,8.96
4870,227,2023-11-07 00:00:00,5.26
4871,227,2023-11-07 08:00:00,3.27
4872,227,2023-11-07 16:00:00,9.22
4873,227,2023-11-08 00:00:00,9.29
4874,227,2023-11-08 08:00:00,9.45
4875,227,2023-11-08 16:00:00,9.12
4876,227,2023-11-09 00:00:00,3.02
4877,227,2023-11-09 08:00:00,6.73
4878,227,2023-11-09 16:00:00,3.35
4879,227,2023-11-10 00:00:00,4.52
4880,227,2023-11-10 08:00:00,7.73
4881,227,2023-11-10 16:00:00,7.76
4882,227,2023-11-11 00:00:00,6.27
4883,227,2023-11-11 08:00:00,9.55
4884,227,2023-11-11 16:00:00,3.14
4885,227,2023-11-12 00:00:00,1.81
4886,227,2023-11-12 08:00:00,8.23
4887,227,2023-11-12 16:00:00,6.47
4888,227,2023-11-13 00:00:00,2.52
4889,227,2023-11-13 08:00:00,1.38
4890,227,2023-11-13 16:00:00,1.8
4891,227,2023-11-14 00:00:00,6.52
4892,227,2023-11-14 08:00:00,9.84
4893,227,2023-11-14 16:00:00,4.26
4894,227,2023-11-15 00:00:00,8.59
4895,227,2023-11-15 08:00:00,4.24
4896,227,2023-11-15 16:00:00,1.37
4897,227,2023-11-16 00:00:00,1.28
4898,227,2023-11-16 08:00:00,2.08
4899,227,2023-11-16 16:00:00,3.87
4900,227,2023-11-17 00:00:00,6.7
4901,227,2023-11-17 08:00:00,3.03
4902,227,2023-11-17 16:00:00,3.02
4903,227,2023-11-18 00:00:00,8.12
4904,227,2023-11-18 08:00:00,7.14
4905,227,2023-11-18 16:00:00,0.95
4906,227,2023-11-19 00:00:00,8.3
4907,227,2023-11-19 08:00:00,0.64
4908,227,2023-11-19 16:00:00,2.19
4909,227,2023-11-20 00:00:00,6.85
4910,227,2023-11-20 08:00:00,9.89
4911,227,2023-11-20 16:00:00,9.6
4912,227,2023-11-21 00:00:00,6.51
4913,227,2023-11-21 08:00:00,2.0
4914,227,2023-11-21 16:00:00,4.16
4915,227,2023-11-22 00:00:00,2.89
4916,227,2023-11-22 08:00:00,9.88
4917,227,2023-11-22 16:00:00,6.48
4918,227,2023-11-23 00:00:00,0.55
4919,227,2023-11-23 08:00:00,9.73
4920,227,2023-11-23 16:00:00,0.63
4921,227,2023-11-24 00:00:00,3.82
4922,227,2023-11-24 08:00:00,9.29
4923,227,2023-11-24 16:00:00,8.34
4924,227,2023-11-25 00:00:00,9.26
4925,227,2023-11-25 08:00:00,3.71
4926,227,2023-11-25 16:00:00,8.52
4927,227,2023-11-26 00:00:00,2.07
4928,227,2023-11-26 08:00:00,1.55
4929,227,2023-11-26 16:00:00,6.03
4930,227,2023-11-27 00:00:00,3.55
4931,227,2023-11-27 08:00:00,2.1
4932,227,2023-11-27 16:00:00,5.73
4933,227,2023-11-28 00:00:00,8.07
4934,227,2023-11-28 08:00:00,4.52
4935,227,2023-11-28 16:00:00,7.06
4936,227,2023-11-29 00:00:00,4.94
4937,227,2023-11-29 08:00:00,8.56
4938,227,2023-11-29 16:00:00,7.37
4939,227,2023-11-30 00:00:00,8.06
4940,227,2023-11-30 08:00:00,9.65
4941,227,2023-11-30 16:00:00,7.12
4942,228,2023-10-01 00:00:00,9.48
4943,228,2023-10-01 08:00:00,6.6
4944,228,2023-10-01 16:00:00,6.79
4945,228,2023-10-02 00:00:00,9.64
4946,228,2023-10-02 08:00:00,0.75
4947,228,2023-10-02 16:00:00,0.67
4948,228,2023-10-03 00:00:00,9.46
4949,228,2023-10-03 08:00:00,3.73
4950,228,2023-10-03 16:00:00,5.35
4951,228,2023-10-04 00:00:00,8.8
4952,228,2023-10-04 08:00:00,7.74
4953,228,2023-10-04 16:00:00,1.8
4954,228,2023-10-05 00:00:00,1.94
4955,228,2023-10-05 08:00:00,6.99
4956,228,2023-10-05 16:00:00,6.19
4957,228,2023-10-06 00:00:00,9.75
4958,228,2023-10-06 08:00:00,2.4
4959,228,2023-10-06 16:00:00,9.85
4960,228,2023-10-07 00:00:00,7.09
4961,228,2023-10-07 08:00:00,6.94
4962,228,2023-10-07 16:00:00,4.77
4963,228,2023-10-08 00:00:00,2.08
4964,228,2023-10-08 08:00:00,4.38
4965,228,2023-10-08 16:00:00,1.78
4966,228,2023-10-09 00:00:00,9.93
4967,228,2023-10-09 08:00:00,1.9
4968,228,2023-10-09 16:00:00,5.59
4969,228,2023-10-10 00:00:00,9.73
4970,228,2023-10-10 08:00:00,9.9
4971,228,2023-10-10 16:00:00,3.57
4972,228,2023-10-11 00:00:00,1.46
4973,228,2023-10-11 08:00:00,7.11
4974,228,2023-10-11 16:00:00,9.23
4975,228,2023-10-12 00:00:00,8.35
4976,228,2023-10-12 08:00:00,3.39
4977,228,2023-10-12 16:00:00,1.82
4978,228,2023-10-13 00:00:00,7.01
4979,228,2023-10-13 08:00:00,9.59
4980,228,2023-10-13 16:00:00,6.58
4981,228,2023-10-14 00:00:00,1.87
4982,228,2023-10-14 08:00:00,5.54
4983,228,2023-10-14 16:00:00,8.22
4984,228,2023-10-15 00:00:00,4.53
4985,228,2023-10-15 08:00:00,6.91
4986,228,2023-10-15 16:00:00,1.06
4987,228,2023-10-16 00:00:00,7.14
4988,228,2023-10-16 08:00:00,1.48
4989,228,2023-10-16 16:00:00,3.6
4990,228,2023-10-17 00:00:00,4.41
4991,228,2023-10-17 08:00:00,8.67
4992,228,2023-10-17 16:00:00,7.51
4993,228,2023-10-18 00:00:00,7.17
4994,228,2023-10-18 08:00:00,1.48
4995,228,2023-10-18 16:00:00,9.05
4996,228,2023-10-19 00:00:00,3.69
4997,228,2023-10-19 08:00:00,5.66
4998,228,2023-10-19 16:00:00,7.87
4999,228,2023-10-20 00:00:00,7.82
5000,228,2023-10-20 08:00:00,3.32
5001,228,2023-10-20 16:00:00,0.78
5002,228,2023-10-21 00:00:00,2.47
5003,228,2023-10-21 08:00:00,6.56
5004,228,2023-10-21 16:00:00,5.29
5005,228,2023-10-22 00:00:00,5.91
5006,228,2023-10-22 08:00:00,4.4
5007,228,2023-10-22 16:00:00,6.56
5008,228,2023-10-23 00:00:00,5.75
5009,228,2023-10-23 08:00:00,6.32
5010,228,2023-10-23 16:00:00,1.94
5011,228,2023-10-24 00:00:00,2.7
5012,228,2023-10-24 08:00:00,7.66
5013,228,2023-10-24 16:00:00,2.65
5014,228,2023-10-25 00:00:00,7.41
5015,228,2023-10-25 08:00:00,3.28
5016,228,2023-10-25 16:00:00,9.91
5017,228,2023-10-26 00:00:00,0.97
5018,228,2023-10-26 08:00:00,6.6
5019,228,2023-10-26 16:00:00,6.02
5020,228,2023-10-27 00:00:00,8.4
5021,228,2023-10-27 08:00:00,6.92
5022,228,2023-10-27 16:00:00,3.03
5023,228,2023-10-28 00:00:00,6.79
5024,228,2023-10-28 08:00:00,5.93
5025,228,2023-10-28 16:00:00,0.61
5026,228,2023-10-29 00:00:00,5.0
5027,228,2023-10-29 08:00:00,9.51
5028,228,2023-10-29 16:00:00,2.42
5029,228,2023-10-30 00:00:00,6.93
5030,228,2023-10-30 08:00:00,1.73
5031,228,2023-10-30 16:00:00,3.29
5032,228,2023-10-31 00:00:00,2.38
5033,228,2023-10-31 08:00:00,1.32
5034,228,2023-10-31 16:00:00,0.62
5035,228,2023-11-01 00:00:00,7.41
5036,228,2023-11-01 08:00:00,4.93
5037,228,2023-11-01 16:00:00,8.09
5038,228,2023-11-02 00:00:00,1.28
5039,228,2023-11-02 08:00:00,2.39
5040,228,2023-11-02 16:00:00,8.84
5041,228,2023-11-03 00:00:00,7.89
5042,228,2023-11-03 08:00:00,5.1
5043,228,2023-11-03 16:00:00,7.67
5044,228,2023-11-04 00:00:00,8.35
5045,228,2023-11-04 08:00:00,7.03
5046,228,2023-11-04 16:00:00,5.47
5047,228,2023-11-05 00:00:00,4.84
5048,228,2023-11-05 08:00:00,3.65
5049,228,2023-11-05 16:00:00,6.51
5050,228,2023-11-06 00:00:00,0.86
5051,228,2023-11-06 08:00:00,7.21
5052,228,2023-11-06 16:00:00,9.57
5053,228,2023-11-07 00:00:00,3.21
5054,228,2023-11-07 08:00:00,3.86
5055,228,2023-11-07 16:00:00,6.47
5056,228,2023-11-08 00:00:00,7.1
5057,228,2023-11-08 08:00:00,4.92
5058,228,2023-11-08 16:00:00,3.35
5059,228,2023-11-09 00:00:00,6.33
5060,228,2023-11-09 08:00:00,5.51
5061,228,2023-11-09 16:00:00,9.93
5062,228,2023-11-10 00:00:00,3.94
5063,228,2023-11-10 08:00:00,3.93
5064,228,2023-11-10 16:00:00,6.72
5065,228,2023-11-11 00:00:00,5.97
5066,228,2023-11-11 08:00:00,3.59
5067,228,2023-11-11 16:00:00,5.43
5068,228,2023-11-12 00:00:00,5.02
5069,228,2023-11-12 08:00:00,4.76
5070,228,2023-11-12 16:00:00,6.27
5071,228,2023-11-13 00:00:00,6.68
5072,228,2023-11-13 08:00:00,4.07
5073,228,2023-11-13 16:00:00,4.58
5074,228,2023-11-14 00:00:00,2.72
5075,228,2023-11-14 08:00:00,5.55
5076,228,2023-11-14 16:00:00,7.95
5077,228,2023-11-15 00:00:00,7.36
5078,228,2023-11-15 08:00:00,4.78
5079,228,2023-11-15 16:00:00,0.87
5080,228,2023-11-16 00:00:00,1.91
5081,228,2023-11-16 08:00:00,4.17
5082,228,2023-11-16 16:00:00,4.25
5083,228,2023-11-17 00:00:00,6.07
5084,228,2023-11-17 08:00:00,5.37
5085,228,2023-11-17 16:00:00,5.35
5086,228,2023-11-18 00:00:00,2.03
5087,228,2023-11-18 08:00:00,7.96
5088,228,2023-11-18 16:00:00,1.37
5089,228,2023-11-19 00:00:00,5.32
5090,228,2023-11-19 08:00:00,3.21
5091,228,2023-11-19 16:00:00,1.64
5092,228,2023-11-20 00:00:00,4.69
5093,228,2023-11-20 08:00:00,2.54
5094,228,2023-11-20 16:00:00,6.76
5095,228,2023-11-21 00:00:00,8.02
5096,228,2023-11-21 08:00:00,4.92
5097,228,2023-11-21 16:00:00,6.71
5098,228,2023-11-22 00:00:00,2.76
5099,228,2023-11-22 08:00:00,3.68
5100,228,2023-11-22 16:00:00,8.73
5101,228,2023-11-23 00:00:00,2.33
5102,228,2023-11-23 08:00:00,5.33
5103,228,2023-11-23 16:00:00,3.64
5104,228,2023-11-24 00:00:00,9.71
5105,228,2023-11-24 08:00:00,1.37
5106,228,2023-11-24 16:00:00,1.0
5107,228,2023-11-25 00:00:00,9.28
5108,228,2023-11-25 08:00:00,5.86
5109,228,2023-11-25 16:00:00,3.5
5110,228,2023-11-26 00:00:00,1.24
5111,228,2023-11-26 08:00:00,7.71
5112,228,2023-11-26 16:00:00,6.17
5113,228,2023-11-27 00:00:00,6.91
5114,228,2023-11-27 08:00:00,4.3
5115,228,2023-11-27 16:00:00,2.44
5116,228,2023-11-28 00:00:00,8.37
5117,228,2023-11-28 08:00:00,1.8
5118,228,2023-11-28 16:00:00,3.55
5119,228,2023-11-29 00:00:00,1.72
5120,228,2023-11-29 08:00:00,7.3
5121,228,2023-11-29 16:00:00,8.39
5122,228,2023-11-30 00:00:00,6.68
5123,228,2023-11-30 08:00:00,6.23
5124,228,2023-11-30 16:00:00,8.99
5125,229,2023-10-01 00:00:00,2.25
5126,229,2023-10-01 08:00:00,2.66
5127,229,2023-10-01 16:00:00,3.94
5128,229,2023-10-02 00:00:00,4.17
5129,229,2023-10-02 08:00:00,1.16
5130,229,2023-10-02 16:00:00,9.77
5131,229,2023-10-03 00:00:00,8.04
5132,229,2023-10-03 08:00:00,9.55
5133,229,2023-10-03 16:00:00,4.94
5134,229,2023-10-04 00:00:00,8.73
5135,229,2023-10-04 08:00:00,0.72
5136,229,2023-10-04 16:00:00,3.24
5137,229,2023-10-05 00:00:00,5.18
5138,229,2023-10-05 08:00:00,5.27
5139,229,2023-10-05 16:00:00,8.31
5140,229,2023-10-06 00:00:00,6.11
5141,229,2023-10-06 08:00:00,8.31
5142,229,2023-10-06 16:00:00,8.89
5143,229,2023-10-07 00:00:00,3.87
5144,229,2023-10-07 08:00:00,6.52
5145,229,2023-10-07 16:00:00,6.74
5146,229,2023-10-08 00:00:00,4.53
5147,229,2023-10-08 08:00:00,3.57
5148,229,2023-10-08 16:00:00,0.87
5149,229,2023-10-09 00:00:00,6.9
5150,229,2023-10-09 08:00:00,2.9
5151,229,2023-10-09 16:00:00,6.98
5152,229,2023-10-10 00:00:00,4.1
5153,229,2023-10-10 08:00:00,4.97
5154,229,2023-10-10 16:00:00,2.95
5155,229,2023-10-11 00:00:00,3.95
5156,229,2023-10-11 08:00:00,4.33
5157,229,2023-10-11 16:00:00,9.13
5158,229,2023-10-12 00:00:00,8.48
5159,229,2023-10-12 08:00:00,4.33
5160,229,2023-10-12 16:00:00,6.95
5161,229,2023-10-13 00:00:00,8.41
5162,229,2023-10-13 08:00:00,2.13
5163,229,2023-10-13 16:00:00,5.48
5164,229,2023-10-14 00:00:00,5.83
5165,229,2023-10-14 08:00:00,5.38
5166,229,2023-10-14 16:00:00,5.46
5167,229,2023-10-15 00:00:00,8.2
5168,229,2023-10-15 08:00:00,1.38
5169,229,2023-10-15 16:00:00,3.11
5170,229,2023-10-16 00:00:00,4.28
5171,229,2023-10-16 08:00:00,7.29
5172,229,2023-10-16 16:00:00,6.34
5173,229,2023-10-17 00:00:00,2.36
5174,229,2023-10-17 08:00:00,0.99
5175,229,2023-10-17 16:00:00,4.18
5176,229,2023-10-18 00:00:00,0.57
5177,229,2023-10-18 08:00:00,7.48
5178,229,2023-10-18 16:00:00,5.71
5179,229,2023-10-19 00:00:00,4.61
5180,229,2023-10-19 08:00:00,2.36
5181,229,2023-10-19 16:00:00,5.91
5182,229,2023-10-20 00:00:00,5.3
5183,229,2023-10-20 08:00:00,7.97
5184,229,2023-10-20 16:00:00,5.3
5185,229,2023-10-21 00:00:00,5.11
5186,229,2023-10-21 08:00:00,7.59
5187,229,2023-10-21 16:00:00,4.8
5188,229,2023-10-22 00:00:00,3.82
5189,229,2023-10-22 08:00:00,2.79
5190,229,2023-10-22 16:00:00,5.02
5191,229,2023-10-23 00:00:00,7.55
5192,229,2023-10-23 08:00:00,7.36
5193,229,2023-10-23 16:00:00,9.26
5194,229,2023-10-24 00:00:00,5.84
5195,229,2023-10-24 08:00:00,1.31
5196,229,2023-10-24 16:00:00,5.75
5197,229,2023-10-25 00:00:00,2.82
5198,229,2023-10-25 08:00:00,3.6
5199,229,2023-10-25 16:00:00,7.18
5200,229,2023-10-26 00:00:00,6.36
5201,229,2023-10-26 08:00:00,7.88
5202,229,2023-10-26 16:00:00,6.23
5203,229,2023-10-27 00:00:00,4.91
5204,229,2023-10-27 08:00:00,1.61
5205,229,2023-10-27 16:00:00,5.0
5206,229,2023-10-28 00:00:00,9.72
5207,229,2023-10-28 08:00:00,7.83
5208,229,2023-10-28 16:00:00,8.4
5209,229,2023-10-29 00:00:00,4.41
5210,229,2023-10-29 08:00:00,0.76
5211,229,2023-10-29 16:00:00,5.4
5212,229,2023-10-30 00:00:00,4.44
5213,229,2023-10-30 08:00:00,5.9
5214,229,2023-10-30 16:00:00,9.73
5215,229,2023-10-31 00:00:00,4.65
5216,229,2023-10-31 08:00:00,8.68
5217,229,2023-10-31 16:00:00,1.11
5218,229,2023-11-01 00:00:00,1.4
5219,229,2023-11-01 08:00:00,6.77
5220,229,2023-11-01 16:00:00,5.3
5221,229,2023-11-02 00:00:00,3.5
5222,229,2023-11-02 08:00:00,9.81
5223,229,2023-11-02 16:00:00,6.17
5224,229,2023-11-03 00:00:00,4.67
5225,229,2023-11-03 08:00:00,7.18
5226,229,2023-11-03 16:00:00,7.36
5227,229,2023-11-04 00:00:00,8.07
5228,229,2023-11-04 08:00:00,5.87
5229,229,2023-11-04 16:00:00,3.44
5230,229,2023-11-05 00:00:00,4.66
5231,229,2023-11-05 08:00:00,8.85
5232,229,2023-11-05 16:00:00,5.28
5233,229,2023-11-06 00:00:00,6.98
5234,229,2023-11-06 08:00:00,2.0
5235,229,2023-11-06 16:00:00,7.54
5236,229,2023-11-07 00:00:00,5.19
5237,229,2023-11-07 08:00:00,3.77
5238,229,2023-11-07 16:00:00,3.8
5239,229,2023-11-08 00:00:00,3.54
5240,229,2023-11-08 08:00:00,8.53
5241,229,2023-11-08 16:00:00,3.21
5242,229,2023-11-09 00:00:00,0.76
5243,229,2023-11-09 08:00:00,0.66
5244,229,2023-11-09 16:00:00,5.26
5245,229,2023-11-10 00:00:00,6.08
5246,229,2023-11-10 08:00:00,5.9
5247,229,2023-11-10 16:00:00,1.73
5248,229,2023-11-11 00:00:00,3.05
5249,229,2023-11-11 08:00:00,6.86
5250,229,2023-11-11 16:00:00,5.7
5251,229,2023-11-12 00:00:00,4.55
5252,229,2023-11-12 08:00:00,5.29
5253,229,2023-11-12 16:00:00,7.98
5254,229,2023-11-13 00:00:00,6.24
5255,229,2023-11-13 08:00:00,5.06
5256,229,2023-11-13 16:00:00,5.39
5257,229,2023-11-14 00:00:00,9.13
5258,229,2023-11-14 08:00:00,2.44
5259,229,2023-11-14 16:00:00,6.86
5260,229,2023-11-15 00:00:00,4.48
5261,229,2023-11-15 08:00:00,7.81
5262,229,2023-11-15 16:00:00,9.57
5263,229,2023-11-16 00:00:00,1.79
5264,229,2023-11-16 08:00:00,6.79
5265,229,2023-11-16 16:00:00,1.09
5266,229,2023-11-17 00:00:00,5.17
5267,229,2023-11-17 08:00:00,3.22
5268,229,2023-11-17 16:00:00,2.38
5269,229,2023-11-18 00:00:00,1.72
5270,229,2023-11-18 08:00:00,2.21
5271,229,2023-11-18 16:00:00,7.2
5272,229,2023-11-19 00:00:00,9.76
5273,229,2023-11-19 08:00:00,9.39
5274,229,2023-11-19 16:00:00,7.98
5275,229,2023-11-20 00:00:00,6.77
5276,229,2023-11-20 08:00:00,5.87
5277,229,2023-11-20 16:00:00,2.64
5278,229,2023-11-21 00:00:00,2.42
5279,229,2023-11-21 08:00:00,2.41
5280,229,2023-11-21 16:00:00,7.71
5281,229,2023-11-22 00:00:00,9.63
5282,229,2023-11-22 08:00:00,1.23
5283,229,2023-11-22 16:00:00,8.27
5284,229,2023-11-23 00:00:00,4.21
5285,229,2023-11-23 08:00:00,2.51
5286,229,2023-11-23 16:00:00,2.68
5287,229,2023-11-24 00:00:00,2.96
5288,229,2023-11-24 08:00:00,4.91
5289,229,2023-11-24 16:00:00,4.67
5290,229,2023-11-25 00:00:00,9.4
5291,229,2023-11-25 08:00:00,8.16
5292,229,2023-11-25 16:00:00,8.83
5293,229,2023-11-26 00:00:00,6.09
5294,229,2023-11-26 08:00:00,5.03
5295,229,2023-11-26 16:00:00,1.91
5296,229,2023-11-27 00:00:00,8.69
5297,229,2023-11-27 08:00:00,4.26
5298,229,2023-11-27 16:00:00,9.49
5299,229,2023-11-28 00:00:00,6.54
5300,229,2023-11-28 08:00:00,4.04
5301,229,2023-11-28 16:00:00,3.83
5302,229,2023-11-29 00:00:00,6.18
5303,229,2023-11-29 08:00:00,4.83
5304,229,2023-11-29 16:00:00,8.78
5305,229,2023-11-30 00:00:00,9.02
5306,229,2023-11-30 08:00:00,8.6
5307,229,2023-11-30 16:00:00,0.93
5308,230,2023-10-01 00:00:00,3.38
5309,230,2023-10-01 08:00:00,5.91
5310,230,2023-10-01 16:00:00,5.47
5311,230,2023-10-02 00:00:00,7.12
5312,230,2023-10-02 08:00:00,5.61
5313,230,2023-10-02 16:00:00,7.43
5314,230,2023-10-03 00:00:00,6.52
5315,230,2023-10-03 08:00:00,1.97
5316,230,2023-10-03 16:00:00,3.36
5317,230,2023-10-04 00:00:00,7.63
5318,230,2023-10-04 08:00:00,9.52
5319,230,2023-10-04 16:00:00,2.98
5320,230,2023-10-05 00:00:00,9.75
5321,230,2023-10-05 08:00:00,8.63
5322,230,2023-10-05 16:00:00,8.53
5323,230,2023-10-06 00:00:00,4.95
5324,230,2023-10-06 08:00:00,3.55
5325,230,2023-10-06 16:00:00,3.68
5326,230,2023-10-07 00:00:00,2.46
5327,230,2023-10-07 08:00:00,2.52
5328,230,2023-10-07 16:00:00,1.72
5329,230,2023-10-08 00:00:00,1.83
5330,230,2023-10-08 08:00:00,5.93
5331,230,2023-10-08 16:00:00,7.27
5332,230,2023-10-09 00:00:00,1.44
5333,230,2023-10-09 08:00:00,8.9
5334,230,2023-10-09 16:00:00,1.74
5335,230,2023-10-10 00:00:00,9.87
5336,230,2023-10-10 08:00:00,5.01
5337,230,2023-10-10 16:00:00,8.99
5338,230,2023-10-11 00:00:00,8.97
5339,230,2023-10-11 08:00:00,1.7
5340,230,2023-10-11 16:00:00,3.35
5341,230,2023-10-12 00:00:00,0.65
5342,230,2023-10-12 08:00:00,7.83
5343,230,2023-10-12 16:00:00,9.19
5344,230,2023-10-13 00:00:00,7.94
5345,230,2023-10-13 08:00:00,5.62
5346,230,2023-10-13 16:00:00,5.82
5347,230,2023-10-14 00:00:00,9.88
5348,230,2023-10-14 08:00:00,2.2
5349,230,2023-10-14 16:00:00,4.03
5350,230,2023-10-15 00:00:00,4.25
5351,230,2023-10-15 08:00:00,6.51
5352,230,2023-10-15 16:00:00,6.44
5353,230,2023-10-16 00:00:00,5.52
5354,230,2023-10-16 08:00:00,3.6
5355,230,2023-10-16 16:00:00,7.33
5356,230,2023-10-17 00:00:00,2.41
5357,230,2023-10-17 08:00:00,5.29
5358,230,2023-10-17 16:00:00,2.72
5359,230,2023-10-18 00:00:00,2.74
5360,230,2023-10-18 08:00:00,1.18
5361,230,2023-10-18 16:00:00,8.89
5362,230,2023-10-19 00:00:00,8.33
5363,230,2023-10-19 08:00:00,4.49
5364,230,2023-10-19 16:00:00,4.07
5365,230,2023-10-20 00:00:00,7.23
5366,230,2023-10-20 08:00:00,8.19
5367,230,2023-10-20 16:00:00,9.57
5368,230,2023-10-21 00:00:00,6.95
5369,230,2023-10-21 08:00:00,5.53
5370,230,2023-10-21 16:00:00,8.26
5371,230,2023-10-22 00:00:00,6.02
5372,230,2023-10-22 08:00:00,8.58
5373,230,2023-10-22 16:00:00,2.36
5374,230,2023-10-23 00:00:00,5.22
5375,230,2023-10-23 08:00:00,4.83
5376,230,2023-10-23 16:00:00,9.81
5377,230,2023-10-24 00:00:00,6.66
5378,230,2023-10-24 08:00:00,4.83
5379,230,2023-10-24 16:00:00,8.0
5380,230,2023-10-25 00:00:00,6.07
5381,230,2023-10-25 08:00:00,7.58
5382,230,2023-10-25 16:00:00,8.73
5383,230,2023-10-26 00:00:00,4.01
5384,230,2023-10-26 08:00:00,7.83
5385,230,2023-10-26 16:00:00,3.18
5386,230,2023-10-27 00:00:00,3.86
5387,230,2023-10-27 08:00:00,4.04
5388,230,2023-10-27 16:00:00,7.6
5389,230,2023-10-28 00:00:00,9.54
5390,230,2023-10-28 08:00:00,7.66
5391,230,2023-10-28 16:00:00,7.86
5392,230,2023-10-29 00:00:00,9.54
5393,230,2023-10-29 08:00:00,8.71
5394,230,2023-10-29 16:00:00,5.1
5395,230,2023-10-30 00:00:00,9.99
5396,230,2023-10-30 08:00:00,8.56
5397,230,2023-10-30 16:00:00,9.62
5398,230,2023-10-31 00:00:00,6.92
5399,230,2023-10-31 08:00:00,3.76
5400,230,2023-10-31 16:00:00,2.53
5401,230,2023-11-01 00:00:00,8.05
5402,230,2023-11-01 08:00:00,3.31
5403,230,2023-11-01 16:00:00,2.6
5404,230,2023-11-02 00:00:00,4.7
5405,230,2023-11-02 08:00:00,7.1
5406,230,2023-11-02 16:00:00,7.36
5407,230,2023-11-03 00:00:00,0.94
5408,230,2023-11-03 08:00:00,7.99
5409,230,2023-11-03 16:00:00,5.73
5410,230,2023-11-04 00:00:00,8.98
5411,230,2023-11-04 08:00:00,2.71
5412,230,2023-11-04 16:00:00,5.23
5413,230,2023-11-05 00:00:00,1.48
5414,230,2023-11-05 08:00:00,1.46
5415,230,2023-11-05 16:00:00,9.79
5416,230,2023-11-06 00:00:00,2.53
5417,230,2023-11-06 08:00:00,3.74
5418,230,2023-11-06 16:00:00,5.72
5419,230,2023-11-07 00:00:00,5.21
5420,230,2023-11-07 08:00:00,2.81
5421,230,2023-11-07 16:00:00,2.53
5422,230,2023-11-08 00:00:00,0.82
5423,230,2023-11-08 08:00:00,3.6
5424,230,2023-11-08 16:00:00,0.9
5425,230,2023-11-09 00:00:00,7.42
5426,230,2023-11-09 08:00:00,7.27
5427,230,2023-11-09 16:00:00,5.81
5428,230,2023-11-10 00:00:00,7.56
5429,230,2023-11-10 08:00:00,6.29
5430,230,2023-11-10 16:00:00,1.04
5431,230,2023-11-11 00:00:00,0.6
5432,230,2023-11-11 08:00:00,8.52
5433,230,2023-11-11 16:00:00,6.31
5434,230,2023-11-12 00:00:00,2.3
5435,230,2023-11-12 08:00:00,6.51
5436,230,2023-11-12 16:00:00,9.51
5437,230,2023-11-13 00:00:00,3.92
5438,230,2023-11-13 08:00:00,2.22
5439,230,2023-11-13 16:00:00,3.7
5440,230,2023-11-14 00:00:00,6.88
5441,230,2023-11-14 08:00:00,5.41
5442,230,2023-11-14 16:00:00,9.32
5443,230,2023-11-15 00:00:00,4.75
5444,230,2023-11-15 08:00:00,8.28
5445,230,2023-11-15 16:00:00,5.62
5446,230,2023-11-16 00:00:00,0.91
5447,230,2023-11-16 08:00:00,9.92
5448,230,2023-11-16 16:00:00,1.34
5449,230,2023-11-17 00:00:00,3.82
5450,230,2023-11-17 08:00:00,0.51
5451,230,2023-11-17 16:00:00,3.78
5452,230,2023-11-18 00:00:00,6.88
5453,230,2023-11-18 08:00:00,2.46
5454,230,2023-11-18 16:00:00,7.78
5455,230,2023-11-19 00:00:00,8.43
5456,230,2023-11-19 08:00:00,5.31
5457,230,2023-11-19 16:00:00,5.22
5458,230,2023-11-20 00:00:00,1.52
5459,230,2023-11-20 08:00:00,8.3
5460,230,2023-11-20 16:00:00,9.03
5461,230,2023-11-21 00:00:00,1.3
5462,230,2023-11-21 08:00:00,9.36
5463,230,2023-11-21 16:00:00,6.53
5464,230,2023-11-22 00:00:00,4.85
5465,230,2023-11-22 08:00:00,9.1
5466,230,2023-11-22 16:00:00,3.37
5467,230,2023-11-23 00:00:00,0.69
5468,230,2023-11-23 08:00:00,3.43
5469,230,2023-11-23 16:00:00,0.57
5470,230,2023-11-24 00:00:00,6.64
5471,230,2023-11-24 08:00:00,1.52
5472,230,2023-11-24 16:00:00,2.92
5473,230,2023-11-25 00:00:00,2.25
5474,230,2023-11-25 08:00:00,0.79
5475,230,2023-11-25 16:00:00,6.94
5476,230,2023-11-26 00:00:00,7.39
5477,230,2023-11-26 08:00:00,3.53
5478,230,2023-11-26 16:00:00,3.81
5479,230,2023-11-27 00:00:00,9.98
5480,230,2023-11-27 08:00:00,8.02
5481,230,2023-11-27 16:00:00,1.8
5482,230,2023-11-28 00:00:00,1.3
5483,230,2023-11-28 08:00:00,0.83
5484,230,2023-11-28 16:00:00,4.35
5485,230,2023-11-29 00:00:00,1.57
5486,230,2023-11-29 08:00:00,1.42
5487,230,2023-11-29 16:00:00,2.25
5488,230,2023-11-30 00:00:00,8.33
5489,230,2023-11-30 08:00:00,8.44
5490,230,2023-11-30 16:00:00,7.82
5491,231,2023-10-01 00:00:00,1.82
5492,231,2023-10-01 08:00:00,1.46
5493,231,2023-10-01 16:00:00,1.65
5494,231,2023-10-02 00:00:00,3.85
5495,231,2023-10-02 08:00:00,4.23
5496,231,2023-10-02 16:00:00,8.83
5497,231,2023-10-03 00:00:00,4.47
5498,231,2023-10-03 08:00:00,3.4
5499,231,2023-10-03 16:00:00,2.34
5500,231,2023-10-04 00:00:00,8.86
5501,231,2023-10-04 08:00:00,4.96
5502,231,2023-10-04 16:00:00,4.21
5503,231,2023-10-05 00:00:00,3.95
5504,231,2023-10-05 08:00:00,1.36
5505,231,2023-10-05 16:00:00,0.82
5506,231,2023-10-06 00:00:00,5.9
5507,231,2023-10-06 08:00:00,2.14
5508,231,2023-10-06 16:00:00,7.76
5509,231,2023-10-07 00:00:00,6.89
5510,231,2023-10-07 08:00:00,6.22
5511,231,2023-10-07 16:00:00,4.82
5512,231,2023-10-08 00:00:00,9.25
5513,231,2023-10-08 08:00:00,4.36
5514,231,2023-10-08 16:00:00,1.7
5515,231,2023-10-09 00:00:00,1.8
5516,231,2023-10-09 08:00:00,4.2
5517,231,2023-10-09 16:00:00,5.44
5518,231,2023-10-10 00:00:00,5.43
5519,231,2023-10-10 08:00:00,1.78
5520,231,2023-10-10 16:00:00,1.12
5521,231,2023-10-11 00:00:00,9.89
5522,231,2023-10-11 08:00:00,5.42
5523,231,2023-10-11 16:00:00,4.83
5524,231,2023-10-12 00:00:00,3.13
5525,231,2023-10-12 08:00:00,2.69
5526,231,2023-10-12 16:00:00,9.76
5527,231,2023-10-13 00:00:00,2.9
5528,231,2023-10-13 08:00:00,5.6
5529,231,2023-10-13 16:00:00,3.88
5530,231,2023-10-14 00:00:00,6.33
5531,231,2023-10-14 08:00:00,5.33
5532,231,2023-10-14 16:00:00,2.21
5533,231,2023-10-15 00:00:00,1.65
5534,231,2023-10-15 08:00:00,8.91
5535,231,2023-10-15 16:00:00,7.12
5536,231,2023-10-16 00:00:00,5.29
5537,231,2023-10-16 08:00:00,5.92
5538,231,2023-10-16 16:00:00,1.34
5539,231,2023-10-17 00:00:00,3.0
5540,231,2023-10-17 08:00:00,1.97
5541,231,2023-10-17 16:00:00,4.49
5542,231,2023-10-18 00:00:00,1.04
5543,231,2023-10-18 08:00:00,5.53
5544,231,2023-10-18 16:00:00,2.37
5545,231,2023-10-19 00:00:00,2.21
5546,231,2023-10-19 08:00:00,2.92
5547,231,2023-10-19 16:00:00,8.56
5548,231,2023-10-20 00:00:00,5.85
5549,231,2023-10-20 08:00:00,7.49
5550,231,2023-10-20 16:00:00,1.22
5551,231,2023-10-21 00:00:00,8.7
5552,231,2023-10-21 08:00:00,8.39
5553,231,2023-10-21 16:00:00,4.31
5554,231,2023-10-22 00:00:00,8.64
5555,231,2023-10-22 08:00:00,6.0
5556,231,2023-10-22 16:00:00,9.54
5557,231,2023-10-23 00:00:00,9.0
5558,231,2023-10-23 08:00:00,8.2
5559,231,2023-10-23 16:00:00,6.07
5560,231,2023-10-24 00:00:00,6.66
5561,231,2023-10-24 08:00:00,4.67
5562,231,2023-10-24 16:00:00,5.83
5563,231,2023-10-25 00:00:00,3.97
5564,231,2023-10-25 08:00:00,9.58
5565,231,2023-10-25 16:00:00,1.31
5566,231,2023-10-26 00:00:00,2.24
5567,231,2023-10-26 08:00:00,6.78
5568,231,2023-10-26 16:00:00,5.7
5569,231,2023-10-27 00:00:00,0.51
5570,231,2023-10-27 08:00:00,8.62
5571,231,2023-10-27 16:00:00,1.56
5572,231,2023-10-28 00:00:00,4.71
5573,231,2023-10-28 08:00:00,9.81
5574,231,2023-10-28 16:00:00,6.05
5575,231,2023-10-29 00:00:00,2.82
5576,231,2023-10-29 08:00:00,9.74
5577,231,2023-10-29 16:00:00,3.7
5578,231,2023-10-30 00:00:00,6.02
5579,231,2023-10-30 08:00:00,9.0
5580,231,2023-10-30 16:00:00,5.11
5581,231,2023-10-31 00:00:00,9.23
5582,231,2023-10-31 08:00:00,6.95
5583,231,2023-10-31 16:00:00,2.88
5584,231,2023-11-01 00:00:00,3.77
5585,231,2023-11-01 08:00:00,5.94
5586,231,2023-11-01 16:00:00,5.04
5587,231,2023-11-02 00:00:00,3.05
5588,231,2023-11-02 08:00:00,4.53
5589,231,2023-11-02 16:00:00,2.41
5590,231,2023-11-03 00:00:00,8.46
5591,231,2023-11-03 08:00:00,1.74
5592,231,2023-11-03 16:00:00,0.76
5593,231,2023-11-04 00:00:00,1.56
5594,231,2023-11-04 08:00:00,7.68
5595,231,2023-11-04 16:00:00,1.28
5596,231,2023-11-05 00:00:00,4.72
5597,231,2023-11-05 08:00:00,2.89
5598,231,2023-11-05 16:00:00,8.63
5599,231,2023-11-06 00:00:00,5.98
5600,231,2023-11-06 08:00:00,1.79
5601,231,2023-11-06 16:00:00,9.14
5602,231,2023-11-07 00:00:00,0.94
5603,231,2023-11-07 08:00:00,1.03
5604,231,2023-11-07 16:00:00,4.48
5605,231,2023-11-08 00:00:00,1.99
5606,231,2023-11-08 08:00:00,0.79
5607,231,2023-11-08 16:00:00,3.16
5608,231,2023-11-09 00:00:00,7.95
5609,231,2023-11-09 08:00:00,3.08
5610,231,2023-11-09 16:00:00,2.58
5611,231,2023-11-10 00:00:00,7.38
5612,231,2023-11-10 08:00:00,6.95
5613,231,2023-11-10 16:00:00,8.34
5614,231,2023-11-11 00:00:00,5.75
5615,231,2023-11-11 08:00:00,9.02
5616,231,2023-11-11 16:00:00,6.58
5617,231,2023-11-12 00:00:00,6.71
5618,231,2023-11-12 08:00:00,9.03
5619,231,2023-11-12 16:00:00,4.49
5620,231,2023-11-13 00:00:00,7.17
5621,231,2023-11-13 08:00:00,8.65
5622,231,2023-11-13 16:00:00,6.75
5623,231,2023-11-14 00:00:00,6.99
5624,231,2023-11-14 08:00:00,3.97
5625,231,2023-11-14 16:00:00,7.17
5626,231,2023-11-15 00:00:00,0.84
5627,231,2023-11-15 08:00:00,3.65
5628,231,2023-11-15 16:00:00,0.68
5629,231,2023-11-16 00:00:00,1.34
5630,231,2023-11-16 08:00:00,5.34
5631,231,2023-11-16 16:00:00,0.9
5632,231,2023-11-17 00:00:00,6.12
5633,231,2023-11-17 08:00:00,8.7
5634,231,2023-11-17 16:00:00,3.86
5635,231,2023-11-18 00:00:00,9.83
5636,231,2023-11-18 08:00:00,5.22
5637,231,2023-11-18 16:00:00,1.59
5638,231,2023-11-19 00:00:00,2.23
5639,231,2023-11-19 08:00:00,2.25
5640,231,2023-11-19 16:00:00,9.02
5641,231,2023-11-20 00:00:00,2.65
5642,231,2023-11-20 08:00:00,2.81
5643,231,2023-11-20 16:00:00,2.08
5644,231,2023-11-21 00:00:00,9.15
5645,231,2023-11-21 08:00:00,8.3
5646,231,2023-11-21 16:00:00,5.98
5647,231,2023-11-22 00:00:00,9.31
5648,231,2023-11-22 08:00:00,1.89
5649,231,2023-11-22 16:00:00,0.52
5650,231,2023-11-23 00:00:00,5.35
5651,231,2023-11-23 08:00:00,8.58
5652,231,2023-11-23 16:00:00,4.74
5653,231,2023-11-24 00:00:00,8.02
5654,231,2023-11-24 08:00:00,3.62
5655,231,2023-11-24 16:00:00,8.66
5656,231,2023-11-25 00:00:00,7.82
5657,231,2023-11-25 08:00:00,2.9
5658,231,2023-11-25 16:00:00,4.21
5659,231,2023-11-26 00:00:00,6.5
5660,231,2023-11-26 08:00:00,7.17
5661,231,2023-11-26 16:00:00,8.06
5662,231,2023-11-27 00:00:00,1.16
5663,231,2023-11-27 08:00:00,6.35
5664,231,2023-11-27 16:00:00,9.71
5665,231,2023-11-28 00:00:00,2.91
5666,231,2023-11-28 08:00:00,2.2
5667,231,2023-11-28 16:00:00,2.14
5668,231,2023-11-29 00:00:00,9.31
5669,231,2023-11-29 08:00:00,1.58
5670,231,2023-11-29 16:00:00,8.19
5671,231,2023-11-30 00:00:00,6.25
5672,231,2023-11-30 08:00:00,2.54
5673,231,2023-11-30 16:00:00,6.71
5674,232,2023-10-01 00:00:00,3.24
5675,232,2023-10-01 08:00:00,6.01
5676,232,2023-10-01 16:00:00,6.82
5677,232,2023-10-02 00:00:00,2.88
5678,232,2023-10-02 08:00:00,7.89
5679,232,2023-10-02 16:00:00,3.32
5680,232,2023-10-03 00:00:00,6.42
5681,232,2023-10-03 08:00:00,4.14
5682,232,2023-10-03 16:00:00,2.95
5683,232,2023-10-04 00:00:00,8.87
5684,232,2023-10-04 08:00:00,1.82
5685,232,2023-10-04 16:00:00,4.79
5686,232,2023-10-05 00:00:00,7.1
5687,232,2023-10-05 08:00:00,2.51
5688,232,2023-10-05 16:00:00,7.2
5689,232,2023-10-06 00:00:00,4.96
5690,232,2023-10-06 08:00:00,3.41
5691,232,2023-10-06 16:00:00,8.08
5692,232,2023-10-07 00:00:00,8.76
5693,232,2023-10-07 08:00:00,5.57
5694,232,2023-10-07 16:00:00,1.04
5695,232,2023-10-08 00:00:00,5.32
5696,232,2023-10-08 08:00:00,3.61
5697,232,2023-10-08 16:00:00,7.89
5698,232,2023-10-09 00:00:00,5.04
5699,232,2023-10-09 08:00:00,4.64
5700,232,2023-10-09 16:00:00,2.68
5701,232,2023-10-10 00:00:00,3.31
5702,232,2023-10-10 08:00:00,7.75
5703,232,2023-10-10 16:00:00,2.52
5704,232,2023-10-11 00:00:00,9.56
5705,232,2023-10-11 08:00:00,6.69
5706,232,2023-10-11 16:00:00,6.0
5707,232,2023-10-12 00:00:00,0.55
5708,232,2023-10-12 08:00:00,5.49
5709,232,2023-10-12 16:00:00,1.6
5710,232,2023-10-13 00:00:00,6.75
5711,232,2023-10-13 08:00:00,8.9
5712,232,2023-10-13 16:00:00,4.08
5713,232,2023-10-14 00:00:00,4.71
5714,232,2023-10-14 08:00:00,6.21
5715,232,2023-10-14 16:00:00,5.47
5716,232,2023-10-15 00:00:00,7.09
5717,232,2023-10-15 08:00:00,4.26
5718,232,2023-10-15 16:00:00,1.67
5719,232,2023-10-16 00:00:00,3.0
5720,232,2023-10-16 08:00:00,4.46
5721,232,2023-10-16 16:00:00,1.45
5722,232,2023-10-17 00:00:00,6.74
5723,232,2023-10-17 08:00:00,5.63
5724,232,2023-10-17 16:00:00,1.49
5725,232,2023-10-18 00:00:00,4.13
5726,232,2023-10-18 08:00:00,5.4
5727,232,2023-10-18 16:00:00,7.91
5728,232,2023-10-19 00:00:00,5.43
5729,232,2023-10-19 08:00:00,5.07
5730,232,2023-10-19 16:00:00,3.83
5731,232,2023-10-20 00:00:00,1.16
5732,232,2023-10-20 08:00:00,2.17
5733,232,2023-10-20 16:00:00,3.76
5734,232,2023-10-21 00:00:00,4.93
5735,232,2023-10-21 08:00:00,4.3
5736,232,2023-10-21 16:00:00,6.74
5737,232,2023-10-22 00:00:00,1.43
5738,232,2023-10-22 08:00:00,4.36
5739,232,2023-10-22 16:00:00,4.51
5740,232,2023-10-23 00:00:00,3.9
5741,232,2023-10-23 08:00:00,7.0
5742,232,2023-10-23 16:00:00,5.94
5743,232,2023-10-24 00:00:00,5.56
5744,232,2023-10-24 08:00:00,0.93
5745,232,2023-10-24 16:00:00,2.2
5746,232,2023-10-25 00:00:00,8.08
5747,232,2023-10-25 08:00:00,3.02
5748,232,2023-10-25 16:00:00,2.96
5749,232,2023-10-26 00:00:00,6.08
5750,232,2023-10-26 08:00:00,1.85
5751,232,2023-10-26 16:00:00,9.91
5752,232,2023-10-27 00:00:00,5.66
5753,232,2023-10-27 08:00:00,7.93
5754,232,2023-10-27 16:00:00,0.62
5755,232,2023-10-28 00:00:00,2.78
5756,232,2023-10-28 08:00:00,4.33
5757,232,2023-10-28 16:00:00,1.59
5758,232,2023-10-29 00:00:00,6.09
5759,232,2023-10-29 08:00:00,6.84
5760,232,2023-10-29 16:00:00,9.23
5761,232,2023-10-30 00:00:00,3.49
5762,232,2023-10-30 08:00:00,7.92
5763,232,2023-10-30 16:00:00,4.02
5764,232,2023-10-31 00:00:00,5.72
5765,232,2023-10-31 08:00:00,2.18
5766,232,2023-10-31 16:00:00,7.08
5767,232,2023-11-01 00:00:00,3.83
5768,232,2023-11-01 08:00:00,8.48
5769,232,2023-11-01 16:00:00,4.06
5770,232,2023-11-02 00:00:00,8.97
5771,232,2023-11-02 08:00:00,4.88
5772,232,2023-11-02 16:00:00,3.89
5773,232,2023-11-03 00:00:00,8.13
5774,232,2023-11-03 08:00:00,6.54
5775,232,2023-11-03 16:00:00,1.25
5776,232,2023-11-04 00:00:00,5.83
5777,232,2023-11-04 08:00:00,1.13
5778,232,2023-11-04 16:00:00,9.98
5779,232,2023-11-05 00:00:00,6.66
5780,232,2023-11-05 08:00:00,8.2
5781,232,2023-11-05 16:00:00,5.29
5782,232,2023-11-06 00:00:00,7.24
5783,232,2023-11-06 08:00:00,4.79
5784,232,2023-11-06 16:00:00,3.3
5785,232,2023-11-07 00:00:00,0.52
5786,232,2023-11-07 08:00:00,6.93
5787,232,2023-11-07 16:00:00,0.91
5788,232,2023-11-08 00:00:00,7.33
5789,232,2023-11-08 08:00:00,9.56
5790,232,2023-11-08 16:00:00,7.34
5791,232,2023-11-09 00:00:00,2.96
5792,232,2023-11-09 08:00:00,7.76
5793,232,2023-11-09 16:00:00,7.01
5794,232,2023-11-10 00:00:00,7.97
5795,232,2023-11-10 08:00:00,7.68
5796,232,2023-11-10 16:00:00,2.07
5797,232,2023-11-11 00:00:00,3.82
5798,232,2023-11-11 08:00:00,1.1
5799,232,2023-11-11 16:00:00,8.48
5800,232,2023-11-12 00:00:00,6.57
5801,232,2023-11-12 08:00:00,5.21
5802,232,2023-11-12 16:00:00,2.6
5803,232,2023-11-13 00:00:00,1.97
5804,232,2023-11-13 08:00:00,9.42
5805,232,2023-11-13 16:00:00,1.04
5806,232,2023-11-14 00:00:00,2.61
5807,232,2023-11-14 08:00:00,3.31
5808,232,2023-11-14 16:00:00,8.12
5809,232,2023-11-15 00:00:00,5.92
5810,232,2023-11-15 08:00:00,5.99
5811,232,2023-11-15 16:00:00,9.55
5812,232,2023-11-16 00:00:00,1.34
5813,232,2023-11-16 08:00:00,4.57
5814,232,2023-11-16 16:00:00,7.76
5815,232,2023-11-17 00:00:00,7.03
5816,232,2023-11-17 08:00:00,1.11
5817,232,2023-11-17 16:00:00,9.15
5818,232,2023-11-18 00:00:00,9.16
5819,232,2023-11-18 08:00:00,3.4
5820,232,2023-11-18 16:00:00,0.8
5821,232,2023-11-19 00:00:00,3.06
5822,232,2023-11-19 08:00:00,5.33
5823,232,2023-11-19 16:00:00,5.46
5824,232,2023-11-20 00:00:00,2.42
5825,232,2023-11-20 08:00:00,2.56
5826,232,2023-11-20 16:00:00,7.44
5827,232,2023-11-21 00:00:00,5.93
5828,232,2023-11-21 08:00:00,9.58
5829,232,2023-11-21 16:00:00,2.64
5830,232,2023-11-22 00:00:00,5.51
5831,232,2023-11-22 08:00:00,4.57
5832,232,2023-11-22 16:00:00,5.56
5833,232,2023-11-23 00:00:00,6.1
5834,232,2023-11-23 08:00:00,6.1
5835,232,2023-11-23 16:00:00,4.41
5836,232,2023-11-24 00:00:00,4.16
5837,232,2023-11-24 08:00:00,8.49
5838,232,2023-11-24 16:00:00,2.19
5839,232,2023-11-25 00:00:00,9.29
5840,232,2023-11-25 08:00:00,8.77
5841,232,2023-11-25 16:00:00,4.29
5842,232,2023-11-26 00:00:00,4.7
5843,232,2023-11-26 08:00:00,2.65
5844,232,2023-11-26 16:00:00,0.69
5845,232,2023-11-27 00:00:00,4.64
5846,232,2023-11-27 08:00:00,7.81
5847,232,2023-11-27 16:00:00,5.17
5848,232,2023-11-28 00:00:00,2.1
5849,232,2023-11-28 08:00:00,4.52
5850,232,2023-11-28 16:00:00,3.18
5851,232,2023-11-29 00:00:00,9.74
5852,232,2023-11-29 08:00:00,2.21
5853,232,2023-11-29 16:00:00,4.28
5854,232,2023-11-30 00:00:00,5.2
5855,232,2023-11-30 08:00:00,8.09
5856,232,2023-11-30 16:00:00,8.28
5857,233,2023-10-01 00:00:00,8.98
5858,233,2023-10-01 08:00:00,3.17
5859,233,2023-10-01 16:00:00,3.87
5860,233,2023-10-02 00:00:00,7.24
5861,233,2023-10-02 08:00:00,2.0
5862,233,2023-10-02 16:00:00,5.88
5863,233,2023-10-03 00:00:00,2.89
5864,233,2023-10-03 08:00:00,4.08
5865,233,2023-10-03 16:00:00,3.54
5866,233,2023-10-04 00:00:00,5.94
5867,233,2023-10-04 08:00:00,4.18
5868,233,2023-10-04 16:00:00,1.32
5869,233,2023-10-05 00:00:00,9.19
5870,233,2023-10-05 08:00:00,3.02
5871,233,2023-10-05 16:00:00,4.22
5872,233,2023-10-06 00:00:00,2.63
5873,233,2023-10-06 08:00:00,2.69
5874,233,2023-10-06 16:00:00,9.34
5875,233,2023-10-07 00:00:00,7.59
5876,233,2023-10-07 08:00:00,7.31
5877,233,2023-10-07 16:00:00,6.64
5878,233,2023-10-08 00:00:00,2.1
5879,233,2023-10-08 08:00:00,0.58
5880,233,2023-10-08 16:00:00,2.18
5881,233,2023-10-09 00:00:00,5.78
5882,233,2023-10-09 08:00:00,2.14
5883,233,2023-10-09 16:00:00,8.43
5884,233,2023-10-10 00:00:00,4.58
5885,233,2023-10-10 08:00:00,2.13
5886,233,2023-10-10 16:00:00,8.92
5887,233,2023-10-11 00:00:00,6.94
5888,233,2023-10-11 08:00:00,1.4
5889,233,2023-10-11 16:00:00,3.51
5890,233,2023-10-12 00:00:00,0.56
5891,233,2023-10-12 08:00:00,6.23
5892,233,2023-10-12 16:00:00,9.21
5893,233,2023-10-13 00:00:00,7.52
5894,233,2023-10-13 08:00:00,5.3
5895,233,2023-10-13 16:00:00,9.63
5896,233,2023-10-14 00:00:00,7.81
5897,233,2023-10-14 08:00:00,5.5
5898,233,2023-10-14 16:00:00,9.99
5899,233,2023-10-15 00:00:00,3.84
5900,233,2023-10-15 08:00:00,2.06
5901,233,2023-10-15 16:00:00,0.87
5902,233,2023-10-16 00:00:00,5.64
5903,233,2023-10-16 08:00:00,3.69
5904,233,2023-10-16 16:00:00,0.88
5905,233,2023-10-17 00:00:00,2.32
5906,233,2023-10-17 08:00:00,1.47
5907,233,2023-10-17 16:00:00,3.03
5908,233,2023-10-18 00:00:00,7.69
5909,233,2023-10-18 08:00:00,1.64
5910,233,2023-10-18 16:00:00,0.78
5911,233,2023-10-19 00:00:00,1.71
5912,233,2023-10-19 08:00:00,4.59
5913,233,2023-10-19 16:00:00,8.86
5914,233,2023-10-20 00:00:00,2.76
5915,233,2023-10-20 08:00:00,7.06
5916,233,2023-10-20 16:00:00,9.58
5917,233,2023-10-21 00:00:00,9.21
5918,233,2023-10-21 08:00:00,2.52
5919,233,2023-10-21 16:00:00,4.2
5920,233,2023-10-22 00:00:00,3.55
5921,233,2023-10-22 08:00:00,8.69
5922,233,2023-10-22 16:00:00,2.69
5923,233,2023-10-23 00:00:00,7.1
5924,233,2023-10-23 08:00:00,8.09
5925,233,2023-10-23 16:00:00,9.68
5926,233,2023-10-24 00:00:00,3.07
5927,233,2023-10-24 08:00:00,2.02
5928,233,2023-10-24 16:00:00,8.5
5929,233,2023-10-25 00:00:00,5.24
5930,233,2023-10-25 08:00:00,0.64
5931,233,2023-10-25 16:00:00,6.32
5932,233,2023-10-26 00:00:00,6.96
5933,233,2023-10-26 08:00:00,5.09
5934,233,2023-10-26 16:00:00,4.04
5935,233,2023-10-27 00:00:00,9.5
5936,233,2023-10-27 08:00:00,8.05
5937,233,2023-10-27 16:00:00,6.78
5938,233,2023-10-28 00:00:00,6.96
5939,233,2023-10-28 08:00:00,7.2
5940,233,2023-10-28 16:00:00,9.61
5941,233,2023-10-29 00:00:00,3.19
5942,233,2023-10-29 08:00:00,3.56
5943,233,2023-10-29 16:00:00,6.17
5944,233,2023-10-30 00:00:00,9.35
5945,233,2023-10-30 08:00:00,4.09
5946,233,2023-10-30 16:00:00,5.68
5947,233,2023-10-31 00:00:00,5.55
5948,233,2023-10-31 08:00:00,6.66
5949,233,2023-10-31 16:00:00,0.53
5950,233,2023-11-01 00:00:00,2.54
5951,233,2023-11-01 08:00:00,0.58
5952,233,2023-11-01 16:00:00,4.92
5953,233,2023-11-02 00:00:00,6.44
5954,233,2023-11-02 08:00:00,8.81
5955,233,2023-11-02 16:00:00,2.32
5956,233,2023-11-03 00:00:00,3.68
5957,233,2023-11-03 08:00:00,1.47
5958,233,2023-11-03 16:00:00,4.63
5959,233,2023-11-04 00:00:00,4.8
5960,233,2023-11-04 08:00:00,9.26
5961,233,2023-11-04 16:00:00,8.82
5962,233,2023-11-05 00:00:00,7.68
5963,233,2023-11-05 08:00:00,9.37
5964,233,2023-11-05 16:00:00,3.07
5965,233,2023-11-06 00:00:00,3.89
5966,233,2023-11-06 08:00:00,3.9
5967,233,2023-11-06 16:00:00,3.49
5968,233,2023-11-07 00:00:00,7.55
5969,233,2023-11-07 08:00:00,2.76
5970,233,2023-11-07 16:00:00,0.87
5971,233,2023-11-08 00:00:00,7.7
5972,233,2023-11-08 08:00:00,6.38
5973,233,2023-11-08 16:00:00,6.82
5974,233,2023-11-09 00:00:00,9.67
5975,233,2023-11-09 08:00:00,5.47
5976,233,2023-11-09 16:00:00,2.89
5977,233,2023-11-10 00:00:00,9.58
5978,233,2023-11-10 08:00:00,4.74
5979,233,2023-11-10 16:00:00,1.76
5980,233,2023-11-11 00:00:00,4.26
5981,233,2023-11-11 08:00:00,8.67
5982,233,2023-11-11 16:00:00,8.76
5983,233,2023-11-12 00:00:00,7.88
5984,233,2023-11-12 08:00:00,4.13
5985,233,2023-11-12 16:00:00,7.65
5986,233,2023-11-13 00:00:00,6.31
5987,233,2023-11-13 08:00:00,4.88
5988,233,2023-11-13 16:00:00,1.08
5989,233,2023-11-14 00:00:00,9.04
5990,233,2023-11-14 08:00:00,6.76
5991,233,2023-11-14 16:00:00,3.8
5992,233,2023-11-15 00:00:00,3.84
5993,233,2023-11-15 08:00:00,2.03
5994,233,2023-11-15 16:00:00,6.03
5995,233,2023-11-16 00:00:00,2.56
5996,233,2023-11-16 08:00:00,8.22
5997,233,2023-11-16 16:00:00,1.07
5998,233,2023-11-17 00:00:00,8.9
5999,233,2023-11-17 08:00:00,2.63
6000,233,2023-11-17 16:00:00,8.04
6001,233,2023-11-18 00:00:00,6.58
6002,233,2023-11-18 08:00:00,5.96
6003,233,2023-11-18 16:00:00,6.12
6004,233,2023-11-19 00:00:00,8.62
6005,233,2023-11-19 08:00:00,1.01
6006,233,2023-11-19 16:00:00,1.55
6007,233,2023-11-20 00:00:00,2.68
6008,233,2023-11-20 08:00:00,9.94
6009,233,2023-11-20 16:00:00,6.25
6010,233,2023-11-21 00:00:00,8.3
6011,233,2023-11-21 08:00:00,5.8
6012,233,2023-11-21 16:00:00,1.62
6013,233,2023-11-22 00:00:00,5.77
6014,233,2023-11-22 08:00:00,7.57
6015,233,2023-11-22 16:00:00,0.6
6016,233,2023-11-23 00:00:00,0.55
6017,233,2023-11-23 08:00:00,7.85
6018,233,2023-11-23 16:00:00,8.29
6019,233,2023-11-24 00:00:00,2.22
6020,233,2023-11-24 08:00:00,4.33
6021,233,2023-11-24 16:00:00,5.77
6022,233,2023-11-25 00:00:00,3.82
6023,233,2023-11-25 08:00:00,9.47
6024,233,2023-11-25 16:00:00,1.74
6025,233,2023-11-26 00:00:00,9.14
6026,233,2023-11-26 08:00:00,7.88
6027,233,2023-11-26 16:00:00,9.47
6028,233,2023-11-27 00:00:00,7.85
6029,233,2023-11-27 08:00:00,6.08
6030,233,2023-11-27 16:00:00,2.09
6031,233,2023-11-28 00:00:00,2.95
6032,233,2023-11-28 08:00:00,6.9
6033,233,2023-11-28 16:00:00,6.31
6034,233,2023-11-29 00:00:00,1.57
6035,233,2023-11-29 08:00:00,5.82
6036,233,2023-11-29 16:00:00,9.67
6037,233,2023-11-30 00:00:00,7.46
6038,233,2023-11-30 08:00:00,10.0
6039,233,2023-11-30 16:00:00,2.15
6040,234,2023-10-01 00:00:00,5.67
6041,234,2023-10-01 08:00:00,1.2
6042,234,2023-10-01 16:00:00,1.57
6043,234,2023-10-02 00:00:00,3.6
6044,234,2023-10-02 08:00:00,5.61
6045,234,2023-10-02 16:00:00,9.44
6046,234,2023-10-03 00:00:00,7.91
6047,234,2023-10-03 08:00:00,4.08
6048,234,2023-10-03 16:00:00,6.87
6049,234,2023-10-04 00:00:00,2.5
6050,234,2023-10-04 08:00:00,9.81
6051,234,2023-10-04 16:00:00,6.63
6052,234,2023-10-05 00:00:00,6.06
6053,234,2023-10-05 08:00:00,3.7
6054,234,2023-10-05 16:00:00,6.55
6055,234,2023-10-06 00:00:00,3.78
6056,234,2023-10-06 08:00:00,3.56
6057,234,2023-10-06 16:00:00,8.11
6058,234,2023-10-07 00:00:00,9.75
6059,234,2023-10-07 08:00:00,2.12
6060,234,2023-10-07 16:00:00,4.47
6061,234,2023-10-08 00:00:00,8.55
6062,234,2023-10-08 08:00:00,3.33
6063,234,2023-10-08 16:00:00,4.58
6064,234,2023-10-09 00:00:00,4.95
6065,234,2023-10-09 08:00:00,7.29
6066,234,2023-10-09 16:00:00,8.22
6067,234,2023-10-10 00:00:00,3.54
6068,234,2023-10-10 08:00:00,6.99
6069,234,2023-10-10 16:00:00,6.08
6070,234,2023-10-11 00:00:00,8.7
6071,234,2023-10-11 08:00:00,9.73
6072,234,2023-10-11 16:00:00,4.92
6073,234,2023-10-12 00:00:00,8.08
6074,234,2023-10-12 08:00:00,0.51
6075,234,2023-10-12 16:00:00,9.86
6076,234,2023-10-13 00:00:00,7.79
6077,234,2023-10-13 08:00:00,3.11
6078,234,2023-10-13 16:00:00,0.72
6079,234,2023-10-14 00:00:00,5.28
6080,234,2023-10-14 08:00:00,4.49
6081,234,2023-10-14 16:00:00,1.9
6082,234,2023-10-15 00:00:00,4.27
6083,234,2023-10-15 08:00:00,7.58
6084,234,2023-10-15 16:00:00,8.17
6085,234,2023-10-16 00:00:00,6.38
6086,234,2023-10-16 08:00:00,6.85
6087,234,2023-10-16 16:00:00,8.19
6088,234,2023-10-17 00:00:00,7.73
6089,234,2023-10-17 08:00:00,8.04
6090,234,2023-10-17 16:00:00,7.71
6091,234,2023-10-18 00:00:00,7.01
6092,234,2023-10-18 08:00:00,9.6
6093,234,2023-10-18 16:00:00,7.85
6094,234,2023-10-19 00:00:00,3.48
6095,234,2023-10-19 08:00:00,5.97
6096,234,2023-10-19 16:00:00,2.45
6097,234,2023-10-20 00:00:00,3.94
6098,234,2023-10-20 08:00:00,0.57
6099,234,2023-10-20 16:00:00,3.74
6100,234,2023-10-21 00:00:00,3.94
6101,234,2023-10-21 08:00:00,3.28
6102,234,2023-10-21 16:00:00,7.14
6103,234,2023-10-22 00:00:00,3.37
6104,234,2023-10-22 08:00:00,3.66
6105,234,2023-10-22 16:00:00,7.26
6106,234,2023-10-23 00:00:00,0.62
6107,234,2023-10-23 08:00:00,8.44
6108,234,2023-10-23 16:00:00,0.71
6109,234,2023-10-24 00:00:00,9.78
6110,234,2023-10-24 08:00:00,0.75
6111,234,2023-10-24 16:00:00,8.77
6112,234,2023-10-25 00:00:00,0.62
6113,234,2023-10-25 08:00:00,6.76
6114,234,2023-10-25 16:00:00,7.87
6115,234,2023-10-26 00:00:00,2.35
6116,234,2023-10-26 08:00:00,3.37
6117,234,2023-10-26 16:00:00,4.13
6118,234,2023-10-27 00:00:00,2.98
6119,234,2023-10-27 08:00:00,8.9
6120,234,2023-10-27 16:00:00,4.52
6121,234,2023-10-28 00:00:00,4.74
6122,234,2023-10-28 08:00:00,4.8
6123,234,2023-10-28 16:00:00,6.47
6124,234,2023-10-29 00:00:00,7.64
6125,234,2023-10-29 08:00:00,3.77
6126,234,2023-10-29 16:00:00,9.99
6127,234,2023-10-30 00:00:00,6.77
6128,234,2023-10-30 08:00:00,7.83
6129,234,2023-10-30 16:00:00,0.52
6130,234,2023-10-31 00:00:00,9.32
6131,234,2023-10-31 08:00:00,4.9
6132,234,2023-10-31 16:00:00,8.23
6133,234,2023-11-01 00:00:00,9.24
6134,234,2023-11-01 08:00:00,8.9
6135,234,2023-11-01 16:00:00,1.95
6136,234,2023-11-02 00:00:00,6.62
6137,234,2023-11-02 08:00:00,1.97
6138,234,2023-11-02 16:00:00,9.61
6139,234,2023-11-03 00:00:00,2.72
6140,234,2023-11-03 08:00:00,7.16
6141,234,2023-11-03 16:00:00,7.23
6142,234,2023-11-04 00:00:00,3.83
6143,234,2023-11-04 08:00:00,8.45
6144,234,2023-11-04 16:00:00,5.26
6145,234,2023-11-05 00:00:00,4.22
6146,234,2023-11-05 08:00:00,9.49
6147,234,2023-11-05 16:00:00,6.52
6148,234,2023-11-06 00:00:00,1.17
6149,234,2023-11-06 08:00:00,4.75
6150,234,2023-11-06 16:00:00,7.68
6151,234,2023-11-07 00:00:00,5.65
6152,234,2023-11-07 08:00:00,1.14
6153,234,2023-11-07 16:00:00,1.12
6154,234,2023-11-08 00:00:00,2.1
6155,234,2023-11-08 08:00:00,0.71
6156,234,2023-11-08 16:00:00,4.03
6157,234,2023-11-09 00:00:00,4.13
6158,234,2023-11-09 08:00:00,4.14
6159,234,2023-11-09 16:00:00,3.56
6160,234,2023-11-10 00:00:00,4.88
6161,234,2023-11-10 08:00:00,6.18
6162,234,2023-11-10 16:00:00,9.64
6163,234,2023-11-11 00:00:00,2.6
6164,234,2023-11-11 08:00:00,2.43
6165,234,2023-11-11 16:00:00,8.85
6166,234,2023-11-12 00:00:00,7.84
6167,234,2023-11-12 08:00:00,9.8
6168,234,2023-11-12 16:00:00,5.47
6169,234,2023-11-13 00:00:00,9.36
6170,234,2023-11-13 08:00:00,2.01
6171,234,2023-11-13 16:00:00,1.79
6172,234,2023-11-14 00:00:00,0.72
6173,234,2023-11-14 08:00:00,5.75
6174,234,2023-11-14 16:00:00,4.34
6175,234,2023-11-15 00:00:00,4.27
6176,234,2023-11-15 08:00:00,8.15
6177,234,2023-11-15 16:00:00,1.95
6178,234,2023-11-16 00:00:00,9.53
6179,234,2023-11-16 08:00:00,9.25
6180,234,2023-11-16 16:00:00,6.62
6181,234,2023-11-17 00:00:00,4.32
6182,234,2023-11-17 08:00:00,6.28
6183,234,2023-11-17 16:00:00,8.86
6184,234,2023-11-18 00:00:00,6.19
6185,234,2023-11-18 08:00:00,3.93
6186,234,2023-11-18 16:00:00,1.31
6187,234,2023-11-19 00:00:00,8.72
6188,234,2023-11-19 08:00:00,6.79
6189,234,2023-11-19 16:00:00,4.55
6190,234,2023-11-20 00:00:00,4.82
6191,234,2023-11-20 08:00:00,8.97
6192,234,2023-11-20 16:00:00,9.51
6193,234,2023-11-21 00:00:00,3.44
6194,234,2023-11-21 08:00:00,7.41
6195,234,2023-11-21 16:00:00,9.11
6196,234,2023-11-22 00:00:00,5.74
6197,234,2023-11-22 08:00:00,5.39
6198,234,2023-11-22 16:00:00,8.06
6199,234,2023-11-23 00:00:00,4.92
6200,234,2023-11-23 08:00:00,1.99
6201,234,2023-11-23 16:00:00,8.47
6202,234,2023-11-24 00:00:00,9.82
6203,234,2023-11-24 08:00:00,8.11
6204,234,2023-11-24 16:00:00,5.75
6205,234,2023-11-25 00:00:00,1.86
6206,234,2023-11-25 08:00:00,1.55
6207,234,2023-11-25 16:00:00,4.6
6208,234,2023-11-26 00:00:00,3.15
6209,234,2023-11-26 08:00:00,5.11
6210,234,2023-11-26 16:00:00,1.73
6211,234,2023-11-27 00:00:00,2.44
6212,234,2023-11-27 08:00:00,4.93
6213,234,2023-11-27 16:00:00,4.07
6214,234,2023-11-28 00:00:00,3.53
6215,234,2023-11-28 08:00:00,0.71
6216,234,2023-11-28 16:00:00,3.06
6217,234,2023-11-29 00:00:00,6.7
6218,234,2023-11-29 08:00:00,9.65
6219,234,2023-11-29 16:00:00,1.72
6220,234,2023-11-30 00:00:00,4.13
6221,234,2023-11-30 08:00:00,2.05
6222,234,2023-11-30 16:00:00,0.52
6223,235,2023-10-01 00:00:00,0.9
6224,235,2023-10-01 08:00:00,1.62
6225,235,2023-10-01 16:00:00,2.39
6226,235,2023-10-02 00:00:00,0.78
6227,235,2023-10-02 08:00:00,4.06
6228,235,2023-10-02 16:00:00,7.41
6229,235,2023-10-03 00:00:00,8.75
6230,235,2023-10-03 08:00:00,1.75
6231,235,2023-10-03 16:00:00,9.15
6232,235,2023-10-04 00:00:00,8.16
6233,235,2023-10-04 08:00:00,9.27
6234,235,2023-10-04 16:00:00,6.71
6235,235,2023-10-05 00:00:00,0.88
6236,235,2023-10-05 08:00:00,7.3
6237,235,2023-10-05 16:00:00,5.22
6238,235,2023-10-06 00:00:00,6.62
6239,235,2023-10-06 08:00:00,8.81
6240,235,2023-10-06 16:00:00,7.15
6241,235,2023-10-07 00:00:00,6.49
6242,235,2023-10-07 08:00:00,5.95
6243,235,2023-10-07 16:00:00,7.48
6244,235,2023-10-08 00:00:00,2.31
6245,235,2023-10-08 08:00:00,3.54
6246,235,2023-10-08 16:00:00,2.27
6247,235,2023-10-09 00:00:00,5.27
6248,235,2023-10-09 08:00:00,6.9
6249,235,2023-10-09 16:00:00,1.65
6250,235,2023-10-10 00:00:00,0.54
6251,235,2023-10-10 08:00:00,1.86
6252,235,2023-10-10 16:00:00,6.7
6253,235,2023-10-11 00:00:00,3.26
6254,235,2023-10-11 08:00:00,7.15
6255,235,2023-10-11 16:00:00,1.44
6256,235,2023-10-12 00:00:00,1.34
6257,235,2023-10-12 08:00:00,3.06
6258,235,2023-10-12 16:00:00,2.94
6259,235,2023-10-13 00:00:00,5.75
6260,235,2023-10-13 08:00:00,1.43
6261,235,2023-10-13 16:00:00,4.46
6262,235,2023-10-14 00:00:00,9.56
6263,235,2023-10-14 08:00:00,2.02
6264,235,2023-10-14 16:00:00,4.3
6265,235,2023-10-15 00:00:00,6.61
6266,235,2023-10-15 08:00:00,4.51
6267,235,2023-10-15 16:00:00,0.64
6268,235,2023-10-16 00:00:00,4.47
6269,235,2023-10-16 08:00:00,5.59
6270,235,2023-10-16 16:00:00,9.7
6271,235,2023-10-17 00:00:00,5.49
6272,235,2023-10-17 08:00:00,9.7
6273,235,2023-10-17 16:00:00,7.8
6274,235,2023-10-18 00:00:00,1.05
6275,235,2023-10-18 08:00:00,2.59
6276,235,2023-10-18 16:00:00,4.64
6277,235,2023-10-19 00:00:00,8.43
6278,235,2023-10-19 08:00:00,5.55
6279,235,2023-10-19 16:00:00,5.47
6280,235,2023-10-20 00:00:00,1.13
6281,235,2023-10-20 08:00:00,6.35
6282,235,2023-10-20 16:00:00,6.16
6283,235,2023-10-21 00:00:00,1.27
6284,235,2023-10-21 08:00:00,5.73
6285,235,2023-10-21 16:00:00,7.85
6286,235,2023-10-22 00:00:00,6.81
6287,235,2023-10-22 08:00:00,6.16
6288,235,2023-10-22 16:00:00,9.5
6289,235,2023-10-23 00:00:00,1.41
6290,235,2023-10-23 08:00:00,0.67
6291,235,2023-10-23 16:00:00,5.89
6292,235,2023-10-24 00:00:00,7.25
6293,235,2023-10-24 08:00:00,5.16
6294,235,2023-10-24 16:00:00,8.88
6295,235,2023-10-25 00:00:00,2.79
6296,235,2023-10-25 08:00:00,2.21
6297,235,2023-10-25 16:00:00,6.02
6298,235,2023-10-26 00:00:00,5.91
6299,235,2023-10-26 08:00:00,3.48
6300,235,2023-10-26 16:00:00,4.01
6301,235,2023-10-27 00:00:00,5.47
6302,235,2023-10-27 08:00:00,7.13
6303,235,2023-10-27 16:00:00,4.83
6304,235,2023-10-28 00:00:00,4.44
6305,235,2023-10-28 08:00:00,2.51
6306,235,2023-10-28 16:00:00,5.33
6307,235,2023-10-29 00:00:00,7.43
6308,235,2023-10-29 08:00:00,6.83
6309,235,2023-10-29 16:00:00,5.06
6310,235,2023-10-30 00:00:00,9.53
6311,235,2023-10-30 08:00:00,2.86
6312,235,2023-10-30 16:00:00,9.53
6313,235,2023-10-31 00:00:00,7.37
6314,235,2023-10-31 08:00:00,7.29
6315,235,2023-10-31 16:00:00,3.47
6316,235,2023-11-01 00:00:00,3.31
6317,235,2023-11-01 08:00:00,9.17
6318,235,2023-11-01 16:00:00,5.23
6319,235,2023-11-02 00:00:00,4.49
6320,235,2023-11-02 08:00:00,6.71
6321,235,2023-11-02 16:00:00,9.86
6322,235,2023-11-03 00:00:00,1.02
6323,235,2023-11-03 08:00:00,3.62
6324,235,2023-11-03 16:00:00,9.82
6325,235,2023-11-04 00:00:00,3.39
6326,235,2023-11-04 08:00:00,9.3
6327,235,2023-11-04 16:00:00,1.26
6328,235,2023-11-05 00:00:00,8.47
6329,235,2023-11-05 08:00:00,1.36
6330,235,2023-11-05 16:00:00,4.83
6331,235,2023-11-06 00:00:00,8.22
6332,235,2023-11-06 08:00:00,7.68
6333,235,2023-11-06 16:00:00,4.46
6334,235,2023-11-07 00:00:00,1.59
6335,235,2023-11-07 08:00:00,1.89
6336,235,2023-11-07 16:00:00,6.23
6337,235,2023-11-08 00:00:00,7.88
6338,235,2023-11-08 08:00:00,8.71
6339,235,2023-11-08 16:00:00,3.77
6340,235,2023-11-09 00:00:00,0.79
6341,235,2023-11-09 08:00:00,9.45
6342,235,2023-11-09 16:00:00,6.27
6343,235,2023-11-10 00:00:00,0.6
6344,235,2023-11-10 08:00:00,3.95
6345,235,2023-11-10 16:00:00,3.29
6346,235,2023-11-11 00:00:00,4.66
6347,235,2023-11-11 08:00:00,6.7
6348,235,2023-11-11 16:00:00,8.13
6349,235,2023-11-12 00:00:00,3.01
6350,235,2023-11-12 08:00:00,8.88
6351,235,2023-11-12 16:00:00,5.04
6352,235,2023-11-13 00:00:00,5.12
6353,235,2023-11-13 08:00:00,8.27
6354,235,2023-11-13 16:00:00,2.78
6355,235,2023-11-14 00:00:00,6.79
6356,235,2023-11-14 08:00:00,5.96
6357,235,2023-11-14 16:00:00,8.1
6358,235,2023-11-15 00:00:00,6.07
6359,235,2023-11-15 08:00:00,8.88
6360,235,2023-11-15 16:00:00,8.91
6361,235,2023-11-16 00:00:00,8.29
6362,235,2023-11-16 08:00:00,2.67
6363,235,2023-11-16 16:00:00,8.15
6364,235,2023-11-17 00:00:00,8.65
6365,235,2023-11-17 08:00:00,1.93
6366,235,2023-11-17 16:00:00,1.48
6367,235,2023-11-18 00:00:00,7.38
6368,235,2023-11-18 08:00:00,2.34
6369,235,2023-11-18 16:00:00,5.79
6370,235,2023-11-19 00:00:00,7.82
6371,235,2023-11-19 08:00:00,6.23
6372,235,2023-11-19 16:00:00,5.93
6373,235,2023-11-20 00:00:00,9.03
6374,235,2023-11-20 08:00:00,4.74
6375,235,2023-11-20 16:00:00,5.28
6376,235,2023-11-21 00:00:00,4.19
6377,235,2023-11-21 08:00:00,9.27
6378,235,2023-11-21 16:00:00,4.8
6379,235,2023-11-22 00:00:00,7.52
6380,235,2023-11-22 08:00:00,6.48
6381,235,2023-11-22 16:00:00,7.12
6382,235,2023-11-23 00:00:00,7.9
6383,235,2023-11-23 08:00:00,9.16
6384,235,2023-11-23 16:00:00,1.68
6385,235,2023-11-24 00:00:00,7.65
6386,235,2023-11-24 08:00:00,8.87
6387,235,2023-11-24 16:00:00,8.21
6388,235,2023-11-25 00:00:00,4.98
6389,235,2023-11-25 08:00:00,8.12
6390,235,2023-11-25 16:00:00,1.49
6391,235,2023-11-26 00:00:00,2.02
6392,235,2023-11-26 08:00:00,7.31
6393,235,2023-11-26 16:00:00,4.52
6394,235,2023-11-27 00:00:00,9.51
6395,235,2023-11-27 08:00:00,3.63
6396,235,2023-11-27 16:00:00,6.26
6397,235,2023-11-28 00:00:00,7.54
6398,235,2023-11-28 08:00:00,2.85
6399,235,2023-11-28 16:00:00,2.09
6400,235,2023-11-29 00:00:00,1.11
6401,235,2023-11-29 08:00:00,3.93
6402,235,2023-11-29 16:00:00,2.97
6403,235,2023-11-30 00:00:00,1.59
6404,235,2023-11-30 08:00:00,7.79
6405,235,2023-11-30 16:00:00,5.78
6406,236,2023-10-01 00:00:00,5.38
6407,236,2023-10-01 08:00:00,5.91
6408,236,2023-10-01 16:00:00,2.36
6409,236,2023-10-02 00:00:00,8.89
6410,236,2023-10-02 08:00:00,5.71
6411,236,2023-10-02 16:00:00,5.88
6412,236,2023-10-03 00:00:00,7.44
6413,236,2023-10-03 08:00:00,5.62
6414,236,2023-10-03 16:00:00,3.56
6415,236,2023-10-04 00:00:00,7.5
6416,236,2023-10-04 08:00:00,9.41
6417,236,2023-10-04 16:00:00,0.7
6418,236,2023-10-05 00:00:00,7.14
6419,236,2023-10-05 08:00:00,7.51
6420,236,2023-10-05 16:00:00,9.83
6421,236,2023-10-06 00:00:00,7.4
6422,236,2023-10-06 08:00:00,4.53
6423,236,2023-10-06 16:00:00,5.56
6424,236,2023-10-07 00:00:00,3.97
6425,236,2023-10-07 08:00:00,6.26
6426,236,2023-10-07 16:00:00,9.64
6427,236,2023-10-08 00:00:00,2.97
6428,236,2023-10-08 08:00:00,7.79
6429,236,2023-10-08 16:00:00,8.87
6430,236,2023-10-09 00:00:00,8.7
6431,236,2023-10-09 08:00:00,3.6
6432,236,2023-10-09 16:00:00,9.84
6433,236,2023-10-10 00:00:00,4.11
6434,236,2023-10-10 08:00:00,6.54
6435,236,2023-10-10 16:00:00,7.43
6436,236,2023-10-11 00:00:00,7.45
6437,236,2023-10-11 08:00:00,1.78
6438,236,2023-10-11 16:00:00,7.57
6439,236,2023-10-12 00:00:00,1.28
6440,236,2023-10-12 08:00:00,6.98
6441,236,2023-10-12 16:00:00,6.62
6442,236,2023-10-13 00:00:00,7.74
6443,236,2023-10-13 08:00:00,7.28
6444,236,2023-10-13 16:00:00,6.38
6445,236,2023-10-14 00:00:00,6.99
6446,236,2023-10-14 08:00:00,3.64
6447,236,2023-10-14 16:00:00,7.24
6448,236,2023-10-15 00:00:00,0.98
6449,236,2023-10-15 08:00:00,6.35
6450,236,2023-10-15 16:00:00,8.74
6451,236,2023-10-16 00:00:00,4.62
6452,236,2023-10-16 08:00:00,1.51
6453,236,2023-10-16 16:00:00,1.44
6454,236,2023-10-17 00:00:00,5.47
6455,236,2023-10-17 08:00:00,5.96
6456,236,2023-10-17 16:00:00,6.31
6457,236,2023-10-18 00:00:00,0.84
6458,236,2023-10-18 08:00:00,4.88
6459,236,2023-10-18 16:00:00,6.37
6460,236,2023-10-19 00:00:00,0.54
6461,236,2023-10-19 08:00:00,1.45
6462,236,2023-10-19 16:00:00,0.81
6463,236,2023-10-20 00:00:00,5.33
6464,236,2023-10-20 08:00:00,1.26
6465,236,2023-10-20 16:00:00,4.81
6466,236,2023-10-21 00:00:00,8.9
6467,236,2023-10-21 08:00:00,2.82
6468,236,2023-10-21 16:00:00,5.42
6469,236,2023-10-22 00:00:00,8.96
6470,236,2023-10-22 08:00:00,7.87
6471,236,2023-10-22 16:00:00,7.77
6472,236,2023-10-23 00:00:00,9.82
6473,236,2023-10-23 08:00:00,3.23
6474,236,2023-10-23 16:00:00,1.52
6475,236,2023-10-24 00:00:00,1.03
6476,236,2023-10-24 08:00:00,8.71
6477,236,2023-10-24 16:00:00,3.59
6478,236,2023-10-25 00:00:00,7.54
6479,236,2023-10-25 08:00:00,2.38
6480,236,2023-10-25 16:00:00,3.8
6481,236,2023-10-26 00:00:00,7.18
6482,236,2023-10-26 08:00:00,5.87
6483,236,2023-10-26 16:00:00,2.04
6484,236,2023-10-27 00:00:00,6.89
6485,236,2023-10-27 08:00:00,3.34
6486,236,2023-10-27 16:00:00,3.47
6487,236,2023-10-28 00:00:00,9.03
6488,236,2023-10-28 08:00:00,9.36
6489,236,2023-10-28 16:00:00,2.06
6490,236,2023-10-29 00:00:00,3.94
6491,236,2023-10-29 08:00:00,2.92
6492,236,2023-10-29 16:00:00,8.09
6493,236,2023-10-30 00:00:00,2.0
6494,236,2023-10-30 08:00:00,7.54
6495,236,2023-10-30 16:00:00,6.08
6496,236,2023-10-31 00:00:00,1.47
6497,236,2023-10-31 08:00:00,4.46
6498,236,2023-10-31 16:00:00,9.81
6499,236,2023-11-01 00:00:00,8.55
6500,236,2023-11-01 08:00:00,1.75
6501,236,2023-11-01 16:00:00,6.86
6502,236,2023-11-02 00:00:00,0.87
6503,236,2023-11-02 08:00:00,3.33
6504,236,2023-11-02 16:00:00,6.32
6505,236,2023-11-03 00:00:00,2.32
6506,236,2023-11-03 08:00:00,8.15
6507,236,2023-11-03 16:00:00,3.65
6508,236,2023-11-04 00:00:00,9.01
6509,236,2023-11-04 08:00:00,9.03
6510,236,2023-11-04 16:00:00,8.24
6511,236,2023-11-05 00:00:00,1.18
6512,236,2023-11-05 08:00:00,7.92
6513,236,2023-11-05 16:00:00,4.19
6514,236,2023-11-06 00:00:00,6.01
6515,236,2023-11-06 08:00:00,8.16
6516,236,2023-11-06 16:00:00,5.42
6517,236,2023-11-07 00:00:00,8.82
6518,236,2023-11-07 08:00:00,1.34
6519,236,2023-11-07 16:00:00,6.01
6520,236,2023-11-08 00:00:00,4.78
6521,236,2023-11-08 08:00:00,5.28
6522,236,2023-11-08 16:00:00,8.17
6523,236,2023-11-09 00:00:00,4.53
6524,236,2023-11-09 08:00:00,3.15
6525,236,2023-11-09 16:00:00,3.2
6526,236,2023-11-10 00:00:00,6.13
6527,236,2023-11-10 08:00:00,8.71
6528,236,2023-11-10 16:00:00,2.5
6529,236,2023-11-11 00:00:00,0.76
6530,236,2023-11-11 08:00:00,9.2
6531,236,2023-11-11 16:00:00,2.64
6532,236,2023-11-12 00:00:00,4.05
6533,236,2023-11-12 08:00:00,2.88
6534,236,2023-11-12 16:00:00,4.29
6535,236,2023-11-13 00:00:00,3.55
6536,236,2023-11-13 08:00:00,6.26
6537,236,2023-11-13 16:00:00,8.01
6538,236,2023-11-14 00:00:00,9.6
6539,236,2023-11-14 08:00:00,1.84
6540,236,2023-11-14 16:00:00,3.73
6541,236,2023-11-15 00:00:00,8.28
6542,236,2023-11-15 08:00:00,3.25
6543,236,2023-11-15 16:00:00,6.94
6544,236,2023-11-16 00:00:00,9.0
6545,236,2023-11-16 08:00:00,4.52
6546,236,2023-11-16 16:00:00,9.5
6547,236,2023-11-17 00:00:00,6.04
6548,236,2023-11-17 08:00:00,8.52
6549,236,2023-11-17 16:00:00,2.59
6550,236,2023-11-18 00:00:00,8.46
6551,236,2023-11-18 08:00:00,10.0
6552,236,2023-11-18 16:00:00,0.83
6553,236,2023-11-19 00:00:00,3.15
6554,236,2023-11-19 08:00:00,5.04
6555,236,2023-11-19 16:00:00,1.23
6556,236,2023-11-20 00:00:00,9.95
6557,236,2023-11-20 08:00:00,4.75
6558,236,2023-11-20 16:00:00,9.12
6559,236,2023-11-21 00:00:00,1.12
6560,236,2023-11-21 08:00:00,4.18
6561,236,2023-11-21 16:00:00,1.54
6562,236,2023-11-22 00:00:00,3.3
6563,236,2023-11-22 08:00:00,9.97
6564,236,2023-11-22 16:00:00,2.42
6565,236,2023-11-23 00:00:00,1.8
6566,236,2023-11-23 08:00:00,1.07
6567,236,2023-11-23 16:00:00,7.08
6568,236,2023-11-24 00:00:00,0.55
6569,236,2023-11-24 08:00:00,2.82
6570,236,2023-11-24 16:00:00,0.86
6571,236,2023-11-25 00:00:00,9.99
6572,236,2023-11-25 08:00:00,5.79
6573,236,2023-11-25 16:00:00,6.66
6574,236,2023-11-26 00:00:00,4.01
6575,236,2023-11-26 08:00:00,2.93
6576,236,2023-11-26 16:00:00,0.78
6577,236,2023-11-27 00:00:00,4.16
6578,236,2023-11-27 08:00:00,5.5
6579,236,2023-11-27 16:00:00,3.3
6580,236,2023-11-28 00:00:00,8.61
6581,236,2023-11-28 08:00:00,5.66
6582,236,2023-11-28 16:00:00,1.19
6583,236,2023-11-29 00:00:00,3.42
6584,236,2023-11-29 08:00:00,1.35
6585,236,2023-11-29 16:00:00,5.37
6586,236,2023-11-30 00:00:00,7.35
6587,236,2023-11-30 08:00:00,3.25
6588,236,2023-11-30 16:00:00,8.07
6589,237,2023-10-01 00:00:00,8.94
6590,237,2023-10-01 08:00:00,0.6
6591,237,2023-10-01 16:00:00,8.44
6592,237,2023-10-02 00:00:00,1.27
6593,237,2023-10-02 08:00:00,3.2
6594,237,2023-10-02 16:00:00,5.93
6595,237,2023-10-03 00:00:00,8.5
6596,237,2023-10-03 08:00:00,5.72
6597,237,2023-10-03 16:00:00,1.19
6598,237,2023-10-04 00:00:00,3.5
6599,237,2023-10-04 08:00:00,9.7
6600,237,2023-10-04 16:00:00,9.59
6601,237,2023-10-05 00:00:00,7.43
6602,237,2023-10-05 08:00:00,8.77
6603,237,2023-10-05 16:00:00,3.22
6604,237,2023-10-06 00:00:00,8.8
6605,237,2023-10-06 08:00:00,5.62
6606,237,2023-10-06 16:00:00,8.59
6607,237,2023-10-07 00:00:00,4.47
6608,237,2023-10-07 08:00:00,8.06
6609,237,2023-10-07 16:00:00,1.82
6610,237,2023-10-08 00:00:00,9.89
6611,237,2023-10-08 08:00:00,5.84
6612,237,2023-10-08 16:00:00,1.14
6613,237,2023-10-09 00:00:00,5.79
6614,237,2023-10-09 08:00:00,9.28
6615,237,2023-10-09 16:00:00,1.08
6616,237,2023-10-10 00:00:00,7.2
6617,237,2023-10-10 08:00:00,2.27
6618,237,2023-10-10 16:00:00,4.18
6619,237,2023-10-11 00:00:00,5.75
6620,237,2023-10-11 08:00:00,9.72
6621,237,2023-10-11 16:00:00,0.88
6622,237,2023-10-12 00:00:00,9.95
6623,237,2023-10-12 08:00:00,8.41
6624,237,2023-10-12 16:00:00,1.51
6625,237,2023-10-13 00:00:00,2.72
6626,237,2023-10-13 08:00:00,9.46
6627,237,2023-10-13 16:00:00,6.59
6628,237,2023-10-14 00:00:00,7.21
6629,237,2023-10-14 08:00:00,5.97
6630,237,2023-10-14 16:00:00,7.52
6631,237,2023-10-15 00:00:00,6.44
6632,237,2023-10-15 08:00:00,3.63
6633,237,2023-10-15 16:00:00,6.52
6634,237,2023-10-16 00:00:00,4.59
6635,237,2023-10-16 08:00:00,9.19
6636,237,2023-10-16 16:00:00,4.82
6637,237,2023-10-17 00:00:00,7.08
6638,237,2023-10-17 08:00:00,5.67
6639,237,2023-10-17 16:00:00,9.34
6640,237,2023-10-18 00:00:00,5.73
6641,237,2023-10-18 08:00:00,6.05
6642,237,2023-10-18 16:00:00,3.26
6643,237,2023-10-19 00:00:00,2.56
6644,237,2023-10-19 08:00:00,5.96
6645,237,2023-10-19 16:00:00,1.95
6646,237,2023-10-20 00:00:00,5.46
6647,237,2023-10-20 08:00:00,5.45
6648,237,2023-10-20 16:00:00,3.13
6649,237,2023-10-21 00:00:00,3.27
6650,237,2023-10-21 08:00:00,1.25
6651,237,2023-10-21 16:00:00,4.38
6652,237,2023-10-22 00:00:00,0.61
6653,237,2023-10-22 08:00:00,9.91
6654,237,2023-10-22 16:00:00,9.83
6655,237,2023-10-23 00:00:00,2.09
6656,237,2023-10-23 08:00:00,4.4
6657,237,2023-10-23 16:00:00,6.46
6658,237,2023-10-24 00:00:00,4.25
6659,237,2023-10-24 08:00:00,1.55
6660,237,2023-10-24 16:00:00,9.87
6661,237,2023-10-25 00:00:00,9.48
6662,237,2023-10-25 08:00:00,2.69
6663,237,2023-10-25 16:00:00,4.5
6664,237,2023-10-26 00:00:00,7.42
6665,237,2023-10-26 08:00:00,3.89
6666,237,2023-10-26 16:00:00,0.54
6667,237,2023-10-27 00:00:00,2.55
6668,237,2023-10-27 08:00:00,3.72
6669,237,2023-10-27 16:00:00,2.05
6670,237,2023-10-28 00:00:00,0.71
6671,237,2023-10-28 08:00:00,9.72
6672,237,2023-10-28 16:00:00,4.52
6673,237,2023-10-29 00:00:00,5.37
6674,237,2023-10-29 08:00:00,4.18
6675,237,2023-10-29 16:00:00,8.31
6676,237,2023-10-30 00:00:00,6.76
6677,237,2023-10-30 08:00:00,2.62
6678,237,2023-10-30 16:00:00,5.23
6679,237,2023-10-31 00:00:00,7.52
6680,237,2023-10-31 08:00:00,0.76
6681,237,2023-10-31 16:00:00,5.36
6682,237,2023-11-01 00:00:00,5.49
6683,237,2023-11-01 08:00:00,8.75
6684,237,2023-11-01 16:00:00,1.7
6685,237,2023-11-02 00:00:00,1.76
6686,237,2023-11-02 08:00:00,9.25
6687,237,2023-11-02 16:00:00,6.2
6688,237,2023-11-03 00:00:00,5.12
6689,237,2023-11-03 08:00:00,6.5
6690,237,2023-11-03 16:00:00,9.19
6691,237,2023-11-04 00:00:00,5.82
6692,237,2023-11-04 08:00:00,9.78
6693,237,2023-11-04 16:00:00,4.85
6694,237,2023-11-05 00:00:00,5.57
6695,237,2023-11-05 08:00:00,3.67
6696,237,2023-11-05 16:00:00,1.85
6697,237,2023-11-06 00:00:00,1.45
6698,237,2023-11-06 08:00:00,5.19
6699,237,2023-11-06 16:00:00,3.8
6700,237,2023-11-07 00:00:00,8.51
6701,237,2023-11-07 08:00:00,8.51
6702,237,2023-11-07 16:00:00,3.24
6703,237,2023-11-08 00:00:00,8.48
6704,237,2023-11-08 08:00:00,3.21
6705,237,2023-11-08 16:00:00,4.45
6706,237,2023-11-09 00:00:00,2.72
6707,237,2023-11-09 08:00:00,8.59
6708,237,2023-11-09 16:00:00,5.82
6709,237,2023-11-10 00:00:00,9.39
6710,237,2023-11-10 08:00:00,5.05
6711,237,2023-11-10 16:00:00,6.0
6712,237,2023-11-11 00:00:00,7.17
6713,237,2023-11-11 08:00:00,8.28
6714,237,2023-11-11 16:00:00,5.26
6715,237,2023-11-12 00:00:00,0.55
6716,237,2023-11-12 08:00:00,5.81
6717,237,2023-11-12 16:00:00,8.41
6718,237,2023-11-13 00:00:00,8.34
6719,237,2023-11-13 08:00:00,0.52
6720,237,2023-11-13 16:00:00,6.61
6721,237,2023-11-14 00:00:00,4.99
6722,237,2023-11-14 08:00:00,6.36
6723,237,2023-11-14 16:00:00,0.79
6724,237,2023-11-15 00:00:00,6.2
6725,237,2023-11-15 08:00:00,1.19
6726,237,2023-11-15 16:00:00,7.28
6727,237,2023-11-16 00:00:00,2.67
6728,237,2023-11-16 08:00:00,4.93
6729,237,2023-11-16 16:00:00,4.54
6730,237,2023-11-17 00:00:00,3.55
6731,237,2023-11-17 08:00:00,1.04
6732,237,2023-11-17 16:00:00,4.85
6733,237,2023-11-18 00:00:00,2.82
6734,237,2023-11-18 08:00:00,6.44
6735,237,2023-11-18 16:00:00,3.83
6736,237,2023-11-19 00:00:00,5.77
6737,237,2023-11-19 08:00:00,6.84
6738,237,2023-11-19 16:00:00,4.94
6739,237,2023-11-20 00:00:00,1.83
6740,237,2023-11-20 08:00:00,8.32
6741,237,2023-11-20 16:00:00,6.06
6742,237,2023-11-21 00:00:00,7.43
6743,237,2023-11-21 08:00:00,2.47
6744,237,2023-11-21 16:00:00,2.14
6745,237,2023-11-22 00:00:00,7.3
6746,237,2023-11-22 08:00:00,3.26
6747,237,2023-11-22 16:00:00,3.97
6748,237,2023-11-23 00:00:00,9.26
6749,237,2023-11-23 08:00:00,5.26
6750,237,2023-11-23 16:00:00,5.46
6751,237,2023-11-24 00:00:00,7.2
6752,237,2023-11-24 08:00:00,9.44
6753,237,2023-11-24 16:00:00,1.91
6754,237,2023-11-25 00:00:00,4.78
6755,237,2023-11-25 08:00:00,1.14
6756,237,2023-11-25 16:00:00,9.78
6757,237,2023-11-26 00:00:00,9.19
6758,237,2023-11-26 08:00:00,9.2
6759,237,2023-11-26 16:00:00,6.97
6760,237,2023-11-27 00:00:00,7.18
6761,237,2023-11-27 08:00:00,7.7
6762,237,2023-11-27 16:00:00,5.11
6763,237,2023-11-28 00:00:00,6.16
6764,237,2023-11-28 08:00:00,3.02
6765,237,2023-11-28 16:00:00,2.09
6766,237,2023-11-29 00:00:00,6.89
6767,237,2023-11-29 08:00:00,9.64
6768,237,2023-11-29 16:00:00,4.45
6769,237,2023-11-30 00:00:00,3.26
6770,237,2023-11-30 08:00:00,3.33
6771,237,2023-11-30 16:00:00,8.38
6772,238,2023-10-01 00:00:00,1.49
6773,238,2023-10-01 08:00:00,0.81
6774,238,2023-10-01 16:00:00,7.45
6775,238,2023-10-02 00:00:00,2.01
6776,238,2023-10-02 08:00:00,3.23
6777,238,2023-10-02 16:00:00,9.14
6778,238,2023-10-03 00:00:00,0.69
6779,238,2023-10-03 08:00:00,5.91
6780,238,2023-10-03 16:00:00,5.96
6781,238,2023-10-04 00:00:00,3.61
6782,238,2023-10-04 08:00:00,8.36
6783,238,2023-10-04 16:00:00,1.8
6784,238,2023-10-05 00:00:00,2.21
6785,238,2023-10-05 08:00:00,0.91
6786,238,2023-10-05 16:00:00,7.49
6787,238,2023-10-06 00:00:00,2.31
6788,238,2023-10-06 08:00:00,9.54
6789,238,2023-10-06 16:00:00,5.87
6790,238,2023-10-07 00:00:00,5.07
6791,238,2023-10-07 08:00:00,8.52
6792,238,2023-10-07 16:00:00,4.99
6793,238,2023-10-08 00:00:00,5.02
6794,238,2023-10-08 08:00:00,5.0
6795,238,2023-10-08 16:00:00,2.93
6796,238,2023-10-09 00:00:00,9.37
6797,238,2023-10-09 08:00:00,3.91
6798,238,2023-10-09 16:00:00,0.8
6799,238,2023-10-10 00:00:00,0.77
6800,238,2023-10-10 08:00:00,1.71
6801,238,2023-10-10 16:00:00,6.85
6802,238,2023-10-11 00:00:00,1.23
6803,238,2023-10-11 08:00:00,5.88
6804,238,2023-10-11 16:00:00,4.13
6805,238,2023-10-12 00:00:00,9.44
6806,238,2023-10-12 08:00:00,4.91
6807,238,2023-10-12 16:00:00,4.8
6808,238,2023-10-13 00:00:00,3.78
6809,238,2023-10-13 08:00:00,1.76
6810,238,2023-10-13 16:00:00,6.24
6811,238,2023-10-14 00:00:00,1.95
6812,238,2023-10-14 08:00:00,8.93
6813,238,2023-10-14 16:00:00,8.07
6814,238,2023-10-15 00:00:00,2.29
6815,238,2023-10-15 08:00:00,4.5
6816,238,2023-10-15 16:00:00,3.78
6817,238,2023-10-16 00:00:00,8.75
6818,238,2023-10-16 08:00:00,5.08
6819,238,2023-10-16 16:00:00,5.41
6820,238,2023-10-17 00:00:00,9.87
6821,238,2023-10-17 08:00:00,2.16
6822,238,2023-10-17 16:00:00,2.76
6823,238,2023-10-18 00:00:00,5.98
6824,238,2023-10-18 08:00:00,1.28
6825,238,2023-10-18 16:00:00,6.01
6826,238,2023-10-19 00:00:00,3.16
6827,238,2023-10-19 08:00:00,3.9
6828,238,2023-10-19 16:00:00,3.78
6829,238,2023-10-20 00:00:00,1.51
6830,238,2023-10-20 08:00:00,5.88
6831,238,2023-10-20 16:00:00,8.93
6832,238,2023-10-21 00:00:00,8.36
6833,238,2023-10-21 08:00:00,0.91
6834,238,2023-10-21 16:00:00,1.51
6835,238,2023-10-22 00:00:00,2.84
6836,238,2023-10-22 08:00:00,1.99
6837,238,2023-10-22 16:00:00,8.47
6838,238,2023-10-23 00:00:00,5.69
6839,238,2023-10-23 08:00:00,8.36
6840,238,2023-10-23 16:00:00,4.69
6841,238,2023-10-24 00:00:00,1.28
6842,238,2023-10-24 08:00:00,6.36
6843,238,2023-10-24 16:00:00,6.1
6844,238,2023-10-25 00:00:00,9.95
6845,238,2023-10-25 08:00:00,2.63
6846,238,2023-10-25 16:00:00,3.45
6847,238,2023-10-26 00:00:00,1.02
6848,238,2023-10-26 08:00:00,5.15
6849,238,2023-10-26 16:00:00,7.08
6850,238,2023-10-27 00:00:00,4.46
6851,238,2023-10-27 08:00:00,9.87
6852,238,2023-10-27 16:00:00,4.56
6853,238,2023-10-28 00:00:00,0.56
6854,238,2023-10-28 08:00:00,3.4
6855,238,2023-10-28 16:00:00,4.2
6856,238,2023-10-29 00:00:00,2.65
6857,238,2023-10-29 08:00:00,7.58
6858,238,2023-10-29 16:00:00,7.6
6859,238,2023-10-30 00:00:00,1.33
6860,238,2023-10-30 08:00:00,1.08
6861,238,2023-10-30 16:00:00,6.6
6862,238,2023-10-31 00:00:00,8.21
6863,238,2023-10-31 08:00:00,9.78
6864,238,2023-10-31 16:00:00,1.98
6865,238,2023-11-01 00:00:00,10.0
6866,238,2023-11-01 08:00:00,6.74
6867,238,2023-11-01 16:00:00,5.85
6868,238,2023-11-02 00:00:00,3.73
6869,238,2023-11-02 08:00:00,8.2
6870,238,2023-11-02 16:00:00,7.2
6871,238,2023-11-03 00:00:00,9.0
6872,238,2023-11-03 08:00:00,7.93
6873,238,2023-11-03 16:00:00,3.97
6874,238,2023-11-04 00:00:00,8.91
6875,238,2023-11-04 08:00:00,5.64
6876,238,2023-11-04 16:00:00,8.45
6877,238,2023-11-05 00:00:00,9.96
6878,238,2023-11-05 08:00:00,7.18
6879,238,2023-11-05 16:00:00,6.16
6880,238,2023-11-06 00:00:00,9.87
6881,238,2023-11-06 08:00:00,7.89
6882,238,2023-11-06 16:00:00,6.05
6883,238,2023-11-07 00:00:00,9.35
6884,238,2023-11-07 08:00:00,9.2
6885,238,2023-11-07 16:00:00,1.97
6886,238,2023-11-08 00:00:00,1.16
6887,238,2023-11-08 08:00:00,2.66
6888,238,2023-11-08 16:00:00,9.87
6889,238,2023-11-09 00:00:00,5.72
6890,238,2023-11-09 08:00:00,2.46
6891,238,2023-11-09 16:00:00,3.92
6892,238,2023-11-10 00:00:00,6.52
6893,238,2023-11-10 08:00:00,2.28
6894,238,2023-11-10 16:00:00,6.72
6895,238,2023-11-11 00:00:00,8.38
6896,238,2023-11-11 08:00:00,7.31
6897,238,2023-11-11 16:00:00,7.21
6898,238,2023-11-12 00:00:00,8.49
6899,238,2023-11-12 08:00:00,9.68
6900,238,2023-11-12 16:00:00,7.23
6901,238,2023-11-13 00:00:00,7.62
6902,238,2023-11-13 08:00:00,6.45
6903,238,2023-11-13 16:00:00,5.39
6904,238,2023-11-14 00:00:00,1.44
6905,238,2023-11-14 08:00:00,6.69
6906,238,2023-11-14 16:00:00,2.95
6907,238,2023-11-15 00:00:00,2.67
6908,238,2023-11-15 08:00:00,2.48
6909,238,2023-11-15 16:00:00,2.8
6910,238,2023-11-16 00:00:00,5.32
6911,238,2023-11-16 08:00:00,6.19
6912,238,2023-11-16 16:00:00,2.49
6913,238,2023-11-17 00:00:00,5.91
6914,238,2023-11-17 08:00:00,2.26
6915,238,2023-11-17 16:00:00,4.06
6916,238,2023-11-18 00:00:00,2.23
6917,238,2023-11-18 08:00:00,5.63
6918,238,2023-11-18 16:00:00,8.6
6919,238,2023-11-19 00:00:00,3.25
6920,238,2023-11-19 08:00:00,1.88
6921,238,2023-11-19 16:00:00,5.66
6922,238,2023-11-20 00:00:00,9.03
6923,238,2023-11-20 08:00:00,5.27
6924,238,2023-11-20 16:00:00,5.48
6925,238,2023-11-21 00:00:00,4.25
6926,238,2023-11-21 08:00:00,7.08
6927,238,2023-11-21 16:00:00,2.65
6928,238,2023-11-22 00:00:00,1.66
6929,238,2023-11-22 08:00:00,7.88
6930,238,2023-11-22 16:00:00,8.02
6931,238,2023-11-23 00:00:00,5.47
6932,238,2023-11-23 08:00:00,0.63
6933,238,2023-11-23 16:00:00,8.48
6934,238,2023-11-24 00:00:00,7.18
6935,238,2023-11-24 08:00:00,9.95
6936,238,2023-11-24 16:00:00,5.59
6937,238,2023-11-25 00:00:00,6.53
6938,238,2023-11-25 08:00:00,9.16
6939,238,2023-11-25 16:00:00,6.59
6940,238,2023-11-26 00:00:00,4.9
6941,238,2023-11-26 08:00:00,6.96
6942,238,2023-11-26 16:00:00,3.72
6943,238,2023-11-27 00:00:00,6.81
6944,238,2023-11-27 08:00:00,6.12
6945,238,2023-11-27 16:00:00,5.25
6946,238,2023-11-28 00:00:00,9.76
6947,238,2023-11-28 08:00:00,3.95
6948,238,2023-11-28 16:00:00,0.77
6949,238,2023-11-29 00:00:00,7.03
6950,238,2023-11-29 08:00:00,7.08
6951,238,2023-11-29 16:00:00,5.8
6952,238,2023-11-30 00:00:00,1.29
6953,238,2023-11-30 08:00:00,6.44
6954,238,2023-11-30 16:00:00,1.68
6955,239,2023-10-01 00:00:00,3.11
6956,239,2023-10-01 08:00:00,1.42
6957,239,2023-10-01 16:00:00,4.48
6958,239,2023-10-02 00:00:00,9.96
6959,239,2023-10-02 08:00:00,2.67
6960,239,2023-10-02 16:00:00,7.36
6961,239,2023-10-03 00:00:00,9.93
6962,239,2023-10-03 08:00:00,9.37
6963,239,2023-10-03 16:00:00,3.01
6964,239,2023-10-04 00:00:00,8.27
6965,239,2023-10-04 08:00:00,7.6
6966,239,2023-10-04 16:00:00,6.31
6967,239,2023-10-05 00:00:00,9.92
6968,239,2023-10-05 08:00:00,2.8
6969,239,2023-10-05 16:00:00,3.83
6970,239,2023-10-06 00:00:00,3.29
6971,239,2023-10-06 08:00:00,8.5
6972,239,2023-10-06 16:00:00,3.0
6973,239,2023-10-07 00:00:00,0.64
6974,239,2023-10-07 08:00:00,1.94
6975,239,2023-10-07 16:00:00,4.57
6976,239,2023-10-08 00:00:00,3.57
6977,239,2023-10-08 08:00:00,1.3
6978,239,2023-10-08 16:00:00,1.14
6979,239,2023-10-09 00:00:00,5.95
6980,239,2023-10-09 08:00:00,0.88
6981,239,2023-10-09 16:00:00,9.78
6982,239,2023-10-10 00:00:00,6.56
6983,239,2023-10-10 08:00:00,6.63
6984,239,2023-10-10 16:00:00,9.13
6985,239,2023-10-11 00:00:00,5.35
6986,239,2023-10-11 08:00:00,3.72
6987,239,2023-10-11 16:00:00,5.14
6988,239,2023-10-12 00:00:00,8.58
6989,239,2023-10-12 08:00:00,1.48
6990,239,2023-10-12 16:00:00,4.55
6991,239,2023-10-13 00:00:00,4.77
6992,239,2023-10-13 08:00:00,3.34
6993,239,2023-10-13 16:00:00,6.48
6994,239,2023-10-14 00:00:00,6.83
6995,239,2023-10-14 08:00:00,4.44
6996,239,2023-10-14 16:00:00,9.94
6997,239,2023-10-15 00:00:00,2.41
6998,239,2023-10-15 08:00:00,6.56
6999,239,2023-10-15 16:00:00,2.2
7000,239,2023-10-16 00:00:00,8.17
7001,239,2023-10-16 08:00:00,7.55
7002,239,2023-10-16 16:00:00,9.33
7003,239,2023-10-17 00:00:00,2.84
7004,239,2023-10-17 08:00:00,3.83
7005,239,2023-10-17 16:00:00,6.52
7006,239,2023-10-18 00:00:00,2.27
7007,239,2023-10-18 08:00:00,9.92
7008,239,2023-10-18 16:00:00,6.75
7009,239,2023-10-19 00:00:00,7.51
7010,239,2023-10-19 08:00:00,1.11
7011,239,2023-10-19 16:00:00,1.21
7012,239,2023-10-20 00:00:00,2.42
7013,239,2023-10-20 08:00:00,4.97
7014,239,2023-10-20 16:00:00,9.94
7015,239,2023-10-21 00:00:00,5.91
7016,239,2023-10-21 08:00:00,3.97
7017,239,2023-10-21 16:00:00,3.92
7018,239,2023-10-22 00:00:00,2.31
7019,239,2023-10-22 08:00:00,2.21
7020,239,2023-10-22 16:00:00,0.61
7021,239,2023-10-23 00:00:00,3.79
7022,239,2023-10-23 08:00:00,9.45
7023,239,2023-10-23 16:00:00,7.97
7024,239,2023-10-24 00:00:00,2.73
7025,239,2023-10-24 08:00:00,3.04
7026,239,2023-10-24 16:00:00,9.51
7027,239,2023-10-25 00:00:00,6.97
7028,239,2023-10-25 08:00:00,9.06
7029,239,2023-10-25 16:00:00,8.29
7030,239,2023-10-26 00:00:00,2.06
7031,239,2023-10-26 08:00:00,4.1
7032,239,2023-10-26 16:00:00,2.11
7033,239,2023-10-27 00:00:00,9.8
7034,239,2023-10-27 08:00:00,6.36
7035,239,2023-10-27 16:00:00,7.22
7036,239,2023-10-28 00:00:00,1.1
7037,239,2023-10-28 08:00:00,7.16
7038,239,2023-10-28 16:00:00,2.98
7039,239,2023-10-29 00:00:00,2.99
7040,239,2023-10-29 08:00:00,4.73
7041,239,2023-10-29 16:00:00,6.49
7042,239,2023-10-30 00:00:00,2.4
7043,239,2023-10-30 08:00:00,7.59
7044,239,2023-10-30 16:00:00,1.02
7045,239,2023-10-31 00:00:00,1.86
7046,239,2023-10-31 08:00:00,5.0
7047,239,2023-10-31 16:00:00,8.17
7048,239,2023-11-01 00:00:00,1.79
7049,239,2023-11-01 08:00:00,1.66
7050,239,2023-11-01 16:00:00,5.79
7051,239,2023-11-02 00:00:00,7.89
7052,239,2023-11-02 08:00:00,7.26
7053,239,2023-11-02 16:00:00,9.59
7054,239,2023-11-03 00:00:00,9.07
7055,239,2023-11-03 08:00:00,8.27
7056,239,2023-11-03 16:00:00,7.84
7057,239,2023-11-04 00:00:00,3.13
7058,239,2023-11-04 08:00:00,6.96
7059,239,2023-11-04 16:00:00,1.7
7060,239,2023-11-05 00:00:00,3.3
7061,239,2023-11-05 08:00:00,9.66
7062,239,2023-11-05 16:00:00,3.38
7063,239,2023-11-06 00:00:00,9.71
7064,239,2023-11-06 08:00:00,5.54
7065,239,2023-11-06 16:00:00,8.21
7066,239,2023-11-07 00:00:00,3.88
7067,239,2023-11-07 08:00:00,6.16
7068,239,2023-11-07 16:00:00,9.04
7069,239,2023-11-08 00:00:00,1.55
7070,239,2023-11-08 08:00:00,6.49
7071,239,2023-11-08 16:00:00,4.26
7072,239,2023-11-09 00:00:00,6.89
7073,239,2023-11-09 08:00:00,3.16
7074,239,2023-11-09 16:00:00,7.32
7075,239,2023-11-10 00:00:00,6.37
7076,239,2023-11-10 08:00:00,8.24
7077,239,2023-11-10 16:00:00,8.63
7078,239,2023-11-11 00:00:00,9.47
7079,239,2023-11-11 08:00:00,5.13
7080,239,2023-11-11 16:00:00,4.91
7081,239,2023-11-12 00:00:00,9.26
7082,239,2023-11-12 08:00:00,7.63
7083,239,2023-11-12 16:00:00,7.47
7084,239,2023-11-13 00:00:00,0.61
7085,239,2023-11-13 08:00:00,5.88
7086,239,2023-11-13 16:00:00,7.68
7087,239,2023-11-14 00:00:00,7.83
7088,239,2023-11-14 08:00:00,1.85
7089,239,2023-11-14 16:00:00,7.46
7090,239,2023-11-15 00:00:00,4.91
7091,239,2023-11-15 08:00:00,6.45
7092,239,2023-11-15 16:00:00,6.67
7093,239,2023-11-16 00:00:00,2.3
7094,239,2023-11-16 08:00:00,9.22
7095,239,2023-11-16 16:00:00,9.48
7096,239,2023-11-17 00:00:00,3.98
7097,239,2023-11-17 08:00:00,6.39
7098,239,2023-11-17 16:00:00,4.19
7099,239,2023-11-18 00:00:00,4.08
7100,239,2023-11-18 08:00:00,4.9
7101,239,2023-11-18 16:00:00,2.66
7102,239,2023-11-19 00:00:00,9.95
7103,239,2023-11-19 08:00:00,6.42
7104,239,2023-11-19 16:00:00,9.5
7105,239,2023-11-20 00:00:00,2.27
7106,239,2023-11-20 08:00:00,0.75
7107,239,2023-11-20 16:00:00,7.54
7108,239,2023-11-21 00:00:00,9.81
7109,239,2023-11-21 08:00:00,7.99
7110,239,2023-11-21 16:00:00,5.26
7111,239,2023-11-22 00:00:00,5.3
7112,239,2023-11-22 08:00:00,2.07
7113,239,2023-11-22 16:00:00,2.08
7114,239,2023-11-23 00:00:00,3.54
7115,239,2023-11-23 08:00:00,4.58
7116,239,2023-11-23 16:00:00,8.72
7117,239,2023-11-24 00:00:00,3.68
7118,239,2023-11-24 08:00:00,5.99
7119,239,2023-11-24 16:00:00,7.28
7120,239,2023-11-25 00:00:00,1.9
7121,239,2023-11-25 08:00:00,3.11
7122,239,2023-11-25 16:00:00,9.0
7123,239,2023-11-26 00:00:00,4.7
7124,239,2023-11-26 08:00:00,0.51
7125,239,2023-11-26 16:00:00,4.91
7126,239,2023-11-27 00:00:00,2.41
7127,239,2023-11-27 08:00:00,5.21
7128,239,2023-11-27 16:00:00,8.98
7129,239,2023-11-28 00:00:00,3.48
7130,239,2023-11-28 08:00:00,7.51
7131,239,2023-11-28 16:00:00,8.68
7132,239,2023-11-29 00:00:00,8.57
7133,239,2023-11-29 08:00:00,7.18
7134,239,2023-11-29 16:00:00,3.23
7135,239,2023-11-30 00:00:00,4.18
7136,239,2023-11-30 08:00:00,9.11
7137,239,2023-11-30 16:00:00,4.6
7138,240,2023-10-01 00:00:00,8.63
7139,240,2023-10-01 08:00:00,8.68
7140,240,2023-10-01 16:00:00,1.15
7141,240,2023-10-02 00:00:00,4.08
7142,240,2023-10-02 08:00:00,9.15
7143,240,2023-10-02 16:00:00,8.14
7144,240,2023-10-03 00:00:00,3.71
7145,240,2023-10-03 08:00:00,6.24
7146,240,2023-10-03 16:00:00,1.36
7147,240,2023-10-04 00:00:00,4.18
7148,240,2023-10-04 08:00:00,6.41
7149,240,2023-10-04 16:00:00,2.05
7150,240,2023-10-05 00:00:00,8.24
7151,240,2023-10-05 08:00:00,6.22
7152,240,2023-10-05 16:00:00,9.91
7153,240,2023-10-06 00:00:00,8.8
7154,240,2023-10-06 08:00:00,7.97
7155,240,2023-10-06 16:00:00,9.31
7156,240,2023-10-07 00:00:00,8.7
7157,240,2023-10-07 08:00:00,7.63
7158,240,2023-10-07 16:00:00,3.73
7159,240,2023-10-08 00:00:00,5.26
7160,240,2023-10-08 08:00:00,9.09
7161,240,2023-10-08 16:00:00,0.75
7162,240,2023-10-09 00:00:00,9.35
7163,240,2023-10-09 08:00:00,8.66
7164,240,2023-10-09 16:00:00,8.45
7165,240,2023-10-10 00:00:00,9.08
7166,240,2023-10-10 08:00:00,1.39
7167,240,2023-10-10 16:00:00,3.02
7168,240,2023-10-11 00:00:00,8.6
7169,240,2023-10-11 08:00:00,2.42
7170,240,2023-10-11 16:00:00,4.48
7171,240,2023-10-12 00:00:00,9.88
7172,240,2023-10-12 08:00:00,4.68
7173,240,2023-10-12 16:00:00,9.4
7174,240,2023-10-13 00:00:00,4.2
7175,240,2023-10-13 08:00:00,5.92
7176,240,2023-10-13 16:00:00,5.46
7177,240,2023-10-14 00:00:00,9.65
7178,240,2023-10-14 08:00:00,7.48
7179,240,2023-10-14 16:00:00,7.81
7180,240,2023-10-15 00:00:00,6.73
7181,240,2023-10-15 08:00:00,1.97
7182,240,2023-10-15 16:00:00,1.54
7183,240,2023-10-16 00:00:00,2.04
7184,240,2023-10-16 08:00:00,9.22
7185,240,2023-10-16 16:00:00,4.5
7186,240,2023-10-17 00:00:00,2.02
7187,240,2023-10-17 08:00:00,0.57
7188,240,2023-10-17 16:00:00,9.17
7189,240,2023-10-18 00:00:00,4.77
7190,240,2023-10-18 08:00:00,1.57
7191,240,2023-10-18 16:00:00,7.78
7192,240,2023-10-19 00:00:00,2.7
7193,240,2023-10-19 08:00:00,6.5
7194,240,2023-10-19 16:00:00,4.2
7195,240,2023-10-20 00:00:00,1.15
7196,240,2023-10-20 08:00:00,8.91
7197,240,2023-10-20 16:00:00,5.97
7198,240,2023-10-21 00:00:00,7.8
7199,240,2023-10-21 08:00:00,6.59
7200,240,2023-10-21 16:00:00,3.31
7201,240,2023-10-22 00:00:00,0.65
7202,240,2023-10-22 08:00:00,2.59
7203,240,2023-10-22 16:00:00,8.72
7204,240,2023-10-23 00:00:00,9.48
7205,240,2023-10-23 08:00:00,7.56
7206,240,2023-10-23 16:00:00,9.72
7207,240,2023-10-24 00:00:00,9.51
7208,240,2023-10-24 08:00:00,5.73
7209,240,2023-10-24 16:00:00,3.41
7210,240,2023-10-25 00:00:00,8.27
7211,240,2023-10-25 08:00:00,9.77
7212,240,2023-10-25 16:00:00,7.14
7213,240,2023-10-26 00:00:00,6.47
7214,240,2023-10-26 08:00:00,6.76
7215,240,2023-10-26 16:00:00,1.83
7216,240,2023-10-27 00:00:00,8.65
7217,240,2023-10-27 08:00:00,1.38
7218,240,2023-10-27 16:00:00,1.8
7219,240,2023-10-28 00:00:00,6.39
7220,240,2023-10-28 08:00:00,6.5
7221,240,2023-10-28 16:00:00,4.9
7222,240,2023-10-29 00:00:00,5.82
7223,240,2023-10-29 08:00:00,9.34
7224,240,2023-10-29 16:00:00,8.68
7225,240,2023-10-30 00:00:00,0.85
7226,240,2023-10-30 08:00:00,7.2
7227,240,2023-10-30 16:00:00,1.24
7228,240,2023-10-31 00:00:00,1.61
7229,240,2023-10-31 08:00:00,4.46
7230,240,2023-10-31 16:00:00,4.57
7231,240,2023-11-01 00:00:00,4.06
7232,240,2023-11-01 08:00:00,8.85
7233,240,2023-11-01 16:00:00,1.37
7234,240,2023-11-02 00:00:00,7.61
7235,240,2023-11-02 08:00:00,6.29
7236,240,2023-11-02 16:00:00,1.2
7237,240,2023-11-03 00:00:00,7.72
7238,240,2023-11-03 08:00:00,9.31
7239,240,2023-11-03 16:00:00,8.68
7240,240,2023-11-04 00:00:00,5.99
7241,240,2023-11-04 08:00:00,6.9
7242,240,2023-11-04 16:00:00,6.13
7243,240,2023-11-05 00:00:00,1.04
7244,240,2023-11-05 08:00:00,4.8
7245,240,2023-11-05 16:00:00,9.63
7246,240,2023-11-06 00:00:00,0.53
7247,240,2023-11-06 08:00:00,7.57
7248,240,2023-11-06 16:00:00,6.83
7249,240,2023-11-07 00:00:00,7.26
7250,240,2023-11-07 08:00:00,7.41
7251,240,2023-11-07 16:00:00,8.08
7252,240,2023-11-08 00:00:00,4.61
7253,240,2023-11-08 08:00:00,5.07
7254,240,2023-11-08 16:00:00,3.35
7255,240,2023-11-09 00:00:00,9.92
7256,240,2023-11-09 08:00:00,2.5
7257,240,2023-11-09 16:00:00,4.4
7258,240,2023-11-10 00:00:00,8.49
7259,240,2023-11-10 08:00:00,4.83
7260,240,2023-11-10 16:00:00,9.23
7261,240,2023-11-11 00:00:00,4.32
7262,240,2023-11-11 08:00:00,6.77
7263,240,2023-11-11 16:00:00,0.62
7264,240,2023-11-12 00:00:00,4.06
7265,240,2023-11-12 08:00:00,9.64
7266,240,2023-11-12 16:00:00,9.8
7267,240,2023-11-13 00:00:00,5.49
7268,240,2023-11-13 08:00:00,4.42
7269,240,2023-11-13 16:00:00,4.61
7270,240,2023-11-14 00:00:00,7.91
7271,240,2023-11-14 08:00:00,6.09
7272,240,2023-11-14 16:00:00,2.8
7273,240,2023-11-15 00:00:00,5.19
7274,240,2023-11-15 08:00:00,2.2
7275,240,2023-11-15 16:00:00,0.54
7276,240,2023-11-16 00:00:00,0.72
7277,240,2023-11-16 08:00:00,3.36
7278,240,2023-11-16 16:00:00,4.42
7279,240,2023-11-17 00:00:00,7.67
7280,240,2023-11-17 08:00:00,9.87
7281,240,2023-11-17 16:00:00,2.72
7282,240,2023-11-18 00:00:00,9.49
7283,240,2023-11-18 08:00:00,2.3
7284,240,2023-11-18 16:00:00,0.64
7285,240,2023-11-19 00:00:00,1.2
7286,240,2023-11-19 08:00:00,3.25
7287,240,2023-11-19 16:00:00,8.16
7288,240,2023-11-20 00:00:00,7.52
7289,240,2023-11-20 08:00:00,2.5
7290,240,2023-11-20 16:00:00,3.45
7291,240,2023-11-21 00:00:00,6.51
7292,240,2023-11-21 08:00:00,0.86
7293,240,2023-11-21 16:00:00,6.29
7294,240,2023-11-22 00:00:00,4.5
7295,240,2023-11-22 08:00:00,4.45
7296,240,2023-11-22 16:00:00,3.23
7297,240,2023-11-23 00:00:00,1.92
7298,240,2023-11-23 08:00:00,9.76
7299,240,2023-11-23 16:00:00,9.7
7300,240,2023-11-24 00:00:00,9.9
7301,240,2023-11-24 08:00:00,6.93
7302,240,2023-11-24 16:00:00,2.87
7303,240,2023-11-25 00:00:00,5.25
7304,240,2023-11-25 08:00:00,8.5
7305,240,2023-11-25 16:00:00,2.79
7306,240,2023-11-26 00:00:00,9.13
7307,240,2023-11-26 08:00:00,6.66
7308,240,2023-11-26 16:00:00,6.39
7309,240,2023-11-27 00:00:00,3.16
7310,240,2023-11-27 08:00:00,3.75
7311,240,2023-11-27 16:00:00,7.63
7312,240,2023-11-28 00:00:00,6.72
7313,240,2023-11-28 08:00:00,3.28
7314,240,2023-11-28 16:00:00,8.31
7315,240,2023-11-29 00:00:00,3.28
7316,240,2023-11-29 08:00:00,6.41
7317,240,2023-11-29 16:00:00,7.81
7318,240,2023-11-30 00:00:00,1.54
7319,240,2023-11-30 08:00:00,3.24
7320,240,2023-11-30 16:00:00,2.05
7321,241,2023-10-01 00:00:00,8.73
7322,241,2023-10-01 08:00:00,3.48
7323,241,2023-10-01 16:00:00,5.88
7324,241,2023-10-02 00:00:00,4.13
7325,241,2023-10-02 08:00:00,2.45
7326,241,2023-10-02 16:00:00,4.52
7327,241,2023-10-03 00:00:00,4.65
7328,241,2023-10-03 08:00:00,3.71
7329,241,2023-10-03 16:00:00,7.18
7330,241,2023-10-04 00:00:00,6.24
7331,241,2023-10-04 08:00:00,5.69
7332,241,2023-10-04 16:00:00,0.67
7333,241,2023-10-05 00:00:00,1.75
7334,241,2023-10-05 08:00:00,1.81
7335,241,2023-10-05 16:00:00,7.04
7336,241,2023-10-06 00:00:00,8.65
7337,241,2023-10-06 08:00:00,5.66
7338,241,2023-10-06 16:00:00,7.42
7339,241,2023-10-07 00:00:00,8.45
7340,241,2023-10-07 08:00:00,4.33
7341,241,2023-10-07 16:00:00,6.12
7342,241,2023-10-08 00:00:00,5.75
7343,241,2023-10-08 08:00:00,7.11
7344,241,2023-10-08 16:00:00,7.14
7345,241,2023-10-09 00:00:00,6.39
7346,241,2023-10-09 08:00:00,8.4
7347,241,2023-10-09 16:00:00,4.64
7348,241,2023-10-10 00:00:00,2.09
7349,241,2023-10-10 08:00:00,1.22
7350,241,2023-10-10 16:00:00,8.13
7351,241,2023-10-11 00:00:00,4.92
7352,241,2023-10-11 08:00:00,3.09
7353,241,2023-10-11 16:00:00,8.03
7354,241,2023-10-12 00:00:00,7.8
7355,241,2023-10-12 08:00:00,4.18
7356,241,2023-10-12 16:00:00,6.57
7357,241,2023-10-13 00:00:00,6.29
7358,241,2023-10-13 08:00:00,9.93
7359,241,2023-10-13 16:00:00,6.61
7360,241,2023-10-14 00:00:00,4.23
7361,241,2023-10-14 08:00:00,3.3
7362,241,2023-10-14 16:00:00,2.55
7363,241,2023-10-15 00:00:00,9.85
7364,241,2023-10-15 08:00:00,5.5
7365,241,2023-10-15 16:00:00,3.01
7366,241,2023-10-16 00:00:00,4.27
7367,241,2023-10-16 08:00:00,4.56
7368,241,2023-10-16 16:00:00,5.66
7369,241,2023-10-17 00:00:00,9.92
7370,241,2023-10-17 08:00:00,3.21
7371,241,2023-10-17 16:00:00,8.8
7372,241,2023-10-18 00:00:00,7.66
7373,241,2023-10-18 08:00:00,1.75
7374,241,2023-10-18 16:00:00,5.0
7375,241,2023-10-19 00:00:00,7.98
7376,241,2023-10-19 08:00:00,4.87
7377,241,2023-10-19 16:00:00,6.57
7378,241,2023-10-20 00:00:00,9.16
7379,241,2023-10-20 08:00:00,8.84
7380,241,2023-10-20 16:00:00,6.29
7381,241,2023-10-21 00:00:00,9.42
7382,241,2023-10-21 08:00:00,4.99
7383,241,2023-10-21 16:00:00,6.16
7384,241,2023-10-22 00:00:00,7.39
7385,241,2023-10-22 08:00:00,2.16
7386,241,2023-10-22 16:00:00,7.06
7387,241,2023-10-23 00:00:00,8.2
7388,241,2023-10-23 08:00:00,6.96
7389,241,2023-10-23 16:00:00,1.99
7390,241,2023-10-24 00:00:00,7.11
7391,241,2023-10-24 08:00:00,1.75
7392,241,2023-10-24 16:00:00,5.23
7393,241,2023-10-25 00:00:00,8.84
7394,241,2023-10-25 08:00:00,1.64
7395,241,2023-10-25 16:00:00,9.08
7396,241,2023-10-26 00:00:00,2.72
7397,241,2023-10-26 08:00:00,7.8
7398,241,2023-10-26 16:00:00,8.37
7399,241,2023-10-27 00:00:00,9.32
7400,241,2023-10-27 08:00:00,3.91
7401,241,2023-10-27 16:00:00,9.13
7402,241,2023-10-28 00:00:00,7.33
7403,241,2023-10-28 08:00:00,0.85
7404,241,2023-10-28 16:00:00,5.72
7405,241,2023-10-29 00:00:00,0.63
7406,241,2023-10-29 08:00:00,4.23
7407,241,2023-10-29 16:00:00,1.25
7408,241,2023-10-30 00:00:00,6.91
7409,241,2023-10-30 08:00:00,5.77
7410,241,2023-10-30 16:00:00,9.62
7411,241,2023-10-31 00:00:00,3.82
7412,241,2023-10-31 08:00:00,9.15
7413,241,2023-10-31 16:00:00,3.16
7414,241,2023-11-01 00:00:00,5.31
7415,241,2023-11-01 08:00:00,2.28
7416,241,2023-11-01 16:00:00,3.62
7417,241,2023-11-02 00:00:00,5.17
7418,241,2023-11-02 08:00:00,2.2
7419,241,2023-11-02 16:00:00,8.4
7420,241,2023-11-03 00:00:00,6.64
7421,241,2023-11-03 08:00:00,1.98
7422,241,2023-11-03 16:00:00,9.05
7423,241,2023-11-04 00:00:00,2.55
7424,241,2023-11-04 08:00:00,3.91
7425,241,2023-11-04 16:00:00,9.35
7426,241,2023-11-05 00:00:00,3.33
7427,241,2023-11-05 08:00:00,2.33
7428,241,2023-11-05 16:00:00,7.38
7429,241,2023-11-06 00:00:00,0.79
7430,241,2023-11-06 08:00:00,5.44
7431,241,2023-11-06 16:00:00,9.35
7432,241,2023-11-07 00:00:00,5.38
7433,241,2023-11-07 08:00:00,8.01
7434,241,2023-11-07 16:00:00,9.18
7435,241,2023-11-08 00:00:00,5.04
7436,241,2023-11-08 08:00:00,4.58
7437,241,2023-11-08 16:00:00,4.43
7438,241,2023-11-09 00:00:00,7.27
7439,241,2023-11-09 08:00:00,1.24
7440,241,2023-11-09 16:00:00,9.32
7441,241,2023-11-10 00:00:00,4.9
7442,241,2023-11-10 08:00:00,8.9
7443,241,2023-11-10 16:00:00,2.04
7444,241,2023-11-11 00:00:00,6.7
7445,241,2023-11-11 08:00:00,8.07
7446,241,2023-11-11 16:00:00,5.69
7447,241,2023-11-12 00:00:00,8.1
7448,241,2023-11-12 08:00:00,7.24
7449,241,2023-11-12 16:00:00,2.83
7450,241,2023-11-13 00:00:00,8.93
7451,241,2023-11-13 08:00:00,9.05
7452,241,2023-11-13 16:00:00,6.51
7453,241,2023-11-14 00:00:00,4.82
7454,241,2023-11-14 08:00:00,7.27
7455,241,2023-11-14 16:00:00,7.6
7456,241,2023-11-15 00:00:00,9.1
7457,241,2023-11-15 08:00:00,0.67
7458,241,2023-11-15 16:00:00,9.3
7459,241,2023-11-16 00:00:00,8.76
7460,241,2023-11-16 08:00:00,3.0
7461,241,2023-11-16 16:00:00,4.71
7462,241,2023-11-17 00:00:00,5.22
7463,241,2023-11-17 08:00:00,6.18
7464,241,2023-11-17 16:00:00,6.36
7465,241,2023-11-18 00:00:00,0.82
7466,241,2023-11-18 08:00:00,2.08
7467,241,2023-11-18 16:00:00,1.02
7468,241,2023-11-19 00:00:00,7.77
7469,241,2023-11-19 08:00:00,7.59
7470,241,2023-11-19 16:00:00,3.35
7471,241,2023-11-20 00:00:00,8.73
7472,241,2023-11-20 08:00:00,9.44
7473,241,2023-11-20 16:00:00,1.82
7474,241,2023-11-21 00:00:00,1.64
7475,241,2023-11-21 08:00:00,3.94
7476,241,2023-11-21 16:00:00,8.54
7477,241,2023-11-22 00:00:00,4.51
7478,241,2023-11-22 08:00:00,6.76
7479,241,2023-11-22 16:00:00,6.5
7480,241,2023-11-23 00:00:00,2.86
7481,241,2023-11-23 08:00:00,1.54
7482,241,2023-11-23 16:00:00,2.84
7483,241,2023-11-24 00:00:00,8.54
7484,241,2023-11-24 08:00:00,3.3
7485,241,2023-11-24 16:00:00,1.5
7486,241,2023-11-25 00:00:00,9.9
7487,241,2023-11-25 08:00:00,4.25
7488,241,2023-11-25 16:00:00,1.77
7489,241,2023-11-26 00:00:00,4.22
7490,241,2023-11-26 08:00:00,6.12
7491,241,2023-11-26 16:00:00,8.08
7492,241,2023-11-27 00:00:00,2.08
7493,241,2023-11-27 08:00:00,1.19
7494,241,2023-11-27 16:00:00,4.06
7495,241,2023-11-28 00:00:00,9.32
7496,241,2023-11-28 08:00:00,1.12
7497,241,2023-11-28 16:00:00,9.15
7498,241,2023-11-29 00:00:00,0.69
7499,241,2023-11-29 08:00:00,5.96
7500,241,2023-11-29 16:00:00,2.3
7501,241,2023-11-30 00:00:00,9.64
7502,241,2023-11-30 08:00:00,9.05
7503,241,2023-11-30 16:00:00,0.71
7504,242,2023-10-01 00:00:00,1.3
7505,242,2023-10-01 08:00:00,8.85
7506,242,2023-10-01 16:00:00,7.11
7507,242,2023-10-02 00:00:00,5.85
7508,242,2023-10-02 08:00:00,6.21
7509,242,2023-10-02 16:00:00,9.32
7510,242,2023-10-03 00:00:00,8.52
7511,242,2023-10-03 08:00:00,1.0
7512,242,2023-10-03 16:00:00,4.45
7513,242,2023-10-04 00:00:00,1.72
7514,242,2023-10-04 08:00:00,1.46
7515,242,2023-10-04 16:00:00,9.62
7516,242,2023-10-05 00:00:00,5.93
7517,242,2023-10-05 08:00:00,6.07
7518,242,2023-10-05 16:00:00,5.75
7519,242,2023-10-06 00:00:00,5.65
7520,242,2023-10-06 08:00:00,4.65
7521,242,2023-10-06 16:00:00,6.57
7522,242,2023-10-07 00:00:00,0.73
7523,242,2023-10-07 08:00:00,1.17
7524,242,2023-10-07 16:00:00,4.83
7525,242,2023-10-08 00:00:00,9.16
7526,242,2023-10-08 08:00:00,1.79
7527,242,2023-10-08 16:00:00,1.37
7528,242,2023-10-09 00:00:00,0.78
7529,242,2023-10-09 08:00:00,9.82
7530,242,2023-10-09 16:00:00,1.81
7531,242,2023-10-10 00:00:00,9.07
7532,242,2023-10-10 08:00:00,8.36
7533,242,2023-10-10 16:00:00,4.09
7534,242,2023-10-11 00:00:00,9.62
7535,242,2023-10-11 08:00:00,1.07
7536,242,2023-10-11 16:00:00,3.93
7537,242,2023-10-12 00:00:00,0.9
7538,242,2023-10-12 08:00:00,4.0
7539,242,2023-10-12 16:00:00,7.37
7540,242,2023-10-13 00:00:00,6.28
7541,242,2023-10-13 08:00:00,2.88
7542,242,2023-10-13 16:00:00,7.73
7543,242,2023-10-14 00:00:00,9.78
7544,242,2023-10-14 08:00:00,3.37
7545,242,2023-10-14 16:00:00,4.17
7546,242,2023-10-15 00:00:00,3.23
7547,242,2023-10-15 08:00:00,3.01
7548,242,2023-10-15 16:00:00,3.91
7549,242,2023-10-16 00:00:00,9.94
7550,242,2023-10-16 08:00:00,2.8
7551,242,2023-10-16 16:00:00,3.46
7552,242,2023-10-17 00:00:00,3.33
7553,242,2023-10-17 08:00:00,7.84
7554,242,2023-10-17 16:00:00,9.46
7555,242,2023-10-18 00:00:00,0.64
7556,242,2023-10-18 08:00:00,8.16
7557,242,2023-10-18 16:00:00,7.75
7558,242,2023-10-19 00:00:00,9.74
7559,242,2023-10-19 08:00:00,2.75
7560,242,2023-10-19 16:00:00,9.93
7561,242,2023-10-20 00:00:00,2.66
7562,242,2023-10-20 08:00:00,5.39
7563,242,2023-10-20 16:00:00,1.49
7564,242,2023-10-21 00:00:00,6.78
7565,242,2023-10-21 08:00:00,3.57
7566,242,2023-10-21 16:00:00,1.9
7567,242,2023-10-22 00:00:00,1.12
7568,242,2023-10-22 08:00:00,4.15
7569,242,2023-10-22 16:00:00,7.77
7570,242,2023-10-23 00:00:00,3.2
7571,242,2023-10-23 08:00:00,4.85
7572,242,2023-10-23 16:00:00,3.25
7573,242,2023-10-24 00:00:00,4.67
7574,242,2023-10-24 08:00:00,7.9
7575,242,2023-10-24 16:00:00,0.5
7576,242,2023-10-25 00:00:00,8.41
7577,242,2023-10-25 08:00:00,8.96
7578,242,2023-10-25 16:00:00,9.35
7579,242,2023-10-26 00:00:00,2.89
7580,242,2023-10-26 08:00:00,3.56
7581,242,2023-10-26 16:00:00,0.58
7582,242,2023-10-27 00:00:00,7.21
7583,242,2023-10-27 08:00:00,5.41
7584,242,2023-10-27 16:00:00,7.19
7585,242,2023-10-28 00:00:00,3.76
7586,242,2023-10-28 08:00:00,9.67
7587,242,2023-10-28 16:00:00,2.13
7588,242,2023-10-29 00:00:00,2.7
7589,242,2023-10-29 08:00:00,3.84
7590,242,2023-10-29 16:00:00,7.39
7591,242,2023-10-30 00:00:00,1.65
7592,242,2023-10-30 08:00:00,7.37
7593,242,2023-10-30 16:00:00,4.16
7594,242,2023-10-31 00:00:00,5.28
7595,242,2023-10-31 08:00:00,2.15
7596,242,2023-10-31 16:00:00,7.55
7597,242,2023-11-01 00:00:00,6.29
7598,242,2023-11-01 08:00:00,0.95
7599,242,2023-11-01 16:00:00,5.54
7600,242,2023-11-02 00:00:00,1.91
7601,242,2023-11-02 08:00:00,3.46
7602,242,2023-11-02 16:00:00,7.41
7603,242,2023-11-03 00:00:00,4.98
7604,242,2023-11-03 08:00:00,2.29
7605,242,2023-11-03 16:00:00,7.55
7606,242,2023-11-04 00:00:00,7.36
7607,242,2023-11-04 08:00:00,9.95
7608,242,2023-11-04 16:00:00,3.47
7609,242,2023-11-05 00:00:00,1.91
7610,242,2023-11-05 08:00:00,7.38
7611,242,2023-11-05 16:00:00,2.93
7612,242,2023-11-06 00:00:00,9.72
7613,242,2023-11-06 08:00:00,9.86
7614,242,2023-11-06 16:00:00,3.92
7615,242,2023-11-07 00:00:00,7.89
7616,242,2023-11-07 08:00:00,4.32
7617,242,2023-11-07 16:00:00,2.37
7618,242,2023-11-08 00:00:00,2.36
7619,242,2023-11-08 08:00:00,6.81
7620,242,2023-11-08 16:00:00,8.97
7621,242,2023-11-09 00:00:00,6.14
7622,242,2023-11-09 08:00:00,3.48
7623,242,2023-11-09 16:00:00,8.38
7624,242,2023-11-10 00:00:00,8.45
7625,242,2023-11-10 08:00:00,1.77
7626,242,2023-11-10 16:00:00,5.82
7627,242,2023-11-11 00:00:00,5.46
7628,242,2023-11-11 08:00:00,2.91
7629,242,2023-11-11 16:00:00,7.7
7630,242,2023-11-12 00:00:00,1.29
7631,242,2023-11-12 08:00:00,6.55
7632,242,2023-11-12 16:00:00,5.84
7633,242,2023-11-13 00:00:00,2.42
7634,242,2023-11-13 08:00:00,9.07
7635,242,2023-11-13 16:00:00,6.75
7636,242,2023-11-14 00:00:00,9.63
7637,242,2023-11-14 08:00:00,9.49
7638,242,2023-11-14 16:00:00,3.83
7639,242,2023-11-15 00:00:00,9.71
7640,242,2023-11-15 08:00:00,5.5
7641,242,2023-11-15 16:00:00,9.72
7642,242,2023-11-16 00:00:00,3.0
7643,242,2023-11-16 08:00:00,1.72
7644,242,2023-11-16 16:00:00,3.13
7645,242,2023-11-17 00:00:00,6.75
7646,242,2023-11-17 08:00:00,9.35
7647,242,2023-11-17 16:00:00,3.62
7648,242,2023-11-18 00:00:00,6.43
7649,242,2023-11-18 08:00:00,4.08
7650,242,2023-11-18 16:00:00,5.29
7651,242,2023-11-19 00:00:00,2.55
7652,242,2023-11-19 08:00:00,5.07
7653,242,2023-11-19 16:00:00,3.89
7654,242,2023-11-20 00:00:00,5.04
7655,242,2023-11-20 08:00:00,5.52
7656,242,2023-11-20 16:00:00,6.94
7657,242,2023-11-21 00:00:00,5.3
7658,242,2023-11-21 08:00:00,7.54
7659,242,2023-11-21 16:00:00,9.36
7660,242,2023-11-22 00:00:00,5.76
7661,242,2023-11-22 08:00:00,4.47
7662,242,2023-11-22 16:00:00,8.73
7663,242,2023-11-23 00:00:00,9.48
7664,242,2023-11-23 08:00:00,3.54
7665,242,2023-11-23 16:00:00,6.4
7666,242,2023-11-24 00:00:00,0.52
7667,242,2023-11-24 08:00:00,8.23
7668,242,2023-11-24 16:00:00,9.26
7669,242,2023-11-25 00:00:00,1.93
7670,242,2023-11-25 08:00:00,5.96
7671,242,2023-11-25 16:00:00,9.01
7672,242,2023-11-26 00:00:00,1.83
7673,242,2023-11-26 08:00:00,0.7
7674,242,2023-11-26 16:00:00,7.37
7675,242,2023-11-27 00:00:00,3.94
7676,242,2023-11-27 08:00:00,8.77
7677,242,2023-11-27 16:00:00,4.65
7678,242,2023-11-28 00:00:00,7.31
7679,242,2023-11-28 08:00:00,3.71
7680,242,2023-11-28 16:00:00,5.74
7681,242,2023-11-29 00:00:00,1.79
7682,242,2023-11-29 08:00:00,9.91
7683,242,2023-11-29 16:00:00,6.2
7684,242,2023-11-30 00:00:00,2.63
7685,242,2023-11-30 08:00:00,4.38
7686,242,2023-11-30 16:00:00,3.36
7687,243,2023-10-01 00:00:00,4.6
7688,243,2023-10-01 08:00:00,7.97
7689,243,2023-10-01 16:00:00,1.14
7690,243,2023-10-02 00:00:00,1.97
7691,243,2023-10-02 08:00:00,6.75
7692,243,2023-10-02 16:00:00,0.98
7693,243,2023-10-03 00:00:00,7.53
7694,243,2023-10-03 08:00:00,4.06
7695,243,2023-10-03 16:00:00,7.22
7696,243,2023-10-04 00:00:00,1.88
7697,243,2023-10-04 08:00:00,9.2
7698,243,2023-10-04 16:00:00,2.43
7699,243,2023-10-05 00:00:00,2.33
7700,243,2023-10-05 08:00:00,7.6
7701,243,2023-10-05 16:00:00,5.52
7702,243,2023-10-06 00:00:00,2.17
7703,243,2023-10-06 08:00:00,8.94
7704,243,2023-10-06 16:00:00,2.39
7705,243,2023-10-07 00:00:00,0.59
7706,243,2023-10-07 08:00:00,5.64
7707,243,2023-10-07 16:00:00,9.23
7708,243,2023-10-08 00:00:00,6.46
7709,243,2023-10-08 08:00:00,9.85
7710,243,2023-10-08 16:00:00,5.9
7711,243,2023-10-09 00:00:00,8.34
7712,243,2023-10-09 08:00:00,2.49
7713,243,2023-10-09 16:00:00,9.41
7714,243,2023-10-10 00:00:00,1.94
7715,243,2023-10-10 08:00:00,7.69
7716,243,2023-10-10 16:00:00,8.67
7717,243,2023-10-11 00:00:00,0.96
7718,243,2023-10-11 08:00:00,8.32
7719,243,2023-10-11 16:00:00,6.28
7720,243,2023-10-12 00:00:00,6.0
7721,243,2023-10-12 08:00:00,3.84
7722,243,2023-10-12 16:00:00,0.93
7723,243,2023-10-13 00:00:00,3.98
7724,243,2023-10-13 08:00:00,1.36
7725,243,2023-10-13 16:00:00,3.43
7726,243,2023-10-14 00:00:00,4.49
7727,243,2023-10-14 08:00:00,9.94
7728,243,2023-10-14 16:00:00,5.62
7729,243,2023-10-15 00:00:00,0.55
7730,243,2023-10-15 08:00:00,9.45
7731,243,2023-10-15 16:00:00,1.31
7732,243,2023-10-16 00:00:00,0.73
7733,243,2023-10-16 08:00:00,7.15
7734,243,2023-10-16 16:00:00,0.68
7735,243,2023-10-17 00:00:00,1.4
7736,243,2023-10-17 08:00:00,4.4
7737,243,2023-10-17 16:00:00,3.16
7738,243,2023-10-18 00:00:00,1.97
7739,243,2023-10-18 08:00:00,9.9
7740,243,2023-10-18 16:00:00,7.24
7741,243,2023-10-19 00:00:00,4.22
7742,243,2023-10-19 08:00:00,3.62
7743,243,2023-10-19 16:00:00,1.27
7744,243,2023-10-20 00:00:00,1.27
7745,243,2023-10-20 08:00:00,0.72
7746,243,2023-10-20 16:00:00,8.23
7747,243,2023-10-21 00:00:00,7.45
7748,243,2023-10-21 08:00:00,9.71
7749,243,2023-10-21 16:00:00,1.3
7750,243,2023-10-22 00:00:00,4.65
7751,243,2023-10-22 08:00:00,1.61
7752,243,2023-10-22 16:00:00,5.88
7753,243,2023-10-23 00:00:00,7.2
7754,243,2023-10-23 08:00:00,2.76
7755,243,2023-10-23 16:00:00,8.77
7756,243,2023-10-24 00:00:00,2.39
7757,243,2023-10-24 08:00:00,9.33
7758,243,2023-10-24 16:00:00,7.75
7759,243,2023-10-25 00:00:00,9.85
7760,243,2023-10-25 08:00:00,1.83
7761,243,2023-10-25 16:00:00,8.97
7762,243,2023-10-26 00:00:00,5.5
7763,243,2023-10-26 08:00:00,0.8
7764,243,2023-10-26 16:00:00,0.8
7765,243,2023-10-27 00:00:00,7.01
7766,243,2023-10-27 08:00:00,9.95
7767,243,2023-10-27 16:00:00,2.69
7768,243,2023-10-28 00:00:00,4.18
7769,243,2023-10-28 08:00:00,4.95
7770,243,2023-10-28 16:00:00,8.9
7771,243,2023-10-29 00:00:00,4.38
7772,243,2023-10-29 08:00:00,9.73
7773,243,2023-10-29 16:00:00,3.71
7774,243,2023-10-30 00:00:00,8.63
7775,243,2023-10-30 08:00:00,1.12
7776,243,2023-10-30 16:00:00,3.09
7777,243,2023-10-31 00:00:00,1.88
7778,243,2023-10-31 08:00:00,5.38
7779,243,2023-10-31 16:00:00,5.61
7780,243,2023-11-01 00:00:00,3.14
7781,243,2023-11-01 08:00:00,6.73
7782,243,2023-11-01 16:00:00,4.99
7783,243,2023-11-02 00:00:00,7.27
7784,243,2023-11-02 08:00:00,9.87
7785,243,2023-11-02 16:00:00,6.75
7786,243,2023-11-03 00:00:00,9.66
7787,243,2023-11-03 08:00:00,8.88
7788,243,2023-11-03 16:00:00,2.48
7789,243,2023-11-04 00:00:00,4.67
7790,243,2023-11-04 08:00:00,5.99
7791,243,2023-11-04 16:00:00,6.27
7792,243,2023-11-05 00:00:00,5.56
7793,243,2023-11-05 08:00:00,5.0
7794,243,2023-11-05 16:00:00,6.99
7795,243,2023-11-06 00:00:00,8.91
7796,243,2023-11-06 08:00:00,6.43
7797,243,2023-11-06 16:00:00,1.53
7798,243,2023-11-07 00:00:00,2.67
7799,243,2023-11-07 08:00:00,2.43
7800,243,2023-11-07 16:00:00,7.9
7801,243,2023-11-08 00:00:00,8.76
7802,243,2023-11-08 08:00:00,2.13
7803,243,2023-11-08 16:00:00,7.72
7804,243,2023-11-09 00:00:00,9.85
7805,243,2023-11-09 08:00:00,7.56
7806,243,2023-11-09 16:00:00,9.05
7807,243,2023-11-10 00:00:00,5.77
7808,243,2023-11-10 08:00:00,7.56
7809,243,2023-11-10 16:00:00,6.2
7810,243,2023-11-11 00:00:00,9.56
7811,243,2023-11-11 08:00:00,2.88
7812,243,2023-11-11 16:00:00,9.35
7813,243,2023-11-12 00:00:00,2.34
7814,243,2023-11-12 08:00:00,8.89
7815,243,2023-11-12 16:00:00,2.1
7816,243,2023-11-13 00:00:00,1.9
7817,243,2023-11-13 08:00:00,0.67
7818,243,2023-11-13 16:00:00,5.78
7819,243,2023-11-14 00:00:00,8.55
7820,243,2023-11-14 08:00:00,1.43
7821,243,2023-11-14 16:00:00,4.74
7822,243,2023-11-15 00:00:00,0.76
7823,243,2023-11-15 08:00:00,1.35
7824,243,2023-11-15 16:00:00,1.7
7825,243,2023-11-16 00:00:00,2.28
7826,243,2023-11-16 08:00:00,1.39
7827,243,2023-11-16 16:00:00,9.44
7828,243,2023-11-17 00:00:00,5.53
7829,243,2023-11-17 08:00:00,1.95
7830,243,2023-11-17 16:00:00,3.93
7831,243,2023-11-18 00:00:00,4.19
7832,243,2023-11-18 08:00:00,5.66
7833,243,2023-11-18 16:00:00,5.95
7834,243,2023-11-19 00:00:00,5.96
7835,243,2023-11-19 08:00:00,7.5
7836,243,2023-11-19 16:00:00,8.58
7837,243,2023-11-20 00:00:00,5.46
7838,243,2023-11-20 08:00:00,2.42
7839,243,2023-11-20 16:00:00,5.82
7840,243,2023-11-21 00:00:00,8.92
7841,243,2023-11-21 08:00:00,4.06
7842,243,2023-11-21 16:00:00,9.7
7843,243,2023-11-22 00:00:00,2.71
7844,243,2023-11-22 08:00:00,1.51
7845,243,2023-11-22 16:00:00,7.17
7846,243,2023-11-23 00:00:00,7.47
7847,243,2023-11-23 08:00:00,9.29
7848,243,2023-11-23 16:00:00,6.44
7849,243,2023-11-24 00:00:00,0.67
7850,243,2023-11-24 08:00:00,5.83
7851,243,2023-11-24 16:00:00,5.39
7852,243,2023-11-25 00:00:00,7.14
7853,243,2023-11-25 08:00:00,1.44
7854,243,2023-11-25 16:00:00,8.8
7855,243,2023-11-26 00:00:00,2.39
7856,243,2023-11-26 08:00:00,5.79
7857,243,2023-11-26 16:00:00,6.65
7858,243,2023-11-27 00:00:00,5.17
7859,243,2023-11-27 08:00:00,3.51
7860,243,2023-11-27 16:00:00,9.96
7861,243,2023-11-28 00:00:00,8.6
7862,243,2023-11-28 08:00:00,3.3
7863,243,2023-11-28 16:00:00,5.28
7864,243,2023-11-29 00:00:00,3.77
7865,243,2023-11-29 08:00:00,8.83
7866,243,2023-11-29 16:00:00,6.01
7867,243,2023-11-30 00:00:00,1.4
7868,243,2023-11-30 08:00:00,8.2
7869,243,2023-11-30 16:00:00,5.32
7870,244,2023-10-01 00:00:00,9.88
7871,244,2023-10-01 08:00:00,3.68
7872,244,2023-10-01 16:00:00,9.17
7873,244,2023-10-02 00:00:00,9.14
7874,244,2023-10-02 08:00:00,5.37
7875,244,2023-10-02 16:00:00,4.21
7876,244,2023-10-03 00:00:00,8.9
7877,244,2023-10-03 08:00:00,0.7
7878,244,2023-10-03 16:00:00,1.09
7879,244,2023-10-04 00:00:00,4.53
7880,244,2023-10-04 08:00:00,9.85
7881,244,2023-10-04 16:00:00,0.96
7882,244,2023-10-05 00:00:00,7.74
7883,244,2023-10-05 08:00:00,7.24
7884,244,2023-10-05 16:00:00,9.98
7885,244,2023-10-06 00:00:00,9.36
7886,244,2023-10-06 08:00:00,3.21
7887,244,2023-10-06 16:00:00,3.57
7888,244,2023-10-07 00:00:00,7.25
7889,244,2023-10-07 08:00:00,3.29
7890,244,2023-10-07 16:00:00,7.14
7891,244,2023-10-08 00:00:00,6.18
7892,244,2023-10-08 08:00:00,5.17
7893,244,2023-10-08 16:00:00,4.51
7894,244,2023-10-09 00:00:00,9.62
7895,244,2023-10-09 08:00:00,6.97
7896,244,2023-10-09 16:00:00,4.67
7897,244,2023-10-10 00:00:00,6.4
7898,244,2023-10-10 08:00:00,2.45
7899,244,2023-10-10 16:00:00,6.62
7900,244,2023-10-11 00:00:00,7.97
7901,244,2023-10-11 08:00:00,9.88
7902,244,2023-10-11 16:00:00,4.41
7903,244,2023-10-12 00:00:00,4.89
7904,244,2023-10-12 08:00:00,2.93
7905,244,2023-10-12 16:00:00,8.68
7906,244,2023-10-13 00:00:00,4.71
7907,244,2023-10-13 08:00:00,0.86
7908,244,2023-10-13 16:00:00,1.15
7909,244,2023-10-14 00:00:00,7.63
7910,244,2023-10-14 08:00:00,0.51
7911,244,2023-10-14 16:00:00,5.57
7912,244,2023-10-15 00:00:00,1.68
7913,244,2023-10-15 08:00:00,8.48
7914,244,2023-10-15 16:00:00,4.92
7915,244,2023-10-16 00:00:00,1.34
7916,244,2023-10-16 08:00:00,9.69
7917,244,2023-10-16 16:00:00,4.35
7918,244,2023-10-17 00:00:00,7.2
7919,244,2023-10-17 08:00:00,3.59
7920,244,2023-10-17 16:00:00,3.88
7921,244,2023-10-18 00:00:00,2.68
7922,244,2023-10-18 08:00:00,8.19
7923,244,2023-10-18 16:00:00,4.73
7924,244,2023-10-19 00:00:00,9.0
7925,244,2023-10-19 08:00:00,8.9
7926,244,2023-10-19 16:00:00,6.67
7927,244,2023-10-20 00:00:00,4.54
7928,244,2023-10-20 08:00:00,5.74
7929,244,2023-10-20 16:00:00,7.2
7930,244,2023-10-21 00:00:00,5.15
7931,244,2023-10-21 08:00:00,9.02
7932,244,2023-10-21 16:00:00,2.8
7933,244,2023-10-22 00:00:00,2.19
7934,244,2023-10-22 08:00:00,6.28
7935,244,2023-10-22 16:00:00,1.0
7936,244,2023-10-23 00:00:00,4.97
7937,244,2023-10-23 08:00:00,8.59
7938,244,2023-10-23 16:00:00,3.7
7939,244,2023-10-24 00:00:00,4.79
7940,244,2023-10-24 08:00:00,3.16
7941,244,2023-10-24 16:00:00,6.55
7942,244,2023-10-25 00:00:00,4.33
7943,244,2023-10-25 08:00:00,6.1
7944,244,2023-10-25 16:00:00,7.28
7945,244,2023-10-26 00:00:00,4.91
7946,244,2023-10-26 08:00:00,4.06
7947,244,2023-10-26 16:00:00,1.1
7948,244,2023-10-27 00:00:00,5.49
7949,244,2023-10-27 08:00:00,4.59
7950,244,2023-10-27 16:00:00,6.26
7951,244,2023-10-28 00:00:00,5.61
7952,244,2023-10-28 08:00:00,2.07
7953,244,2023-10-28 16:00:00,9.67
7954,244,2023-10-29 00:00:00,2.53
7955,244,2023-10-29 08:00:00,8.61
7956,244,2023-10-29 16:00:00,7.67
7957,244,2023-10-30 00:00:00,3.97
7958,244,2023-10-30 08:00:00,1.81
7959,244,2023-10-30 16:00:00,8.67
7960,244,2023-10-31 00:00:00,7.66
7961,244,2023-10-31 08:00:00,6.93
7962,244,2023-10-31 16:00:00,8.6
7963,244,2023-11-01 00:00:00,5.82
7964,244,2023-11-01 08:00:00,6.03
7965,244,2023-11-01 16:00:00,1.36
7966,244,2023-11-02 00:00:00,9.73
7967,244,2023-11-02 08:00:00,0.52
7968,244,2023-11-02 16:00:00,9.68
7969,244,2023-11-03 00:00:00,0.61
7970,244,2023-11-03 08:00:00,7.63
7971,244,2023-11-03 16:00:00,8.44
7972,244,2023-11-04 00:00:00,3.6
7973,244,2023-11-04 08:00:00,2.55
7974,244,2023-11-04 16:00:00,0.95
7975,244,2023-11-05 00:00:00,7.53
7976,244,2023-11-05 08:00:00,6.66
7977,244,2023-11-05 16:00:00,5.56
7978,244,2023-11-06 00:00:00,9.79
7979,244,2023-11-06 08:00:00,2.5
7980,244,2023-11-06 16:00:00,2.2
7981,244,2023-11-07 00:00:00,8.97
7982,244,2023-11-07 08:00:00,6.91
7983,244,2023-11-07 16:00:00,7.98
7984,244,2023-11-08 00:00:00,6.3
7985,244,2023-11-08 08:00:00,3.57
7986,244,2023-11-08 16:00:00,5.14
7987,244,2023-11-09 00:00:00,5.19
7988,244,2023-11-09 08:00:00,9.67
7989,244,2023-11-09 16:00:00,8.17
7990,244,2023-11-10 00:00:00,1.23
7991,244,2023-11-10 08:00:00,5.36
7992,244,2023-11-10 16:00:00,5.49
7993,244,2023-11-11 00:00:00,1.08
7994,244,2023-11-11 08:00:00,6.75
7995,244,2023-11-11 16:00:00,3.32
7996,244,2023-11-12 00:00:00,5.75
7997,244,2023-11-12 08:00:00,7.24
7998,244,2023-11-12 16:00:00,5.45
7999,244,2023-11-13 00:00:00,6.44
8000,244,2023-11-13 08:00:00,3.98
8001,244,2023-11-13 16:00:00,1.06
8002,244,2023-11-14 00:00:00,7.28
8003,244,2023-11-14 08:00:00,1.69
8004,244,2023-11-14 16:00:00,1.79
8005,244,2023-11-15 00:00:00,3.45
8006,244,2023-11-15 08:00:00,3.02
8007,244,2023-11-15 16:00:00,0.82
8008,244,2023-11-16 00:00:00,7.33
8009,244,2023-11-16 08:00:00,8.44
8010,244,2023-11-16 16:00:00,8.51
8011,244,2023-11-17 00:00:00,4.78
8012,244,2023-11-17 08:00:00,7.49
8013,244,2023-11-17 16:00:00,7.46
8014,244,2023-11-18 00:00:00,3.33
8015,244,2023-11-18 08:00:00,9.23
8016,244,2023-11-18 16:00:00,7.41
8017,244,2023-11-19 00:00:00,6.19
8018,244,2023-11-19 08:00:00,4.69
8019,244,2023-11-19 16:00:00,5.86
8020,244,2023-11-20 00:00:00,8.4
8021,244,2023-11-20 08:00:00,4.5
8022,244,2023-11-20 16:00:00,7.69
8023,244,2023-11-21 00:00:00,2.37
8024,244,2023-11-21 08:00:00,7.12
8025,244,2023-11-21 16:00:00,7.88
8026,244,2023-11-22 00:00:00,5.81
8027,244,2023-11-22 08:00:00,0.7
8028,244,2023-11-22 16:00:00,6.47
8029,244,2023-11-23 00:00:00,8.2
8030,244,2023-11-23 08:00:00,3.98
8031,244,2023-11-23 16:00:00,9.15
8032,244,2023-11-24 00:00:00,1.62
8033,244,2023-11-24 08:00:00,8.0
8034,244,2023-11-24 16:00:00,9.6
8035,244,2023-11-25 00:00:00,9.66
8036,244,2023-11-25 08:00:00,5.38
8037,244,2023-11-25 16:00:00,9.65
8038,244,2023-11-26 00:00:00,2.34
8039,244,2023-11-26 08:00:00,8.44
8040,244,2023-11-26 16:00:00,2.83
8041,244,2023-11-27 00:00:00,5.97
8042,244,2023-11-27 08:00:00,2.87
8043,244,2023-11-27 16:00:00,2.91
8044,244,2023-11-28 00:00:00,3.26
8045,244,2023-11-28 08:00:00,5.06
8046,244,2023-11-28 16:00:00,3.91
8047,244,2023-11-29 00:00:00,7.44
8048,244,2023-11-29 08:00:00,2.28
8049,244,2023-11-29 16:00:00,8.54
8050,244,2023-11-30 00:00:00,3.76
8051,244,2023-11-30 08:00:00,9.68
8052,244,2023-11-30 16:00:00,3.12
8053,245,2023-10-01 00:00:00,3.22
8054,245,2023-10-01 08:00:00,7.5
8055,245,2023-10-01 16:00:00,6.36
8056,245,2023-10-02 00:00:00,5.29
8057,245,2023-10-02 08:00:00,5.34
8058,245,2023-10-02 16:00:00,7.58
8059,245,2023-10-03 00:00:00,9.83
8060,245,2023-10-03 08:00:00,2.06
8061,245,2023-10-03 16:00:00,9.87
8062,245,2023-10-04 00:00:00,5.63
8063,245,2023-10-04 08:00:00,1.35
8064,245,2023-10-04 16:00:00,3.85
8065,245,2023-10-05 00:00:00,5.38
8066,245,2023-10-05 08:00:00,4.9
8067,245,2023-10-05 16:00:00,0.67
8068,245,2023-10-06 00:00:00,6.12
8069,245,2023-10-06 08:00:00,5.52
8070,245,2023-10-06 16:00:00,2.62
8071,245,2023-10-07 00:00:00,7.85
8072,245,2023-10-07 08:00:00,0.92
8073,245,2023-10-07 16:00:00,8.45
8074,245,2023-10-08 00:00:00,6.37
8075,245,2023-10-08 08:00:00,7.06
8076,245,2023-10-08 16:00:00,7.15
8077,245,2023-10-09 00:00:00,6.67
8078,245,2023-10-09 08:00:00,4.05
8079,245,2023-10-09 16:00:00,8.53
8080,245,2023-10-10 00:00:00,6.07
8081,245,2023-10-10 08:00:00,7.0
8082,245,2023-10-10 16:00:00,7.61
8083,245,2023-10-11 00:00:00,1.87
8084,245,2023-10-11 08:00:00,1.82
8085,245,2023-10-11 16:00:00,7.74
8086,245,2023-10-12 00:00:00,7.94
8087,245,2023-10-12 08:00:00,7.68
8088,245,2023-10-12 16:00:00,3.78
8089,245,2023-10-13 00:00:00,6.11
8090,245,2023-10-13 08:00:00,9.29
8091,245,2023-10-13 16:00:00,7.06
8092,245,2023-10-14 00:00:00,5.41
8093,245,2023-10-14 08:00:00,9.17
8094,245,2023-10-14 16:00:00,9.15
8095,245,2023-10-15 00:00:00,6.98
8096,245,2023-10-15 08:00:00,8.76
8097,245,2023-10-15 16:00:00,7.98
8098,245,2023-10-16 00:00:00,3.97
8099,245,2023-10-16 08:00:00,6.52
8100,245,2023-10-16 16:00:00,0.51
8101,245,2023-10-17 00:00:00,5.5
8102,245,2023-10-17 08:00:00,0.56
8103,245,2023-10-17 16:00:00,8.1
8104,245,2023-10-18 00:00:00,8.8
8105,245,2023-10-18 08:00:00,2.99
8106,245,2023-10-18 16:00:00,0.98
8107,245,2023-10-19 00:00:00,5.87
8108,245,2023-10-19 08:00:00,4.91
8109,245,2023-10-19 16:00:00,4.72
8110,245,2023-10-20 00:00:00,1.58
8111,245,2023-10-20 08:00:00,9.76
8112,245,2023-10-20 16:00:00,0.51
8113,245,2023-10-21 00:00:00,1.22
8114,245,2023-10-21 08:00:00,2.79
8115,245,2023-10-21 16:00:00,0.74
8116,245,2023-10-22 00:00:00,4.93
8117,245,2023-10-22 08:00:00,1.96
8118,245,2023-10-22 16:00:00,5.25
8119,245,2023-10-23 00:00:00,7.75
8120,245,2023-10-23 08:00:00,2.38
8121,245,2023-10-23 16:00:00,6.11
8122,245,2023-10-24 00:00:00,6.37
8123,245,2023-10-24 08:00:00,3.92
8124,245,2023-10-24 16:00:00,7.88
8125,245,2023-10-25 00:00:00,7.14
8126,245,2023-10-25 08:00:00,0.86
8127,245,2023-10-25 16:00:00,8.04
8128,245,2023-10-26 00:00:00,6.43
8129,245,2023-10-26 08:00:00,6.87
8130,245,2023-10-26 16:00:00,4.92
8131,245,2023-10-27 00:00:00,7.62
8132,245,2023-10-27 08:00:00,0.75
8133,245,2023-10-27 16:00:00,0.86
8134,245,2023-10-28 00:00:00,2.0
8135,245,2023-10-28 08:00:00,4.44
8136,245,2023-10-28 16:00:00,4.32
8137,245,2023-10-29 00:00:00,5.26
8138,245,2023-10-29 08:00:00,2.92
8139,245,2023-10-29 16:00:00,9.12
8140,245,2023-10-30 00:00:00,4.04
8141,245,2023-10-30 08:00:00,5.89
8142,245,2023-10-30 16:00:00,2.8
8143,245,2023-10-31 00:00:00,9.54
8144,245,2023-10-31 08:00:00,3.18
8145,245,2023-10-31 16:00:00,5.88
8146,245,2023-11-01 00:00:00,9.91
8147,245,2023-11-01 08:00:00,0.59
8148,245,2023-11-01 16:00:00,9.34
8149,245,2023-11-02 00:00:00,9.18
8150,245,2023-11-02 08:00:00,9.69
8151,245,2023-11-02 16:00:00,2.39
8152,245,2023-11-03 00:00:00,5.23
8153,245,2023-11-03 08:00:00,4.79
8154,245,2023-11-03 16:00:00,8.69
8155,245,2023-11-04 00:00:00,4.34
8156,245,2023-11-04 08:00:00,1.0
8157,245,2023-11-04 16:00:00,2.98
8158,245,2023-11-05 00:00:00,8.78
8159,245,2023-11-05 08:00:00,5.76
8160,245,2023-11-05 16:00:00,8.17
8161,245,2023-11-06 00:00:00,5.0
8162,245,2023-11-06 08:00:00,2.94
8163,245,2023-11-06 16:00:00,0.93
8164,245,2023-11-07 00:00:00,2.19
8165,245,2023-11-07 08:00:00,8.35
8166,245,2023-11-07 16:00:00,9.25
8167,245,2023-11-08 00:00:00,1.9
8168,245,2023-11-08 08:00:00,6.77
8169,245,2023-11-08 16:00:00,0.58
8170,245,2023-11-09 00:00:00,5.97
8171,245,2023-11-09 08:00:00,7.03
8172,245,2023-11-09 16:00:00,5.43
8173,245,2023-11-10 00:00:00,6.68
8174,245,2023-11-10 08:00:00,1.63
8175,245,2023-11-10 16:00:00,6.31
8176,245,2023-11-11 00:00:00,3.51
8177,245,2023-11-11 08:00:00,4.03
8178,245,2023-11-11 16:00:00,10.0
8179,245,2023-11-12 00:00:00,7.07
8180,245,2023-11-12 08:00:00,3.55
8181,245,2023-11-12 16:00:00,6.35
8182,245,2023-11-13 00:00:00,3.13
8183,245,2023-11-13 08:00:00,4.36
8184,245,2023-11-13 16:00:00,1.09
8185,245,2023-11-14 00:00:00,2.78
8186,245,2023-11-14 08:00:00,3.03
8187,245,2023-11-14 16:00:00,9.03
8188,245,2023-11-15 00:00:00,8.09
8189,245,2023-11-15 08:00:00,3.7
8190,245,2023-11-15 16:00:00,3.7
8191,245,2023-11-16 00:00:00,4.69
8192,245,2023-11-16 08:00:00,4.03
8193,245,2023-11-16 16:00:00,6.3
8194,245,2023-11-17 00:00:00,5.36
8195,245,2023-11-17 08:00:00,3.48
8196,245,2023-11-17 16:00:00,4.48
8197,245,2023-11-18 00:00:00,2.4
8198,245,2023-11-18 08:00:00,5.13
8199,245,2023-11-18 16:00:00,2.87
8200,245,2023-11-19 00:00:00,5.76
8201,245,2023-11-19 08:00:00,3.58
8202,245,2023-11-19 16:00:00,1.96
8203,245,2023-11-20 00:00:00,6.4
8204,245,2023-11-20 08:00:00,5.57
8205,245,2023-11-20 16:00:00,5.1
8206,245,2023-11-21 00:00:00,8.85
8207,245,2023-11-21 08:00:00,1.27
8208,245,2023-11-21 16:00:00,5.72
8209,245,2023-11-22 00:00:00,6.67
8210,245,2023-11-22 08:00:00,3.44
8211,245,2023-11-22 16:00:00,2.3
8212,245,2023-11-23 00:00:00,6.75
8213,245,2023-11-23 08:00:00,6.57
8214,245,2023-11-23 16:00:00,9.32
8215,245,2023-11-24 00:00:00,7.69
8216,245,2023-11-24 08:00:00,5.63
8217,245,2023-11-24 16:00:00,5.76
8218,245,2023-11-25 00:00:00,5.04
8219,245,2023-11-25 08:00:00,6.76
8220,245,2023-11-25 16:00:00,6.41
8221,245,2023-11-26 00:00:00,4.76
8222,245,2023-11-26 08:00:00,6.72
8223,245,2023-11-26 16:00:00,1.29
8224,245,2023-11-27 00:00:00,9.62
8225,245,2023-11-27 08:00:00,2.44
8226,245,2023-11-27 16:00:00,1.71
8227,245,2023-11-28 00:00:00,8.56
8228,245,2023-11-28 08:00:00,7.1
8229,245,2023-11-28 16:00:00,7.27
8230,245,2023-11-29 00:00:00,5.18
8231,245,2023-11-29 08:00:00,7.38
8232,245,2023-11-29 16:00:00,7.85
8233,245,2023-11-30 00:00:00,9.9
8234,245,2023-11-30 08:00:00,6.07
8235,245,2023-11-30 16:00:00,7.08
8236,246,2023-10-01 00:00:00,9.47
8237,246,2023-10-01 08:00:00,1.71
8238,246,2023-10-01 16:00:00,2.96
8239,246,2023-10-02 00:00:00,6.34
8240,246,2023-10-02 08:00:00,2.48
8241,246,2023-10-02 16:00:00,7.12
8242,246,2023-10-03 00:00:00,8.81
8243,246,2023-10-03 08:00:00,9.19
8244,246,2023-10-03 16:00:00,2.78
8245,246,2023-10-04 00:00:00,2.83
8246,246,2023-10-04 08:00:00,5.06
8247,246,2023-10-04 16:00:00,9.62
8248,246,2023-10-05 00:00:00,6.06
8249,246,2023-10-05 08:00:00,2.63
8250,246,2023-10-05 16:00:00,6.53
8251,246,2023-10-06 00:00:00,1.09
8252,246,2023-10-06 08:00:00,6.04
8253,246,2023-10-06 16:00:00,2.93
8254,246,2023-10-07 00:00:00,8.68
8255,246,2023-10-07 08:00:00,4.39
8256,246,2023-10-07 16:00:00,5.2
8257,246,2023-10-08 00:00:00,1.8
8258,246,2023-10-08 08:00:00,0.7
8259,246,2023-10-08 16:00:00,5.29
8260,246,2023-10-09 00:00:00,8.33
8261,246,2023-10-09 08:00:00,7.77
8262,246,2023-10-09 16:00:00,3.81
8263,246,2023-10-10 00:00:00,7.57
8264,246,2023-10-10 08:00:00,6.79
8265,246,2023-10-10 16:00:00,6.01
8266,246,2023-10-11 00:00:00,6.48
8267,246,2023-10-11 08:00:00,9.39
8268,246,2023-10-11 16:00:00,6.53
8269,246,2023-10-12 00:00:00,1.75
8270,246,2023-10-12 08:00:00,3.76
8271,246,2023-10-12 16:00:00,9.64
8272,246,2023-10-13 00:00:00,2.78
8273,246,2023-10-13 08:00:00,9.4
8274,246,2023-10-13 16:00:00,6.94
8275,246,2023-10-14 00:00:00,3.1
8276,246,2023-10-14 08:00:00,9.16
8277,246,2023-10-14 16:00:00,1.83
8278,246,2023-10-15 00:00:00,7.44
8279,246,2023-10-15 08:00:00,8.35
8280,246,2023-10-15 16:00:00,2.75
8281,246,2023-10-16 00:00:00,8.43
8282,246,2023-10-16 08:00:00,8.59
8283,246,2023-10-16 16:00:00,3.57
8284,246,2023-10-17 00:00:00,8.4
8285,246,2023-10-17 08:00:00,4.77
8286,246,2023-10-17 16:00:00,1.29
8287,246,2023-10-18 00:00:00,7.56
8288,246,2023-10-18 08:00:00,6.26
8289,246,2023-10-18 16:00:00,2.52
8290,246,2023-10-19 00:00:00,7.89
8291,246,2023-10-19 08:00:00,8.18
8292,246,2023-10-19 16:00:00,9.52
8293,246,2023-10-20 00:00:00,5.5
8294,246,2023-10-20 08:00:00,8.66
8295,246,2023-10-20 16:00:00,9.56
8296,246,2023-10-21 00:00:00,9.32
8297,246,2023-10-21 08:00:00,8.94
8298,246,2023-10-21 16:00:00,3.9
8299,246,2023-10-22 00:00:00,7.72
8300,246,2023-10-22 08:00:00,9.64
8301,246,2023-10-22 16:00:00,6.54
8302,246,2023-10-23 00:00:00,8.23
8303,246,2023-10-23 08:00:00,9.06
8304,246,2023-10-23 16:00:00,9.97
8305,246,2023-10-24 00:00:00,3.52
8306,246,2023-10-24 08:00:00,0.52
8307,246,2023-10-24 16:00:00,8.78
8308,246,2023-10-25 00:00:00,6.98
8309,246,2023-10-25 08:00:00,1.15
8310,246,2023-10-25 16:00:00,6.44
8311,246,2023-10-26 00:00:00,2.57
8312,246,2023-10-26 08:00:00,5.11
8313,246,2023-10-26 16:00:00,9.39
8314,246,2023-10-27 00:00:00,9.73
8315,246,2023-10-27 08:00:00,0.85
8316,246,2023-10-27 16:00:00,9.61
8317,246,2023-10-28 00:00:00,9.3
8318,246,2023-10-28 08:00:00,2.89
8319,246,2023-10-28 16:00:00,9.35
8320,246,2023-10-29 00:00:00,2.93
8321,246,2023-10-29 08:00:00,3.29
8322,246,2023-10-29 16:00:00,9.4
8323,246,2023-10-30 00:00:00,5.51
8324,246,2023-10-30 08:00:00,9.06
8325,246,2023-10-30 16:00:00,6.56
8326,246,2023-10-31 00:00:00,9.08
8327,246,2023-10-31 08:00:00,0.56
8328,246,2023-10-31 16:00:00,4.63
8329,246,2023-11-01 00:00:00,8.23
8330,246,2023-11-01 08:00:00,2.16
8331,246,2023-11-01 16:00:00,9.6
8332,246,2023-11-02 00:00:00,9.15
8333,246,2023-11-02 08:00:00,8.6
8334,246,2023-11-02 16:00:00,7.22
8335,246,2023-11-03 00:00:00,8.13
8336,246,2023-11-03 08:00:00,2.36
8337,246,2023-11-03 16:00:00,0.98
8338,246,2023-11-04 00:00:00,7.14
8339,246,2023-11-04 08:00:00,6.28
8340,246,2023-11-04 16:00:00,8.47
8341,246,2023-11-05 00:00:00,2.51
8342,246,2023-11-05 08:00:00,1.39
8343,246,2023-11-05 16:00:00,8.49
8344,246,2023-11-06 00:00:00,7.66
8345,246,2023-11-06 08:00:00,5.54
8346,246,2023-11-06 16:00:00,5.81
8347,246,2023-11-07 00:00:00,8.18
8348,246,2023-11-07 08:00:00,5.33
8349,246,2023-11-07 16:00:00,3.63
8350,246,2023-11-08 00:00:00,8.71
8351,246,2023-11-08 08:00:00,2.67
8352,246,2023-11-08 16:00:00,9.58
8353,246,2023-11-09 00:00:00,4.61
8354,246,2023-11-09 08:00:00,1.46
8355,246,2023-11-09 16:00:00,5.84
8356,246,2023-11-10 00:00:00,3.44
8357,246,2023-11-10 08:00:00,9.41
8358,246,2023-11-10 16:00:00,4.74
8359,246,2023-11-11 00:00:00,3.37
8360,246,2023-11-11 08:00:00,3.13
8361,246,2023-11-11 16:00:00,6.19
8362,246,2023-11-12 00:00:00,0.9
8363,246,2023-11-12 08:00:00,1.92
8364,246,2023-11-12 16:00:00,1.6
8365,246,2023-11-13 00:00:00,7.86
8366,246,2023-11-13 08:00:00,6.01
8367,246,2023-11-13 16:00:00,6.56
8368,246,2023-11-14 00:00:00,2.95
8369,246,2023-11-14 08:00:00,9.36
8370,246,2023-11-14 16:00:00,1.21
8371,246,2023-11-15 00:00:00,9.75
8372,246,2023-11-15 08:00:00,7.52
8373,246,2023-11-15 16:00:00,1.8
8374,246,2023-11-16 00:00:00,4.63
8375,246,2023-11-16 08:00:00,8.37
8376,246,2023-11-16 16:00:00,7.24
8377,246,2023-11-17 00:00:00,4.15
8378,246,2023-11-17 08:00:00,2.66
8379,246,2023-11-17 16:00:00,4.48
8380,246,2023-11-18 00:00:00,9.32
8381,246,2023-11-18 08:00:00,7.64
8382,246,2023-11-18 16:00:00,2.65
8383,246,2023-11-19 00:00:00,1.02
8384,246,2023-11-19 08:00:00,9.2
8385,246,2023-11-19 16:00:00,5.89
8386,246,2023-11-20 00:00:00,0.73
8387,246,2023-11-20 08:00:00,5.73
8388,246,2023-11-20 16:00:00,1.56
8389,246,2023-11-21 00:00:00,7.24
8390,246,2023-11-21 08:00:00,4.26
8391,246,2023-11-21 16:00:00,9.06
8392,246,2023-11-22 00:00:00,1.1
8393,246,2023-11-22 08:00:00,3.78
8394,246,2023-11-22 16:00:00,8.44
8395,246,2023-11-23 00:00:00,6.11
8396,246,2023-11-23 08:00:00,4.55
8397,246,2023-11-23 16:00:00,5.02
8398,246,2023-11-24 00:00:00,8.06
8399,246,2023-11-24 08:00:00,6.59
8400,246,2023-11-24 16:00:00,1.64
8401,246,2023-11-25 00:00:00,3.68
8402,246,2023-11-25 08:00:00,5.47
8403,246,2023-11-25 16:00:00,8.28
8404,246,2023-11-26 00:00:00,9.12
8405,246,2023-11-26 08:00:00,6.77
8406,246,2023-11-26 16:00:00,7.47
8407,246,2023-11-27 00:00:00,8.89
8408,246,2023-11-27 08:00:00,9.06
8409,246,2023-11-27 16:00:00,5.89
8410,246,2023-11-28 00:00:00,8.11
8411,246,2023-11-28 08:00:00,7.68
8412,246,2023-11-28 16:00:00,2.49
8413,246,2023-11-29 00:00:00,8.9
8414,246,2023-11-29 08:00:00,9.87
8415,246,2023-11-29 16:00:00,3.07
8416,246,2023-11-30 00:00:00,5.61
8417,246,2023-11-30 08:00:00,7.42
8418,246,2023-11-30 16:00:00,0.93
8419,247,2023-10-01 00:00:00,5.96
8420,247,2023-10-01 08:00:00,0.89
8421,247,2023-10-01 16:00:00,6.24
8422,247,2023-10-02 00:00:00,3.67
8423,247,2023-10-02 08:00:00,5.95
8424,247,2023-10-02 16:00:00,1.14
8425,247,2023-10-03 00:00:00,8.48
8426,247,2023-10-03 08:00:00,2.2
8427,247,2023-10-03 16:00:00,7.8
8428,247,2023-10-04 00:00:00,1.14
8429,247,2023-10-04 08:00:00,5.68
8430,247,2023-10-04 16:00:00,0.86
8431,247,2023-10-05 00:00:00,4.54
8432,247,2023-10-05 08:00:00,4.09
8433,247,2023-10-05 16:00:00,6.4
8434,247,2023-10-06 00:00:00,2.69
8435,247,2023-10-06 08:00:00,5.71
8436,247,2023-10-06 16:00:00,6.57
8437,247,2023-10-07 00:00:00,2.9
8438,247,2023-10-07 08:00:00,6.14
8439,247,2023-10-07 16:00:00,5.44
8440,247,2023-10-08 00:00:00,3.22
8441,247,2023-10-08 08:00:00,7.11
8442,247,2023-10-08 16:00:00,6.76
8443,247,2023-10-09 00:00:00,9.25
8444,247,2023-10-09 08:00:00,6.0
8445,247,2023-10-09 16:00:00,6.72
8446,247,2023-10-10 00:00:00,8.73
8447,247,2023-10-10 08:00:00,9.56
8448,247,2023-10-10 16:00:00,9.65
8449,247,2023-10-11 00:00:00,9.36
8450,247,2023-10-11 08:00:00,1.36
8451,247,2023-10-11 16:00:00,1.65
8452,247,2023-10-12 00:00:00,3.94
8453,247,2023-10-12 08:00:00,2.69
8454,247,2023-10-12 16:00:00,2.8
8455,247,2023-10-13 00:00:00,5.68
8456,247,2023-10-13 08:00:00,9.42
8457,247,2023-10-13 16:00:00,7.01
8458,247,2023-10-14 00:00:00,9.64
8459,247,2023-10-14 08:00:00,3.0
8460,247,2023-10-14 16:00:00,7.27
8461,247,2023-10-15 00:00:00,9.16
8462,247,2023-10-15 08:00:00,3.68
8463,247,2023-10-15 16:00:00,8.94
8464,247,2023-10-16 00:00:00,0.92
8465,247,2023-10-16 08:00:00,8.98
8466,247,2023-10-16 16:00:00,8.5
8467,247,2023-10-17 00:00:00,7.79
8468,247,2023-10-17 08:00:00,6.73
8469,247,2023-10-17 16:00:00,2.27
8470,247,2023-10-18 00:00:00,1.55
8471,247,2023-10-18 08:00:00,4.2
8472,247,2023-10-18 16:00:00,3.67
8473,247,2023-10-19 00:00:00,4.71
8474,247,2023-10-19 08:00:00,8.31
8475,247,2023-10-19 16:00:00,7.2
8476,247,2023-10-20 00:00:00,4.71
8477,247,2023-10-20 08:00:00,4.05
8478,247,2023-10-20 16:00:00,9.63
8479,247,2023-10-21 00:00:00,1.09
8480,247,2023-10-21 08:00:00,6.51
8481,247,2023-10-21 16:00:00,6.39
8482,247,2023-10-22 00:00:00,7.46
8483,247,2023-10-22 08:00:00,7.01
8484,247,2023-10-22 16:00:00,3.7
8485,247,2023-10-23 00:00:00,8.37
8486,247,2023-10-23 08:00:00,1.58
8487,247,2023-10-23 16:00:00,6.19
8488,247,2023-10-24 00:00:00,6.46
8489,247,2023-10-24 08:00:00,0.71
8490,247,2023-10-24 16:00:00,8.27
8491,247,2023-10-25 00:00:00,9.75
8492,247,2023-10-25 08:00:00,7.6
8493,247,2023-10-25 16:00:00,7.11
8494,247,2023-10-26 00:00:00,5.31
8495,247,2023-10-26 08:00:00,1.93
8496,247,2023-10-26 16:00:00,3.42
8497,247,2023-10-27 00:00:00,9.43
8498,247,2023-10-27 08:00:00,1.64
8499,247,2023-10-27 16:00:00,8.95
8500,247,2023-10-28 00:00:00,2.28
8501,247,2023-10-28 08:00:00,1.71
8502,247,2023-10-28 16:00:00,3.2
8503,247,2023-10-29 00:00:00,7.32
8504,247,2023-10-29 08:00:00,9.74
8505,247,2023-10-29 16:00:00,8.64
8506,247,2023-10-30 00:00:00,7.14
8507,247,2023-10-30 08:00:00,8.61
8508,247,2023-10-30 16:00:00,6.15
8509,247,2023-10-31 00:00:00,8.44
8510,247,2023-10-31 08:00:00,1.87
8511,247,2023-10-31 16:00:00,6.19
8512,247,2023-11-01 00:00:00,6.36
8513,247,2023-11-01 08:00:00,8.83
8514,247,2023-11-01 16:00:00,2.46
8515,247,2023-11-02 00:00:00,2.9
8516,247,2023-11-02 08:00:00,3.67
8517,247,2023-11-02 16:00:00,6.33
8518,247,2023-11-03 00:00:00,7.19
8519,247,2023-11-03 08:00:00,3.12
8520,247,2023-11-03 16:00:00,7.32
8521,247,2023-11-04 00:00:00,5.35
8522,247,2023-11-04 08:00:00,9.52
8523,247,2023-11-04 16:00:00,9.19
8524,247,2023-11-05 00:00:00,9.65
8525,247,2023-11-05 08:00:00,0.62
8526,247,2023-11-05 16:00:00,3.83
8527,247,2023-11-06 00:00:00,6.53
8528,247,2023-11-06 08:00:00,9.23
8529,247,2023-11-06 16:00:00,8.1
8530,247,2023-11-07 00:00:00,8.52
8531,247,2023-11-07 08:00:00,3.56
8532,247,2023-11-07 16:00:00,8.78
8533,247,2023-11-08 00:00:00,3.72
8534,247,2023-11-08 08:00:00,9.72
8535,247,2023-11-08 16:00:00,2.44
8536,247,2023-11-09 00:00:00,4.76
8537,247,2023-11-09 08:00:00,8.5
8538,247,2023-11-09 16:00:00,9.05
8539,247,2023-11-10 00:00:00,7.9
8540,247,2023-11-10 08:00:00,3.04
8541,247,2023-11-10 16:00:00,1.32
8542,247,2023-11-11 00:00:00,1.49
8543,247,2023-11-11 08:00:00,6.62
8544,247,2023-11-11 16:00:00,2.99
8545,247,2023-11-12 00:00:00,5.71
8546,247,2023-11-12 08:00:00,3.88
8547,247,2023-11-12 16:00:00,8.9
8548,247,2023-11-13 00:00:00,1.93
8549,247,2023-11-13 08:00:00,1.75
8550,247,2023-11-13 16:00:00,4.06
8551,247,2023-11-14 00:00:00,4.76
8552,247,2023-11-14 08:00:00,9.36
8553,247,2023-11-14 16:00:00,9.66
8554,247,2023-11-15 00:00:00,9.77
8555,247,2023-11-15 08:00:00,7.98
8556,247,2023-11-15 16:00:00,7.25
8557,247,2023-11-16 00:00:00,5.07
8558,247,2023-11-16 08:00:00,2.64
8559,247,2023-11-16 16:00:00,4.58
8560,247,2023-11-17 00:00:00,6.42
8561,247,2023-11-17 08:00:00,7.37
8562,247,2023-11-17 16:00:00,4.38
8563,247,2023-11-18 00:00:00,6.03
8564,247,2023-11-18 08:00:00,0.99
8565,247,2023-11-18 16:00:00,5.68
8566,247,2023-11-19 00:00:00,2.59
8567,247,2023-11-19 08:00:00,1.19
8568,247,2023-11-19 16:00:00,6.68
8569,247,2023-11-20 00:00:00,6.75
8570,247,2023-11-20 08:00:00,7.07
8571,247,2023-11-20 16:00:00,1.89
8572,247,2023-11-21 00:00:00,0.92
8573,247,2023-11-21 08:00:00,4.3
8574,247,2023-11-21 16:00:00,5.68
8575,247,2023-11-22 00:00:00,9.66
8576,247,2023-11-22 08:00:00,9.47
8577,247,2023-11-22 16:00:00,7.06
8578,247,2023-11-23 00:00:00,8.66
8579,247,2023-11-23 08:00:00,1.31
8580,247,2023-11-23 16:00:00,7.27
8581,247,2023-11-24 00:00:00,8.94
8582,247,2023-11-24 08:00:00,4.48
8583,247,2023-11-24 16:00:00,4.82
8584,247,2023-11-25 00:00:00,5.32
8585,247,2023-11-25 08:00:00,5.28
8586,247,2023-11-25 16:00:00,4.32
8587,247,2023-11-26 00:00:00,5.34
8588,247,2023-11-26 08:00:00,2.92
8589,247,2023-11-26 16:00:00,3.31
8590,247,2023-11-27 00:00:00,3.24
8591,247,2023-11-27 08:00:00,4.83
8592,247,2023-11-27 16:00:00,9.93
8593,247,2023-11-28 00:00:00,4.69
8594,247,2023-11-28 08:00:00,1.04
8595,247,2023-11-28 16:00:00,6.11
8596,247,2023-11-29 00:00:00,9.56
8597,247,2023-11-29 08:00:00,0.92
8598,247,2023-11-29 16:00:00,2.67
8599,247,2023-11-30 00:00:00,4.27
8600,247,2023-11-30 08:00:00,1.25
8601,247,2023-11-30 16:00:00,5.58
8602,248,2023-10-01 00:00:00,9.11
8603,248,2023-10-01 08:00:00,6.88
8604,248,2023-10-01 16:00:00,6.65
8605,248,2023-10-02 00:00:00,0.56
8606,248,2023-10-02 08:00:00,3.97
8607,248,2023-10-02 16:00:00,4.06
8608,248,2023-10-03 00:00:00,6.42
8609,248,2023-10-03 08:00:00,7.03
8610,248,2023-10-03 16:00:00,7.86
8611,248,2023-10-04 00:00:00,3.99
8612,248,2023-10-04 08:00:00,4.46
8613,248,2023-10-04 16:00:00,4.52
8614,248,2023-10-05 00:00:00,1.92
8615,248,2023-10-05 08:00:00,0.91
8616,248,2023-10-05 16:00:00,8.11
8617,248,2023-10-06 00:00:00,7.64
8618,248,2023-10-06 08:00:00,9.08
8619,248,2023-10-06 16:00:00,3.31
8620,248,2023-10-07 00:00:00,7.02
8621,248,2023-10-07 08:00:00,9.12
8622,248,2023-10-07 16:00:00,1.84
8623,248,2023-10-08 00:00:00,3.14
8624,248,2023-10-08 08:00:00,3.67
8625,248,2023-10-08 16:00:00,5.21
8626,248,2023-10-09 00:00:00,3.61
8627,248,2023-10-09 08:00:00,9.35
8628,248,2023-10-09 16:00:00,3.76
8629,248,2023-10-10 00:00:00,7.22
8630,248,2023-10-10 08:00:00,9.92
8631,248,2023-10-10 16:00:00,9.22
8632,248,2023-10-11 00:00:00,2.54
8633,248,2023-10-11 08:00:00,4.28
8634,248,2023-10-11 16:00:00,7.66
8635,248,2023-10-12 00:00:00,2.95
8636,248,2023-10-12 08:00:00,1.2
8637,248,2023-10-12 16:00:00,8.81
8638,248,2023-10-13 00:00:00,2.95
8639,248,2023-10-13 08:00:00,0.91
8640,248,2023-10-13 16:00:00,3.15
8641,248,2023-10-14 00:00:00,9.71
8642,248,2023-10-14 08:00:00,9.8
8643,248,2023-10-14 16:00:00,9.93
8644,248,2023-10-15 00:00:00,1.8
8645,248,2023-10-15 08:00:00,4.89
8646,248,2023-10-15 16:00:00,1.3
8647,248,2023-10-16 00:00:00,4.75
8648,248,2023-10-16 08:00:00,9.91
8649,248,2023-10-16 16:00:00,5.03
8650,248,2023-10-17 00:00:00,5.88
8651,248,2023-10-17 08:00:00,3.9
8652,248,2023-10-17 16:00:00,1.46
8653,248,2023-10-18 00:00:00,6.24
8654,248,2023-10-18 08:00:00,5.02
8655,248,2023-10-18 16:00:00,2.85
8656,248,2023-10-19 00:00:00,9.34
8657,248,2023-10-19 08:00:00,8.09
8658,248,2023-10-19 16:00:00,9.65
8659,248,2023-10-20 00:00:00,4.66
8660,248,2023-10-20 08:00:00,6.4
8661,248,2023-10-20 16:00:00,3.68
8662,248,2023-10-21 00:00:00,6.78
8663,248,2023-10-21 08:00:00,8.84
8664,248,2023-10-21 16:00:00,3.33
8665,248,2023-10-22 00:00:00,7.5
8666,248,2023-10-22 08:00:00,7.24
8667,248,2023-10-22 16:00:00,1.5
8668,248,2023-10-23 00:00:00,5.25
8669,248,2023-10-23 08:00:00,5.88
8670,248,2023-10-23 16:00:00,8.93
8671,248,2023-10-24 00:00:00,2.47
8672,248,2023-10-24 08:00:00,3.45
8673,248,2023-10-24 16:00:00,1.0
8674,248,2023-10-25 00:00:00,1.2
8675,248,2023-10-25 08:00:00,8.57
8676,248,2023-10-25 16:00:00,7.29
8677,248,2023-10-26 00:00:00,6.12
8678,248,2023-10-26 08:00:00,3.08
8679,248,2023-10-26 16:00:00,5.35
8680,248,2023-10-27 00:00:00,7.62
8681,248,2023-10-27 08:00:00,1.73
8682,248,2023-10-27 16:00:00,7.0
8683,248,2023-10-28 00:00:00,7.18
8684,248,2023-10-28 08:00:00,9.1
8685,248,2023-10-28 16:00:00,9.69
8686,248,2023-10-29 00:00:00,9.92
8687,248,2023-10-29 08:00:00,5.38
8688,248,2023-10-29 16:00:00,8.17
8689,248,2023-10-30 00:00:00,0.62
8690,248,2023-10-30 08:00:00,3.86
8691,248,2023-10-30 16:00:00,5.83
8692,248,2023-10-31 00:00:00,7.27
8693,248,2023-10-31 08:00:00,6.72
8694,248,2023-10-31 16:00:00,7.61
8695,248,2023-11-01 00:00:00,9.37
8696,248,2023-11-01 08:00:00,6.96
8697,248,2023-11-01 16:00:00,4.78
8698,248,2023-11-02 00:00:00,2.11
8699,248,2023-11-02 08:00:00,9.66
8700,248,2023-11-02 16:00:00,1.93
8701,248,2023-11-03 00:00:00,1.52
8702,248,2023-11-03 08:00:00,4.19
8703,248,2023-11-03 16:00:00,5.18
8704,248,2023-11-04 00:00:00,7.23
8705,248,2023-11-04 08:00:00,8.59
8706,248,2023-11-04 16:00:00,5.16
8707,248,2023-11-05 00:00:00,2.13
8708,248,2023-11-05 08:00:00,3.46
8709,248,2023-11-05 16:00:00,0.87
8710,248,2023-11-06 00:00:00,5.05
8711,248,2023-11-06 08:00:00,3.57
8712,248,2023-11-06 16:00:00,6.72
8713,248,2023-11-07 00:00:00,2.05
8714,248,2023-11-07 08:00:00,4.51
8715,248,2023-11-07 16:00:00,4.47
8716,248,2023-11-08 00:00:00,7.88
8717,248,2023-11-08 08:00:00,6.1
8718,248,2023-11-08 16:00:00,3.38
8719,248,2023-11-09 00:00:00,5.58
8720,248,2023-11-09 08:00:00,9.4
8721,248,2023-11-09 16:00:00,3.48
8722,248,2023-11-10 00:00:00,3.05
8723,248,2023-11-10 08:00:00,3.63
8724,248,2023-11-10 16:00:00,5.92
8725,248,2023-11-11 00:00:00,2.01
8726,248,2023-11-11 08:00:00,8.63
8727,248,2023-11-11 16:00:00,9.71
8728,248,2023-11-12 00:00:00,9.86
8729,248,2023-11-12 08:00:00,5.5
8730,248,2023-11-12 16:00:00,6.12
8731,248,2023-11-13 00:00:00,9.49
8732,248,2023-11-13 08:00:00,3.74
8733,248,2023-11-13 16:00:00,5.4
8734,248,2023-11-14 00:00:00,3.07
8735,248,2023-11-14 08:00:00,1.61
8736,248,2023-11-14 16:00:00,2.29
8737,248,2023-11-15 00:00:00,3.58
8738,248,2023-11-15 08:00:00,2.88
8739,248,2023-11-15 16:00:00,6.13
8740,248,2023-11-16 00:00:00,8.56
8741,248,2023-11-16 08:00:00,6.93
8742,248,2023-11-16 16:00:00,6.64
8743,248,2023-11-17 00:00:00,6.09
8744,248,2023-11-17 08:00:00,8.5
8745,248,2023-11-17 16:00:00,8.13
8746,248,2023-11-18 00:00:00,3.79
8747,248,2023-11-18 08:00:00,2.93
8748,248,2023-11-18 16:00:00,7.42
8749,248,2023-11-19 00:00:00,2.15
8750,248,2023-11-19 08:00:00,5.36
8751,248,2023-11-19 16:00:00,5.56
8752,248,2023-11-20 00:00:00,5.31
8753,248,2023-11-20 08:00:00,3.56
8754,248,2023-11-20 16:00:00,6.66
8755,248,2023-11-21 00:00:00,2.87
8756,248,2023-11-21 08:00:00,5.49
8757,248,2023-11-21 16:00:00,7.89
8758,248,2023-11-22 00:00:00,1.63
8759,248,2023-11-22 08:00:00,6.17
8760,248,2023-11-22 16:00:00,6.22
8761,248,2023-11-23 00:00:00,1.4
8762,248,2023-11-23 08:00:00,0.92
8763,248,2023-11-23 16:00:00,5.16
8764,248,2023-11-24 00:00:00,9.39
8765,248,2023-11-24 08:00:00,3.45
8766,248,2023-11-24 16:00:00,7.48
8767,248,2023-11-25 00:00:00,1.76
8768,248,2023-11-25 08:00:00,9.43
8769,248,2023-11-25 16:00:00,9.68
8770,248,2023-11-26 00:00:00,3.01
8771,248,2023-11-26 08:00:00,9.89
8772,248,2023-11-26 16:00:00,5.7
8773,248,2023-11-27 00:00:00,3.25
8774,248,2023-11-27 08:00:00,0.58
8775,248,2023-11-27 16:00:00,5.45
8776,248,2023-11-28 00:00:00,5.96
8777,248,2023-11-28 08:00:00,0.93
8778,248,2023-11-28 16:00:00,0.75
8779,248,2023-11-29 00:00:00,8.7
8780,248,2023-11-29 08:00:00,1.62
8781,248,2023-11-29 16:00:00,7.96
8782,248,2023-11-30 00:00:00,8.66
8783,248,2023-11-30 08:00:00,7.12
8784,248,2023-11-30 16:00:00,6.72
8785,249,2023-10-01 00:00:00,2.49
8786,249,2023-10-01 08:00:00,8.88
8787,249,2023-10-01 16:00:00,6.75
8788,249,2023-10-02 00:00:00,0.58
8789,249,2023-10-02 08:00:00,8.53
8790,249,2023-10-02 16:00:00,4.39
8791,249,2023-10-03 00:00:00,7.41
8792,249,2023-10-03 08:00:00,4.4
8793,249,2023-10-03 16:00:00,0.51
8794,249,2023-10-04 00:00:00,7.65
8795,249,2023-10-04 08:00:00,7.03
8796,249,2023-10-04 16:00:00,6.49
8797,249,2023-10-05 00:00:00,5.62
8798,249,2023-10-05 08:00:00,8.89
8799,249,2023-10-05 16:00:00,1.46
8800,249,2023-10-06 00:00:00,8.56
8801,249,2023-10-06 08:00:00,1.66
8802,249,2023-10-06 16:00:00,8.78
8803,249,2023-10-07 00:00:00,3.61
8804,249,2023-10-07 08:00:00,4.45
8805,249,2023-10-07 16:00:00,4.46
8806,249,2023-10-08 00:00:00,5.29
8807,249,2023-10-08 08:00:00,3.02
8808,249,2023-10-08 16:00:00,2.44
8809,249,2023-10-09 00:00:00,2.65
8810,249,2023-10-09 08:00:00,6.92
8811,249,2023-10-09 16:00:00,6.06
8812,249,2023-10-10 00:00:00,4.79
8813,249,2023-10-10 08:00:00,4.14
8814,249,2023-10-10 16:00:00,7.22
8815,249,2023-10-11 00:00:00,1.57
8816,249,2023-10-11 08:00:00,3.02
8817,249,2023-10-11 16:00:00,2.62
8818,249,2023-10-12 00:00:00,1.92
8819,249,2023-10-12 08:00:00,8.54
8820,249,2023-10-12 16:00:00,9.27
8821,249,2023-10-13 00:00:00,9.28
8822,249,2023-10-13 08:00:00,5.84
8823,249,2023-10-13 16:00:00,9.06
8824,249,2023-10-14 00:00:00,2.44
8825,249,2023-10-14 08:00:00,8.46
8826,249,2023-10-14 16:00:00,9.77
8827,249,2023-10-15 00:00:00,4.37
8828,249,2023-10-15 08:00:00,4.4
8829,249,2023-10-15 16:00:00,4.57
8830,249,2023-10-16 00:00:00,4.06
8831,249,2023-10-16 08:00:00,5.22
8832,249,2023-10-16 16:00:00,9.92
8833,249,2023-10-17 00:00:00,1.82
8834,249,2023-10-17 08:00:00,4.2
8835,249,2023-10-17 16:00:00,7.62
8836,249,2023-10-18 00:00:00,5.51
8837,249,2023-10-18 08:00:00,3.56
8838,249,2023-10-18 16:00:00,4.73
8839,249,2023-10-19 00:00:00,6.06
8840,249,2023-10-19 08:00:00,3.91
8841,249,2023-10-19 16:00:00,7.66
8842,249,2023-10-20 00:00:00,8.37
8843,249,2023-10-20 08:00:00,9.24
8844,249,2023-10-20 16:00:00,7.87
8845,249,2023-10-21 00:00:00,6.31
8846,249,2023-10-21 08:00:00,9.38
8847,249,2023-10-21 16:00:00,0.85
8848,249,2023-10-22 00:00:00,0.65
8849,249,2023-10-22 08:00:00,8.88
8850,249,2023-10-22 16:00:00,4.11
8851,249,2023-10-23 00:00:00,1.92
8852,249,2023-10-23 08:00:00,6.64
8853,249,2023-10-23 16:00:00,3.73
8854,249,2023-10-24 00:00:00,7.25
8855,249,2023-10-24 08:00:00,1.89
8856,249,2023-10-24 16:00:00,5.18
8857,249,2023-10-25 00:00:00,8.19
8858,249,2023-10-25 08:00:00,8.92
8859,249,2023-10-25 16:00:00,0.56
8860,249,2023-10-26 00:00:00,2.76
8861,249,2023-10-26 08:00:00,9.43
8862,249,2023-10-26 16:00:00,9.47
8863,249,2023-10-27 00:00:00,1.41
8864,249,2023-10-27 08:00:00,0.95
8865,249,2023-10-27 16:00:00,1.47
8866,249,2023-10-28 00:00:00,7.67
8867,249,2023-10-28 08:00:00,9.21
8868,249,2023-10-28 16:00:00,5.35
8869,249,2023-10-29 00:00:00,5.11
8870,249,2023-10-29 08:00:00,0.78
8871,249,2023-10-29 16:00:00,9.81
8872,249,2023-10-30 00:00:00,7.17
8873,249,2023-10-30 08:00:00,9.74
8874,249,2023-10-30 16:00:00,4.63
8875,249,2023-10-31 00:00:00,1.56
8876,249,2023-10-31 08:00:00,8.99
8877,249,2023-10-31 16:00:00,4.13
8878,249,2023-11-01 00:00:00,4.11
8879,249,2023-11-01 08:00:00,1.24
8880,249,2023-11-01 16:00:00,1.65
8881,249,2023-11-02 00:00:00,9.78
8882,249,2023-11-02 08:00:00,2.92
8883,249,2023-11-02 16:00:00,2.31
8884,249,2023-11-03 00:00:00,9.12
8885,249,2023-11-03 08:00:00,5.44
8886,249,2023-11-03 16:00:00,5.56
8887,249,2023-11-04 00:00:00,7.85
8888,249,2023-11-04 08:00:00,7.05
8889,249,2023-11-04 16:00:00,1.94
8890,249,2023-11-05 00:00:00,9.36
8891,249,2023-11-05 08:00:00,2.48
8892,249,2023-11-05 16:00:00,9.73
8893,249,2023-11-06 00:00:00,7.1
8894,249,2023-11-06 08:00:00,2.28
8895,249,2023-11-06 16:00:00,1.4
8896,249,2023-11-07 00:00:00,3.95
8897,249,2023-11-07 08:00:00,0.97
8898,249,2023-11-07 16:00:00,1.61
8899,249,2023-11-08 00:00:00,4.09
8900,249,2023-11-08 08:00:00,7.32
8901,249,2023-11-08 16:00:00,9.33
8902,249,2023-11-09 00:00:00,6.97
8903,249,2023-11-09 08:00:00,2.96
8904,249,2023-11-09 16:00:00,8.83
8905,249,2023-11-10 00:00:00,2.56
8906,249,2023-11-10 08:00:00,9.47
8907,249,2023-11-10 16:00:00,3.64
8908,249,2023-11-11 00:00:00,3.98
8909,249,2023-11-11 08:00:00,4.38
8910,249,2023-11-11 16:00:00,5.03
8911,249,2023-11-12 00:00:00,1.64
8912,249,2023-11-12 08:00:00,0.53
8913,249,2023-11-12 16:00:00,2.17
8914,249,2023-11-13 00:00:00,6.07
8915,249,2023-11-13 08:00:00,1.12
8916,249,2023-11-13 16:00:00,0.74
8917,249,2023-11-14 00:00:00,2.47
8918,249,2023-11-14 08:00:00,5.84
8919,249,2023-11-14 16:00:00,5.51
8920,249,2023-11-15 00:00:00,6.11
8921,249,2023-11-15 08:00:00,9.53
8922,249,2023-11-15 16:00:00,8.75
8923,249,2023-11-16 00:00:00,5.05
8924,249,2023-11-16 08:00:00,1.67
8925,249,2023-11-16 16:00:00,8.96
8926,249,2023-11-17 00:00:00,5.86
8927,249,2023-11-17 08:00:00,5.3
8928,249,2023-11-17 16:00:00,2.28
8929,249,2023-11-18 00:00:00,2.08
8930,249,2023-11-18 08:00:00,9.25
8931,249,2023-11-18 16:00:00,3.47
8932,249,2023-11-19 00:00:00,7.74
8933,249,2023-11-19 08:00:00,1.1
8934,249,2023-11-19 16:00:00,9.51
8935,249,2023-11-20 00:00:00,7.25
8936,249,2023-11-20 08:00:00,8.71
8937,249,2023-11-20 16:00:00,9.1
8938,249,2023-11-21 00:00:00,6.41
8939,249,2023-11-21 08:00:00,8.14
8940,249,2023-11-21 16:00:00,1.47
8941,249,2023-11-22 00:00:00,9.26
8942,249,2023-11-22 08:00:00,7.97
8943,249,2023-11-22 16:00:00,8.34
8944,249,2023-11-23 00:00:00,2.64
8945,249,2023-11-23 08:00:00,8.97
8946,249,2023-11-23 16:00:00,7.85
8947,249,2023-11-24 00:00:00,6.14
8948,249,2023-11-24 08:00:00,1.75
8949,249,2023-11-24 16:00:00,9.03
8950,249,2023-11-25 00:00:00,5.56
8951,249,2023-11-25 08:00:00,5.17
8952,249,2023-11-25 16:00:00,9.56
8953,249,2023-11-26 00:00:00,5.58
8954,249,2023-11-26 08:00:00,1.76
8955,249,2023-11-26 16:00:00,2.08
8956,249,2023-11-27 00:00:00,3.69
8957,249,2023-11-27 08:00:00,0.51
8958,249,2023-11-27 16:00:00,6.23
8959,249,2023-11-28 00:00:00,6.53
8960,249,2023-11-28 08:00:00,2.42
8961,249,2023-11-28 16:00:00,6.5
8962,249,2023-11-29 00:00:00,2.09
8963,249,2023-11-29 08:00:00,6.46
8964,249,2023-11-29 16:00:00,1.85
8965,249,2023-11-30 00:00:00,5.8
8966,249,2023-11-30 08:00:00,7.3
8967,249,2023-11-30 16:00:00,9.29
8968,250,2023-10-01 00:00:00,2.06
8969,250,2023-10-01 08:00:00,8.39
8970,250,2023-10-01 16:00:00,3.92
8971,250,2023-10-02 00:00:00,3.27
8972,250,2023-10-02 08:00:00,1.77
8973,250,2023-10-02 16:00:00,1.59
8974,250,2023-10-03 00:00:00,7.07
8975,250,2023-10-03 08:00:00,1.09
8976,250,2023-10-03 16:00:00,8.68
8977,250,2023-10-04 00:00:00,2.94
8978,250,2023-10-04 08:00:00,7.12
8979,250,2023-10-04 16:00:00,4.52
8980,250,2023-10-05 00:00:00,5.0
8981,250,2023-10-05 08:00:00,1.73
8982,250,2023-10-05 16:00:00,8.76
8983,250,2023-10-06 00:00:00,7.48
8984,250,2023-10-06 08:00:00,9.48
8985,250,2023-10-06 16:00:00,3.99
8986,250,2023-10-07 00:00:00,4.99
8987,250,2023-10-07 08:00:00,4.87
8988,250,2023-10-07 16:00:00,9.15
8989,250,2023-10-08 00:00:00,5.2
8990,250,2023-10-08 08:00:00,2.18
8991,250,2023-10-08 16:00:00,8.19
8992,250,2023-10-09 00:00:00,5.1
8993,250,2023-10-09 08:00:00,1.23
8994,250,2023-10-09 16:00:00,0.59
8995,250,2023-10-10 00:00:00,1.39
8996,250,2023-10-10 08:00:00,7.25
8997,250,2023-10-10 16:00:00,5.01
8998,250,2023-10-11 00:00:00,5.74
8999,250,2023-10-11 08:00:00,1.29
9000,250,2023-10-11 16:00:00,4.81
9001,250,2023-10-12 00:00:00,9.89
9002,250,2023-10-12 08:00:00,4.43
9003,250,2023-10-12 16:00:00,7.49
9004,250,2023-10-13 00:00:00,3.51
9005,250,2023-10-13 08:00:00,2.23
9006,250,2023-10-13 16:00:00,6.75
9007,250,2023-10-14 00:00:00,1.79
9008,250,2023-10-14 08:00:00,9.91
9009,250,2023-10-14 16:00:00,1.46
9010,250,2023-10-15 00:00:00,9.45
9011,250,2023-10-15 08:00:00,3.27
9012,250,2023-10-15 16:00:00,8.17
9013,250,2023-10-16 00:00:00,1.14
9014,250,2023-10-16 08:00:00,5.94
9015,250,2023-10-16 16:00:00,5.79
9016,250,2023-10-17 00:00:00,4.73
9017,250,2023-10-17 08:00:00,8.57
9018,250,2023-10-17 16:00:00,5.7
9019,250,2023-10-18 00:00:00,6.81
9020,250,2023-10-18 08:00:00,5.75
9021,250,2023-10-18 16:00:00,6.8
9022,250,2023-10-19 00:00:00,2.75
9023,250,2023-10-19 08:00:00,4.84
9024,250,2023-10-19 16:00:00,2.91
9025,250,2023-10-20 00:00:00,2.15
9026,250,2023-10-20 08:00:00,5.8
9027,250,2023-10-20 16:00:00,9.54
9028,250,2023-10-21 00:00:00,7.49
9029,250,2023-10-21 08:00:00,8.66
9030,250,2023-10-21 16:00:00,5.24
9031,250,2023-10-22 00:00:00,9.83
9032,250,2023-10-22 08:00:00,2.23
9033,250,2023-10-22 16:00:00,5.92
9034,250,2023-10-23 00:00:00,9.65
9035,250,2023-10-23 08:00:00,6.78
9036,250,2023-10-23 16:00:00,7.48
9037,250,2023-10-24 00:00:00,5.51
9038,250,2023-10-24 08:00:00,9.36
9039,250,2023-10-24 16:00:00,5.3
9040,250,2023-10-25 00:00:00,3.0
9041,250,2023-10-25 08:00:00,6.11
9042,250,2023-10-25 16:00:00,4.65
9043,250,2023-10-26 00:00:00,4.91
9044,250,2023-10-26 08:00:00,3.24
9045,250,2023-10-26 16:00:00,4.72
9046,250,2023-10-27 00:00:00,0.89
9047,250,2023-10-27 08:00:00,6.68
9048,250,2023-10-27 16:00:00,9.66
9049,250,2023-10-28 00:00:00,5.8
9050,250,2023-10-28 08:00:00,1.77
9051,250,2023-10-28 16:00:00,8.33
9052,250,2023-10-29 00:00:00,8.32
9053,250,2023-10-29 08:00:00,6.87
9054,250,2023-10-29 16:00:00,2.47
9055,250,2023-10-30 00:00:00,2.47
9056,250,2023-10-30 08:00:00,6.36
9057,250,2023-10-30 16:00:00,2.46
9058,250,2023-10-31 00:00:00,6.45
9059,250,2023-10-31 08:00:00,1.44
9060,250,2023-10-31 16:00:00,9.72
9061,250,2023-11-01 00:00:00,6.95
9062,250,2023-11-01 08:00:00,7.4
9063,250,2023-11-01 16:00:00,5.04
9064,250,2023-11-02 00:00:00,7.32
9065,250,2023-11-02 08:00:00,8.64
9066,250,2023-11-02 16:00:00,8.55
9067,250,2023-11-03 00:00:00,2.19
9068,250,2023-11-03 08:00:00,2.59
9069,250,2023-11-03 16:00:00,9.03
9070,250,2023-11-04 00:00:00,4.54
9071,250,2023-11-04 08:00:00,8.14
9072,250,2023-11-04 16:00:00,6.91
9073,250,2023-11-05 00:00:00,6.74
9074,250,2023-11-05 08:00:00,1.31
9075,250,2023-11-05 16:00:00,6.28
9076,250,2023-11-06 00:00:00,8.48
9077,250,2023-11-06 08:00:00,1.25
9078,250,2023-11-06 16:00:00,5.93
9079,250,2023-11-07 00:00:00,1.98
9080,250,2023-11-07 08:00:00,5.62
9081,250,2023-11-07 16:00:00,2.4
9082,250,2023-11-08 00:00:00,6.29
9083,250,2023-11-08 08:00:00,7.27
9084,250,2023-11-08 16:00:00,4.09
9085,250,2023-11-09 00:00:00,8.41
9086,250,2023-11-09 08:00:00,6.05
9087,250,2023-11-09 16:00:00,4.69
9088,250,2023-11-10 00:00:00,9.9
9089,250,2023-11-10 08:00:00,8.32
9090,250,2023-11-10 16:00:00,6.79
9091,250,2023-11-11 00:00:00,5.76
9092,250,2023-11-11 08:00:00,2.46
9093,250,2023-11-11 16:00:00,6.72
9094,250,2023-11-12 00:00:00,7.63
9095,250,2023-11-12 08:00:00,4.64
9096,250,2023-11-12 16:00:00,9.61
9097,250,2023-11-13 00:00:00,9.81
9098,250,2023-11-13 08:00:00,7.89
9099,250,2023-11-13 16:00:00,4.39
9100,250,2023-11-14 00:00:00,5.83
9101,250,2023-11-14 08:00:00,2.08
9102,250,2023-11-14 16:00:00,3.1
9103,250,2023-11-15 00:00:00,2.23
9104,250,2023-11-15 08:00:00,8.45
9105,250,2023-11-15 16:00:00,9.2
9106,250,2023-11-16 00:00:00,7.87
9107,250,2023-11-16 08:00:00,8.49
9108,250,2023-11-16 16:00:00,6.97
9109,250,2023-11-17 00:00:00,9.68
9110,250,2023-11-17 08:00:00,2.21
9111,250,2023-11-17 16:00:00,1.42
9112,250,2023-11-18 00:00:00,2.92
9113,250,2023-11-18 08:00:00,9.87
9114,250,2023-11-18 16:00:00,4.15
9115,250,2023-11-19 00:00:00,4.93
9116,250,2023-11-19 08:00:00,7.89
9117,250,2023-11-19 16:00:00,5.9
9118,250,2023-11-20 00:00:00,1.66
9119,250,2023-11-20 08:00:00,2.05
9120,250,2023-11-20 16:00:00,2.38
9121,250,2023-11-21 00:00:00,2.26
9122,250,2023-11-21 08:00:00,0.57
9123,250,2023-11-21 16:00:00,1.87
9124,250,2023-11-22 00:00:00,5.98
9125,250,2023-11-22 08:00:00,7.96
9126,250,2023-11-22 16:00:00,8.18
9127,250,2023-11-23 00:00:00,7.76
9128,250,2023-11-23 08:00:00,1.67
9129,250,2023-11-23 16:00:00,8.17
9130,250,2023-11-24 00:00:00,5.93
9131,250,2023-11-24 08:00:00,2.8
9132,250,2023-11-24 16:00:00,7.79
9133,250,2023-11-25 00:00:00,7.0
9134,250,2023-11-25 08:00:00,7.91
9135,250,2023-11-25 16:00:00,5.14
9136,250,2023-11-26 00:00:00,5.03
9137,250,2023-11-26 08:00:00,7.12
9138,250,2023-11-26 16:00:00,1.14
9139,250,2023-11-27 00:00:00,0.74
9140,250,2023-11-27 08:00:00,7.33
9141,250,2023-11-27 16:00:00,1.35
9142,250,2023-11-28 00:00:00,6.3
9143,250,2023-11-28 08:00:00,0.84
9144,250,2023-11-28 16:00:00,9.86
9145,250,2023-11-29 00:00:00,5.14
9146,250,2023-11-29 08:00:00,9.99
9147,250,2023-11-29 16:00:00,3.74
9148,250,2023-11-30 00:00:00,9.58
9149,250,2023-11-30 08:00:00,8.74
9150,250,2023-11-30 16:00:00,0.87
